[    4787ms] [INFO] %cDownload the React DevTools for a better development experience: https://react.dev/link/react-devtools font-weight:bold @ webpack-internal:///(app-pages-browser)/./node_modules/.pnpm/next@15.5.14_@babel+core@7.29.0_@playwright+test@1.52.0_react-dom@19.1.0_react@19.1.0__react@19.1.0/node_modules/next/dist/compiled/react-dom/cjs/react-dom-client.development.js:25630
[    5076ms] [ERROR] Failed to load resource: the server responded with a status of 404 (Not Found) @ http://localhost:3000/favicon.ico:0
[    5730ms] [LOG] [Fast Refresh] rebuilding @ webpack-internal:///(app-pages-browser)/./node_modules/.pnpm/next@15.5.14_@babel+core@7.29.0_@playwright+test@1.52.0_react-dom@19.1.0_react@19.1.0__react@19.1.0/node_modules/next/dist/client/dev/hot-reloader/app/hot-reloader-app.js:196
[    5774ms] [LOG] [Fast Refresh] done in 44ms @ webpack-internal:///(app-pages-browser)/./node_modules/.pnpm/next@15.5.14_@babel+core@7.29.0_@playwright+test@1.52.0_react-dom@19.1.0_react@19.1.0__react@19.1.0/node_modules/next/dist/client/dev/report-hmr-latency.js:13
[    6175ms] [LOG] [Fast Refresh] rebuilding @ webpack-internal:///(app-pages-browser)/./node_modules/.pnpm/next@15.5.14_@babel+core@7.29.0_@playwright+test@1.52.0_react-dom@19.1.0_react@19.1.0__react@19.1.0/node_modules/next/dist/client/dev/hot-reloader/app/hot-reloader-app.js:196
[    6347ms] [LOG] [Fast Refresh] done in 173ms @ webpack-internal:///(app-pages-browser)/./node_modules/.pnpm/next@15.5.14_@babel+core@7.29.0_@playwright+test@1.52.0_react-dom@19.1.0_react@19.1.0__react@19.1.0/node_modules/next/dist/client/dev/report-hmr-latency.js:13
[    6626ms] [LOG] [Fast Refresh] rebuilding @ webpack-internal:///(app-pages-browser)/./node_modules/.pnpm/next@15.5.14_@babel+core@7.29.0_@playwright+test@1.52.0_react-dom@19.1.0_react@19.1.0__react@19.1.0/node_modules/next/dist/client/dev/hot-reloader/app/hot-reloader-app.js:196
[    6646ms] [LOG] [Fast Refresh] done in 20ms @ webpack-internal:///(app-pages-browser)/./node_modules/.pnpm/next@15.5.14_@babel+core@7.29.0_@playwright+test@1.52.0_react-dom@19.1.0_react@19.1.0__react@19.1.0/node_modules/next/dist/client/dev/report-hmr-latency.js:13
[    6800ms] [LOG] [Fast Refresh] rebuilding @ webpack-internal:///(app-pages-browser)/./node_modules/.pnpm/next@15.5.14_@babel+core@7.29.0_@playwright+test@1.52.0_react-dom@19.1.0_react@19.1.0__react@19.1.0/node_modules/next/dist/client/dev/hot-reloader/app/hot-reloader-app.js:196
[    6917ms] [LOG] [Fast Refresh] done in 117ms @ webpack-internal:///(app-pages-browser)/./node_modules/.pnpm/next@15.5.14_@babel+core@7.29.0_@playwright+test@1.52.0_react-dom@19.1.0_react@19.1.0__react@19.1.0/node_modules/next/dist/client/dev/report-hmr-latency.js:13
[    6976ms] [LOG] [Fast Refresh] rebuilding @ webpack-internal:///(app-pages-browser)/./node_modules/.pnpm/next@15.5.14_@babel+core@7.29.0_@playwright+test@1.52.0_react-dom@19.1.0_react@19.1.0__react@19.1.0/node_modules/next/dist/client/dev/hot-reloader/app/hot-reloader-app.js:196
[    7006ms] [LOG] [Fast Refresh] done in 29ms @ webpack-internal:///(app-pages-browser)/./node_modules/.pnpm/next@15.5.14_@babel+core@7.29.0_@playwright+test@1.52.0_react-dom@19.1.0_react@19.1.0__react@19.1.0/node_modules/next/dist/client/dev/report-hmr-latency.js:13
[    7431ms] [LOG] [Fast Refresh] rebuilding @ webpack-internal:///(app-pages-browser)/./node_modules/.pnpm/next@15.5.14_@babel+core@7.29.0_@playwright+test@1.52.0_react-dom@19.1.0_react@19.1.0__react@19.1.0/node_modules/next/dist/client/dev/hot-reloader/app/hot-reloader-app.js:196
[    7452ms] [LOG] [Fast Refresh] done in 20ms @ webpack-internal:///(app-pages-browser)/./node_modules/.pnpm/next@15.5.14_@babel+core@7.29.0_@playwright+test@1.52.0_react-dom@19.1.0_react@19.1.0__react@19.1.0/node_modules/next/dist/client/dev/report-hmr-latency.js:13
[    7758ms] [LOG] [Fast Refresh] rebuilding @ webpack-internal:///(app-pages-browser)/./node_modules/.pnpm/next@15.5.14_@babel+core@7.29.0_@playwright+test@1.52.0_react-dom@19.1.0_react@19.1.0__react@19.1.0/node_modules/next/dist/client/dev/hot-reloader/app/hot-reloader-app.js:196
[    7791ms] [LOG] [Fast Refresh] done in 34ms @ webpack-internal:///(app-pages-browser)/./node_modules/.pnpm/next@15.5.14_@babel+core@7.29.0_@playwright+test@1.52.0_react-dom@19.1.0_react@19.1.0__react@19.1.0/node_modules/next/dist/client/dev/report-hmr-latency.js:13
[    8005ms] [LOG] [Fast Refresh] rebuilding @ webpack-internal:///(app-pages-browser)/./node_modules/.pnpm/next@15.5.14_@babel+core@7.29.0_@playwright+test@1.52.0_react-dom@19.1.0_react@19.1.0__react@19.1.0/node_modules/next/dist/client/dev/hot-reloader/app/hot-reloader-app.js:196
[    8023ms] [LOG] [Fast Refresh] done in 17ms @ webpack-internal:///(app-pages-browser)/./node_modules/.pnpm/next@15.5.14_@babel+core@7.29.0_@playwright+test@1.52.0_react-dom@19.1.0_react@19.1.0__react@19.1.0/node_modules/next/dist/client/dev/report-hmr-latency.js:13
[    8266ms] [LOG] [Fast Refresh] rebuilding @ webpack-internal:///(app-pages-browser)/./node_modules/.pnpm/next@15.5.14_@babel+core@7.29.0_@playwright+test@1.52.0_react-dom@19.1.0_react@19.1.0__react@19.1.0/node_modules/next/dist/client/dev/hot-reloader/app/hot-reloader-app.js:196
[    8292ms] [LOG] [Fast Refresh] done in 27ms @ webpack-internal:///(app-pages-browser)/./node_modules/.pnpm/next@15.5.14_@babel+core@7.29.0_@playwright+test@1.52.0_react-dom@19.1.0_react@19.1.0__react@19.1.0/node_modules/next/dist/client/dev/report-hmr-latency.js:13
[    8569ms] [LOG] [Fast Refresh] rebuilding @ webpack-internal:///(app-pages-browser)/./node_modules/.pnpm/next@15.5.14_@babel+core@7.29.0_@playwright+test@1.52.0_react-dom@19.1.0_react@19.1.0__react@19.1.0/node_modules/next/dist/client/dev/hot-reloader/app/hot-reloader-app.js:196
[    8605ms] [LOG] [Fast Refresh] done in 37ms @ webpack-internal:///(app-pages-browser)/./node_modules/.pnpm/next@15.5.14_@babel+core@7.29.0_@playwright+test@1.52.0_react-dom@19.1.0_react@19.1.0__react@19.1.0/node_modules/next/dist/client/dev/report-hmr-latency.js:13
[    8750ms] [LOG] [Fast Refresh] rebuilding @ webpack-internal:///(app-pages-browser)/./node_modules/.pnpm/next@15.5.14_@babel+core@7.29.0_@playwright+test@1.52.0_react-dom@19.1.0_react@19.1.0__react@19.1.0/node_modules/next/dist/client/dev/hot-reloader/app/hot-reloader-app.js:196
[    8772ms] [LOG] [Fast Refresh] done in 21ms @ webpack-internal:///(app-pages-browser)/./node_modules/.pnpm/next@15.5.14_@babel+core@7.29.0_@playwright+test@1.52.0_react-dom@19.1.0_react@19.1.0__react@19.1.0/node_modules/next/dist/client/dev/report-hmr-latency.js:13
[    8917ms] [LOG] [Fast Refresh] rebuilding @ webpack-internal:///(app-pages-browser)/./node_modules/.pnpm/next@15.5.14_@babel+core@7.29.0_@playwright+test@1.52.0_react-dom@19.1.0_react@19.1.0__react@19.1.0/node_modules/next/dist/client/dev/hot-reloader/app/hot-reloader-app.js:196
[    8951ms] [LOG] [Fast Refresh] done in 33ms @ webpack-internal:///(app-pages-browser)/./node_modules/.pnpm/next@15.5.14_@babel+core@7.29.0_@playwright+test@1.52.0_react-dom@19.1.0_react@19.1.0__react@19.1.0/node_modules/next/dist/client/dev/report-hmr-latency.js:13
[    9090ms] [LOG] [Fast Refresh] rebuilding @ webpack-internal:///(app-pages-browser)/./node_modules/.pnpm/next@15.5.14_@babel+core@7.29.0_@playwright+test@1.52.0_react-dom@19.1.0_react@19.1.0__react@19.1.0/node_modules/next/dist/client/dev/hot-reloader/app/hot-reloader-app.js:196
[    9106ms] [LOG] [Fast Refresh] done in 16ms @ webpack-internal:///(app-pages-browser)/./node_modules/.pnpm/next@15.5.14_@babel+core@7.29.0_@playwright+test@1.52.0_react-dom@19.1.0_react@19.1.0__react@19.1.0/node_modules/next/dist/client/dev/report-hmr-latency.js:13
[    9246ms] [LOG] [Fast Refresh] rebuilding @ webpack-internal:///(app-pages-browser)/./node_modules/.pnpm/next@15.5.14_@babel+core@7.29.0_@playwright+test@1.52.0_react-dom@19.1.0_react@19.1.0__react@19.1.0/node_modules/next/dist/client/dev/hot-reloader/app/hot-reloader-app.js:196
[    9251ms] [LOG] [Fast Refresh] done in 5ms @ webpack-internal:///(app-pages-browser)/./node_modules/.pnpm/next@15.5.14_@babel+core@7.29.0_@playwright+test@1.52.0_react-dom@19.1.0_react@19.1.0__react@19.1.0/node_modules/next/dist/client/dev/report-hmr-latency.js:13
[    9398ms] [LOG] [Fast Refresh] rebuilding @ webpack-internal:///(app-pages-browser)/./node_modules/.pnpm/next@15.5.14_@babel+core@7.29.0_@playwright+test@1.52.0_react-dom@19.1.0_react@19.1.0__react@19.1.0/node_modules/next/dist/client/dev/hot-reloader/app/hot-reloader-app.js:196
[    9402ms] [LOG] [Fast Refresh] done in 5ms @ webpack-internal:///(app-pages-browser)/./node_modules/.pnpm/next@15.5.14_@babel+core@7.29.0_@playwright+test@1.52.0_react-dom@19.1.0_react@19.1.0__react@19.1.0/node_modules/next/dist/client/dev/report-hmr-latency.js:13
[    9584ms] [LOG] [Fast Refresh] rebuilding @ webpack-internal:///(app-pages-browser)/./node_modules/.pnpm/next@15.5.14_@babel+core@7.29.0_@playwright+test@1.52.0_react-dom@19.1.0_react@19.1.0__react@19.1.0/node_modules/next/dist/client/dev/hot-reloader/app/hot-reloader-app.js:196
[    9603ms] [LOG] [Fast Refresh] done in 19ms @ webpack-internal:///(app-pages-browser)/./node_modules/.pnpm/next@15.5.14_@babel+core@7.29.0_@playwright+test@1.52.0_react-dom@19.1.0_react@19.1.0__react@19.1.0/node_modules/next/dist/client/dev/report-hmr-latency.js:13
[    9755ms] [LOG] [Fast Refresh] rebuilding @ webpack-internal:///(app-pages-browser)/./node_modules/.pnpm/next@15.5.14_@babel+core@7.29.0_@playwright+test@1.52.0_react-dom@19.1.0_react@19.1.0__react@19.1.0/node_modules/next/dist/client/dev/hot-reloader/app/hot-reloader-app.js:196
[    9776ms] [LOG] [Fast Refresh] done in 22ms @ webpack-internal:///(app-pages-browser)/./node_modules/.pnpm/next@15.5.14_@babel+core@7.29.0_@playwright+test@1.52.0_react-dom@19.1.0_react@19.1.0__react@19.1.0/node_modules/next/dist/client/dev/report-hmr-latency.js:13
[    9933ms] [LOG] [Fast Refresh] rebuilding @ webpack-internal:///(app-pages-browser)/./node_modules/.pnpm/next@15.5.14_@babel+core@7.29.0_@playwright+test@1.52.0_react-dom@19.1.0_react@19.1.0__react@19.1.0/node_modules/next/dist/client/dev/hot-reloader/app/hot-reloader-app.js:196
[    9958ms] [LOG] [Fast Refresh] done in 26ms @ webpack-internal:///(app-pages-browser)/./node_modules/.pnpm/next@15.5.14_@babel+core@7.29.0_@playwright+test@1.52.0_react-dom@19.1.0_react@19.1.0__react@19.1.0/node_modules/next/dist/client/dev/report-hmr-latency.js:13
[   10128ms] [LOG] [Fast Refresh] rebuilding @ webpack-internal:///(app-pages-browser)/./node_modules/.pnpm/next@15.5.14_@babel+core@7.29.0_@playwright+test@1.52.0_react-dom@19.1.0_react@19.1.0__react@19.1.0/node_modules/next/dist/client/dev/hot-reloader/app/hot-reloader-app.js:196
[   10149ms] [LOG] [Fast Refresh] done in 21ms @ webpack-internal:///(app-pages-browser)/./node_modules/.pnpm/next@15.5.14_@babel+core@7.29.0_@playwright+test@1.52.0_react-dom@19.1.0_react@19.1.0__react@19.1.0/node_modules/next/dist/client/dev/report-hmr-latency.js:13
[   10456ms] [LOG] [Fast Refresh] rebuilding @ webpack-internal:///(app-pages-browser)/./node_modules/.pnpm/next@15.5.14_@babel+core@7.29.0_@playwright+test@1.52.0_react-dom@19.1.0_react@19.1.0__react@19.1.0/node_modules/next/dist/client/dev/hot-reloader/app/hot-reloader-app.js:196
[   10460ms] [LOG] [Fast Refresh] done in 5ms @ webpack-internal:///(app-pages-browser)/./node_modules/.pnpm/next@15.5.14_@babel+core@7.29.0_@playwright+test@1.52.0_react-dom@19.1.0_react@19.1.0__react@19.1.0/node_modules/next/dist/client/dev/report-hmr-latency.js:13
[   10612ms] [LOG] [Fast Refresh] rebuilding @ webpack-internal:///(app-pages-browser)/./node_modules/.pnpm/next@15.5.14_@babel+core@7.29.0_@playwright+test@1.52.0_react-dom@19.1.0_react@19.1.0__react@19.1.0/node_modules/next/dist/client/dev/hot-reloader/app/hot-reloader-app.js:196
[   10629ms] [LOG] [Fast Refresh] done in 17ms @ webpack-internal:///(app-pages-browser)/./node_modules/.pnpm/next@15.5.14_@babel+core@7.29.0_@playwright+test@1.52.0_react-dom@19.1.0_react@19.1.0__react@19.1.0/node_modules/next/dist/client/dev/report-hmr-latency.js:13
[   10773ms] [LOG] [Fast Refresh] rebuilding @ webpack-internal:///(app-pages-browser)/./node_modules/.pnpm/next@15.5.14_@babel+core@7.29.0_@playwright+test@1.52.0_react-dom@19.1.0_react@19.1.0__react@19.1.0/node_modules/next/dist/client/dev/hot-reloader/app/hot-reloader-app.js:196
[   10778ms] [LOG] [Fast Refresh] done in 5ms @ webpack-internal:///(app-pages-browser)/./node_modules/.pnpm/next@15.5.14_@babel+core@7.29.0_@playwright+test@1.52.0_react-dom@19.1.0_react@19.1.0__react@19.1.0/node_modules/next/dist/client/dev/report-hmr-latency.js:13
[   10931ms] [LOG] [Fast Refresh] rebuilding @ webpack-internal:///(app-pages-browser)/./node_modules/.pnpm/next@15.5.14_@babel+core@7.29.0_@playwright+test@1.52.0_react-dom@19.1.0_react@19.1.0__react@19.1.0/node_modules/next/dist/client/dev/hot-reloader/app/hot-reloader-app.js:196
[   10935ms] [LOG] [Fast Refresh] done in 5ms @ webpack-internal:///(app-pages-browser)/./node_modules/.pnpm/next@15.5.14_@babel+core@7.29.0_@playwright+test@1.52.0_react-dom@19.1.0_react@19.1.0__react@19.1.0/node_modules/next/dist/client/dev/report-hmr-latency.js:13
[   11135ms] [LOG] [Fast Refresh] rebuilding @ webpack-internal:///(app-pages-browser)/./node_modules/.pnpm/next@15.5.14_@babel+core@7.29.0_@playwright+test@1.52.0_react-dom@19.1.0_react@19.1.0__react@19.1.0/node_modules/next/dist/client/dev/hot-reloader/app/hot-reloader-app.js:196
[   11158ms] [LOG] [Fast Refresh] done in 24ms @ webpack-internal:///(app-pages-browser)/./node_modules/.pnpm/next@15.5.14_@babel+core@7.29.0_@playwright+test@1.52.0_react-dom@19.1.0_react@19.1.0__react@19.1.0/node_modules/next/dist/client/dev/report-hmr-latency.js:13
[   11324ms] [LOG] [Fast Refresh] rebuilding @ webpack-internal:///(app-pages-browser)/./node_modules/.pnpm/next@15.5.14_@babel+core@7.29.0_@playwright+test@1.52.0_react-dom@19.1.0_react@19.1.0__react@19.1.0/node_modules/next/dist/client/dev/hot-reloader/app/hot-reloader-app.js:196
[   11352ms] [LOG] [Fast Refresh] done in 29ms @ webpack-internal:///(app-pages-browser)/./node_modules/.pnpm/next@15.5.14_@babel+core@7.29.0_@playwright+test@1.52.0_react-dom@19.1.0_react@19.1.0__react@19.1.0/node_modules/next/dist/client/dev/report-hmr-latency.js:13
[   11509ms] [LOG] [Fast Refresh] rebuilding @ webpack-internal:///(app-pages-browser)/./node_modules/.pnpm/next@15.5.14_@babel+core@7.29.0_@playwright+test@1.52.0_react-dom@19.1.0_react@19.1.0__react@19.1.0/node_modules/next/dist/client/dev/hot-reloader/app/hot-reloader-app.js:196
[   11543ms] [LOG] [Fast Refresh] done in 33ms @ webpack-internal:///(app-pages-browser)/./node_modules/.pnpm/next@15.5.14_@babel+core@7.29.0_@playwright+test@1.52.0_react-dom@19.1.0_react@19.1.0__react@19.1.0/node_modules/next/dist/client/dev/report-hmr-latency.js:13
[   11732ms] [LOG] [Fast Refresh] rebuilding @ webpack-internal:///(app-pages-browser)/./node_modules/.pnpm/next@15.5.14_@babel+core@7.29.0_@playwright+test@1.52.0_react-dom@19.1.0_react@19.1.0__react@19.1.0/node_modules/next/dist/client/dev/hot-reloader/app/hot-reloader-app.js:196
[   11751ms] [LOG] [Fast Refresh] done in 20ms @ webpack-internal:///(app-pages-browser)/./node_modules/.pnpm/next@15.5.14_@babel+core@7.29.0_@playwright+test@1.52.0_react-dom@19.1.0_react@19.1.0__react@19.1.0/node_modules/next/dist/client/dev/report-hmr-latency.js:13
[   11935ms] [LOG] [Fast Refresh] rebuilding @ webpack-internal:///(app-pages-browser)/./node_modules/.pnpm/next@15.5.14_@babel+core@7.29.0_@playwright+test@1.52.0_react-dom@19.1.0_react@19.1.0__react@19.1.0/node_modules/next/dist/client/dev/hot-reloader/app/hot-reloader-app.js:196
[   11975ms] [LOG] [Fast Refresh] done in 39ms @ webpack-internal:///(app-pages-browser)/./node_modules/.pnpm/next@15.5.14_@babel+core@7.29.0_@playwright+test@1.52.0_react-dom@19.1.0_react@19.1.0__react@19.1.0/node_modules/next/dist/client/dev/report-hmr-latency.js:13
[   12152ms] [LOG] [Fast Refresh] rebuilding @ webpack-internal:///(app-pages-browser)/./node_modules/.pnpm/next@15.5.14_@babel+core@7.29.0_@playwright+test@1.52.0_react-dom@19.1.0_react@19.1.0__react@19.1.0/node_modules/next/dist/client/dev/hot-reloader/app/hot-reloader-app.js:196
[   12193ms] [LOG] [Fast Refresh] done in 40ms @ webpack-internal:///(app-pages-browser)/./node_modules/.pnpm/next@15.5.14_@babel+core@7.29.0_@playwright+test@1.52.0_react-dom@19.1.0_react@19.1.0__react@19.1.0/node_modules/next/dist/client/dev/report-hmr-latency.js:13
[   12358ms] [LOG] [Fast Refresh] rebuilding @ webpack-internal:///(app-pages-browser)/./node_modules/.pnpm/next@15.5.14_@babel+core@7.29.0_@playwright+test@1.52.0_react-dom@19.1.0_react@19.1.0__react@19.1.0/node_modules/next/dist/client/dev/hot-reloader/app/hot-reloader-app.js:196
[   12406ms] [LOG] [Fast Refresh] done in 48ms @ webpack-internal:///(app-pages-browser)/./node_modules/.pnpm/next@15.5.14_@babel+core@7.29.0_@playwright+test@1.52.0_react-dom@19.1.0_react@19.1.0__react@19.1.0/node_modules/next/dist/client/dev/report-hmr-latency.js:13
[   12635ms] [LOG] [Fast Refresh] rebuilding @ webpack-internal:///(app-pages-browser)/./node_modules/.pnpm/next@15.5.14_@babel+core@7.29.0_@playwright+test@1.52.0_react-dom@19.1.0_react@19.1.0__react@19.1.0/node_modules/next/dist/client/dev/hot-reloader/app/hot-reloader-app.js:196
[   12670ms] [LOG] [Fast Refresh] done in 34ms @ webpack-internal:///(app-pages-browser)/./node_modules/.pnpm/next@15.5.14_@babel+core@7.29.0_@playwright+test@1.52.0_react-dom@19.1.0_react@19.1.0__react@19.1.0/node_modules/next/dist/client/dev/report-hmr-latency.js:13
[   12825ms] [LOG] [Fast Refresh] rebuilding @ webpack-internal:///(app-pages-browser)/./node_modules/.pnpm/next@15.5.14_@babel+core@7.29.0_@playwright+test@1.52.0_react-dom@19.1.0_react@19.1.0__react@19.1.0/node_modules/next/dist/client/dev/hot-reloader/app/hot-reloader-app.js:196
[   12849ms] [LOG] [Fast Refresh] done in 24ms @ webpack-internal:///(app-pages-browser)/./node_modules/.pnpm/next@15.5.14_@babel+core@7.29.0_@playwright+test@1.52.0_react-dom@19.1.0_react@19.1.0__react@19.1.0/node_modules/next/dist/client/dev/report-hmr-latency.js:13
[   12986ms] [LOG] [Fast Refresh] rebuilding @ webpack-internal:///(app-pages-browser)/./node_modules/.pnpm/next@15.5.14_@babel+core@7.29.0_@playwright+test@1.52.0_react-dom@19.1.0_react@19.1.0__react@19.1.0/node_modules/next/dist/client/dev/hot-reloader/app/hot-reloader-app.js:196
[   13006ms] [LOG] [Fast Refresh] done in 20ms @ webpack-internal:///(app-pages-browser)/./node_modules/.pnpm/next@15.5.14_@babel+core@7.29.0_@playwright+test@1.52.0_react-dom@19.1.0_react@19.1.0__react@19.1.0/node_modules/next/dist/client/dev/report-hmr-latency.js:13
[   13145ms] [LOG] [Fast Refresh] rebuilding @ webpack-internal:///(app-pages-browser)/./node_modules/.pnpm/next@15.5.14_@babel+core@7.29.0_@playwright+test@1.52.0_react-dom@19.1.0_react@19.1.0__react@19.1.0/node_modules/next/dist/client/dev/hot-reloader/app/hot-reloader-app.js:196
[   13165ms] [LOG] [Fast Refresh] done in 20ms @ webpack-internal:///(app-pages-browser)/./node_modules/.pnpm/next@15.5.14_@babel+core@7.29.0_@playwright+test@1.52.0_react-dom@19.1.0_react@19.1.0__react@19.1.0/node_modules/next/dist/client/dev/report-hmr-latency.js:13
[   13323ms] [LOG] [Fast Refresh] rebuilding @ webpack-internal:///(app-pages-browser)/./node_modules/.pnpm/next@15.5.14_@babel+core@7.29.0_@playwright+test@1.52.0_react-dom@19.1.0_react@19.1.0__react@19.1.0/node_modules/next/dist/client/dev/hot-reloader/app/hot-reloader-app.js:196
[   13343ms] [LOG] [Fast Refresh] done in 21ms @ webpack-internal:///(app-pages-browser)/./node_modules/.pnpm/next@15.5.14_@babel+core@7.29.0_@playwright+test@1.52.0_react-dom@19.1.0_react@19.1.0__react@19.1.0/node_modules/next/dist/client/dev/report-hmr-latency.js:13
[   13521ms] [LOG] [Fast Refresh] rebuilding @ webpack-internal:///(app-pages-browser)/./node_modules/.pnpm/next@15.5.14_@babel+core@7.29.0_@playwright+test@1.52.0_react-dom@19.1.0_react@19.1.0__react@19.1.0/node_modules/next/dist/client/dev/hot-reloader/app/hot-reloader-app.js:196
[   13539ms] [LOG] [Fast Refresh] done in 17ms @ webpack-internal:///(app-pages-browser)/./node_modules/.pnpm/next@15.5.14_@babel+core@7.29.0_@playwright+test@1.52.0_react-dom@19.1.0_react@19.1.0__react@19.1.0/node_modules/next/dist/client/dev/report-hmr-latency.js:13
[   13691ms] [LOG] [Fast Refresh] rebuilding @ webpack-internal:///(app-pages-browser)/./node_modules/.pnpm/next@15.5.14_@babel+core@7.29.0_@playwright+test@1.52.0_react-dom@19.1.0_react@19.1.0__react@19.1.0/node_modules/next/dist/client/dev/hot-reloader/app/hot-reloader-app.js:196
[   13716ms] [LOG] [Fast Refresh] done in 24ms @ webpack-internal:///(app-pages-browser)/./node_modules/.pnpm/next@15.5.14_@babel+core@7.29.0_@playwright+test@1.52.0_react-dom@19.1.0_react@19.1.0__react@19.1.0/node_modules/next/dist/client/dev/report-hmr-latency.js:13
[   13860ms] [LOG] [Fast Refresh] rebuilding @ webpack-internal:///(app-pages-browser)/./node_modules/.pnpm/next@15.5.14_@babel+core@7.29.0_@playwright+test@1.52.0_react-dom@19.1.0_react@19.1.0__react@19.1.0/node_modules/next/dist/client/dev/hot-reloader/app/hot-reloader-app.js:196
[   13883ms] [LOG] [Fast Refresh] done in 23ms @ webpack-internal:///(app-pages-browser)/./node_modules/.pnpm/next@15.5.14_@babel+core@7.29.0_@playwright+test@1.52.0_react-dom@19.1.0_react@19.1.0__react@19.1.0/node_modules/next/dist/client/dev/report-hmr-latency.js:13
[   14202ms] [LOG] [Fast Refresh] rebuilding @ webpack-internal:///(app-pages-browser)/./node_modules/.pnpm/next@15.5.14_@babel+core@7.29.0_@playwright+test@1.52.0_react-dom@19.1.0_react@19.1.0__react@19.1.0/node_modules/next/dist/client/dev/hot-reloader/app/hot-reloader-app.js:196
[   14419ms] [LOG] [Fast Refresh] done in 216ms @ webpack-internal:///(app-pages-browser)/./node_modules/.pnpm/next@15.5.14_@babel+core@7.29.0_@playwright+test@1.52.0_react-dom@19.1.0_react@19.1.0__react@19.1.0/node_modules/next/dist/client/dev/report-hmr-latency.js:13
[   14877ms] [LOG] [Fast Refresh] rebuilding @ webpack-internal:///(app-pages-browser)/./node_modules/.pnpm/next@15.5.14_@babel+core@7.29.0_@playwright+test@1.52.0_react-dom@19.1.0_react@19.1.0__react@19.1.0/node_modules/next/dist/client/dev/hot-reloader/app/hot-reloader-app.js:196
[   14941ms] [LOG] [Fast Refresh] done in 64ms @ webpack-internal:///(app-pages-browser)/./node_modules/.pnpm/next@15.5.14_@babel+core@7.29.0_@playwright+test@1.52.0_react-dom@19.1.0_react@19.1.0__react@19.1.0/node_modules/next/dist/client/dev/report-hmr-latency.js:13
[   15230ms] [LOG] [Fast Refresh] rebuilding @ webpack-internal:///(app-pages-browser)/./node_modules/.pnpm/next@15.5.14_@babel+core@7.29.0_@playwright+test@1.52.0_react-dom@19.1.0_react@19.1.0__react@19.1.0/node_modules/next/dist/client/dev/hot-reloader/app/hot-reloader-app.js:196
[   15256ms] [LOG] [Fast Refresh] done in 26ms @ webpack-internal:///(app-pages-browser)/./node_modules/.pnpm/next@15.5.14_@babel+core@7.29.0_@playwright+test@1.52.0_react-dom@19.1.0_react@19.1.0__react@19.1.0/node_modules/next/dist/client/dev/report-hmr-latency.js:13
[   15442ms] [LOG] [Fast Refresh] rebuilding @ webpack-internal:///(app-pages-browser)/./node_modules/.pnpm/next@15.5.14_@babel+core@7.29.0_@playwright+test@1.52.0_react-dom@19.1.0_react@19.1.0__react@19.1.0/node_modules/next/dist/client/dev/hot-reloader/app/hot-reloader-app.js:196
[   15464ms] [LOG] [Fast Refresh] done in 22ms @ webpack-internal:///(app-pages-browser)/./node_modules/.pnpm/next@15.5.14_@babel+core@7.29.0_@playwright+test@1.52.0_react-dom@19.1.0_react@19.1.0__react@19.1.0/node_modules/next/dist/client/dev/report-hmr-latency.js:13
[   15765ms] [LOG] [Fast Refresh] rebuilding @ webpack-internal:///(app-pages-browser)/./node_modules/.pnpm/next@15.5.14_@babel+core@7.29.0_@playwright+test@1.52.0_react-dom@19.1.0_react@19.1.0__react@19.1.0/node_modules/next/dist/client/dev/hot-reloader/app/hot-reloader-app.js:196
[   15791ms] [LOG] [Fast Refresh] done in 25ms @ webpack-internal:///(app-pages-browser)/./node_modules/.pnpm/next@15.5.14_@babel+core@7.29.0_@playwright+test@1.52.0_react-dom@19.1.0_react@19.1.0__react@19.1.0/node_modules/next/dist/client/dev/report-hmr-latency.js:13
[   16256ms] [LOG] [Fast Refresh] rebuilding @ webpack-internal:///(app-pages-browser)/./node_modules/.pnpm/next@15.5.14_@babel+core@7.29.0_@playwright+test@1.52.0_react-dom@19.1.0_react@19.1.0__react@19.1.0/node_modules/next/dist/client/dev/hot-reloader/app/hot-reloader-app.js:196
[   16325ms] [LOG] [Fast Refresh] done in 69ms @ webpack-internal:///(app-pages-browser)/./node_modules/.pnpm/next@15.5.14_@babel+core@7.29.0_@playwright+test@1.52.0_react-dom@19.1.0_react@19.1.0__react@19.1.0/node_modules/next/dist/client/dev/report-hmr-latency.js:13
[   17221ms] [LOG] [Fast Refresh] rebuilding @ webpack-internal:///(app-pages-browser)/./node_modules/.pnpm/next@15.5.14_@babel+core@7.29.0_@playwright+test@1.52.0_react-dom@19.1.0_react@19.1.0__react@19.1.0/node_modules/next/dist/client/dev/hot-reloader/app/hot-reloader-app.js:196
[   17627ms] [LOG] [Fast Refresh] done in 406ms @ webpack-internal:///(app-pages-browser)/./node_modules/.pnpm/next@15.5.14_@babel+core@7.29.0_@playwright+test@1.52.0_react-dom@19.1.0_react@19.1.0__react@19.1.0/node_modules/next/dist/client/dev/report-hmr-latency.js:13
[   18222ms] [LOG] [Fast Refresh] rebuilding @ webpack-internal:///(app-pages-browser)/./node_modules/.pnpm/next@15.5.14_@babel+core@7.29.0_@playwright+test@1.52.0_react-dom@19.1.0_react@19.1.0__react@19.1.0/node_modules/next/dist/client/dev/hot-reloader/app/hot-reloader-app.js:196
[   18289ms] [LOG] [Fast Refresh] done in 67ms @ webpack-internal:///(app-pages-browser)/./node_modules/.pnpm/next@15.5.14_@babel+core@7.29.0_@playwright+test@1.52.0_react-dom@19.1.0_react@19.1.0__react@19.1.0/node_modules/next/dist/client/dev/report-hmr-latency.js:13
[   18688ms] [LOG] [Fast Refresh] rebuilding @ webpack-internal:///(app-pages-browser)/./node_modules/.pnpm/next@15.5.14_@babel+core@7.29.0_@playwright+test@1.52.0_react-dom@19.1.0_react@19.1.0__react@19.1.0/node_modules/next/dist/client/dev/hot-reloader/app/hot-reloader-app.js:196
[   18730ms] [LOG] [Fast Refresh] done in 41ms @ webpack-internal:///(app-pages-browser)/./node_modules/.pnpm/next@15.5.14_@babel+core@7.29.0_@playwright+test@1.52.0_react-dom@19.1.0_react@19.1.0__react@19.1.0/node_modules/next/dist/client/dev/report-hmr-latency.js:13
[   19021ms] [LOG] [Fast Refresh] rebuilding @ webpack-internal:///(app-pages-browser)/./node_modules/.pnpm/next@15.5.14_@babel+core@7.29.0_@playwright+test@1.52.0_react-dom@19.1.0_react@19.1.0__react@19.1.0/node_modules/next/dist/client/dev/hot-reloader/app/hot-reloader-app.js:196
[   19054ms] [LOG] [Fast Refresh] done in 32ms @ webpack-internal:///(app-pages-browser)/./node_modules/.pnpm/next@15.5.14_@babel+core@7.29.0_@playwright+test@1.52.0_react-dom@19.1.0_react@19.1.0__react@19.1.0/node_modules/next/dist/client/dev/report-hmr-latency.js:13
[   19328ms] [LOG] [Fast Refresh] rebuilding @ webpack-internal:///(app-pages-browser)/./node_modules/.pnpm/next@15.5.14_@babel+core@7.29.0_@playwright+test@1.52.0_react-dom@19.1.0_react@19.1.0__react@19.1.0/node_modules/next/dist/client/dev/hot-reloader/app/hot-reloader-app.js:196
[   19374ms] [LOG] [Fast Refresh] done in 46ms @ webpack-internal:///(app-pages-browser)/./node_modules/.pnpm/next@15.5.14_@babel+core@7.29.0_@playwright+test@1.52.0_react-dom@19.1.0_react@19.1.0__react@19.1.0/node_modules/next/dist/client/dev/report-hmr-latency.js:13
[   19588ms] [LOG] [Fast Refresh] rebuilding @ webpack-internal:///(app-pages-browser)/./node_modules/.pnpm/next@15.5.14_@babel+core@7.29.0_@playwright+test@1.52.0_react-dom@19.1.0_react@19.1.0__react@19.1.0/node_modules/next/dist/client/dev/hot-reloader/app/hot-reloader-app.js:196
[   19613ms] [LOG] [Fast Refresh] done in 25ms @ webpack-internal:///(app-pages-browser)/./node_modules/.pnpm/next@15.5.14_@babel+core@7.29.0_@playwright+test@1.52.0_react-dom@19.1.0_react@19.1.0__react@19.1.0/node_modules/next/dist/client/dev/report-hmr-latency.js:13
[   19810ms] [LOG] [Fast Refresh] rebuilding @ webpack-internal:///(app-pages-browser)/./node_modules/.pnpm/next@15.5.14_@babel+core@7.29.0_@playwright+test@1.52.0_react-dom@19.1.0_react@19.1.0__react@19.1.0/node_modules/next/dist/client/dev/hot-reloader/app/hot-reloader-app.js:196
[   19872ms] [LOG] [Fast Refresh] done in 62ms @ webpack-internal:///(app-pages-browser)/./node_modules/.pnpm/next@15.5.14_@babel+core@7.29.0_@playwright+test@1.52.0_react-dom@19.1.0_react@19.1.0__react@19.1.0/node_modules/next/dist/client/dev/report-hmr-latency.js:13
[   20055ms] [LOG] [Fast Refresh] rebuilding @ webpack-internal:///(app-pages-browser)/./node_modules/.pnpm/next@15.5.14_@babel+core@7.29.0_@playwright+test@1.52.0_react-dom@19.1.0_react@19.1.0__react@19.1.0/node_modules/next/dist/client/dev/hot-reloader/app/hot-reloader-app.js:196
[   20075ms] [LOG] [Fast Refresh] done in 21ms @ webpack-internal:///(app-pages-browser)/./node_modules/.pnpm/next@15.5.14_@babel+core@7.29.0_@playwright+test@1.52.0_react-dom@19.1.0_react@19.1.0__react@19.1.0/node_modules/next/dist/client/dev/report-hmr-latency.js:13
[   20257ms] [LOG] [Fast Refresh] rebuilding @ webpack-internal:///(app-pages-browser)/./node_modules/.pnpm/next@15.5.14_@babel+core@7.29.0_@playwright+test@1.52.0_react-dom@19.1.0_react@19.1.0__react@19.1.0/node_modules/next/dist/client/dev/hot-reloader/app/hot-reloader-app.js:196
[   20287ms] [LOG] [Fast Refresh] done in 30ms @ webpack-internal:///(app-pages-browser)/./node_modules/.pnpm/next@15.5.14_@babel+core@7.29.0_@playwright+test@1.52.0_react-dom@19.1.0_react@19.1.0__react@19.1.0/node_modules/next/dist/client/dev/report-hmr-latency.js:13
[   20451ms] [LOG] [Fast Refresh] rebuilding @ webpack-internal:///(app-pages-browser)/./node_modules/.pnpm/next@15.5.14_@babel+core@7.29.0_@playwright+test@1.52.0_react-dom@19.1.0_react@19.1.0__react@19.1.0/node_modules/next/dist/client/dev/hot-reloader/app/hot-reloader-app.js:196
[   20474ms] [LOG] [Fast Refresh] done in 23ms @ webpack-internal:///(app-pages-browser)/./node_modules/.pnpm/next@15.5.14_@babel+core@7.29.0_@playwright+test@1.52.0_react-dom@19.1.0_react@19.1.0__react@19.1.0/node_modules/next/dist/client/dev/report-hmr-latency.js:13
[   20656ms] [LOG] [Fast Refresh] rebuilding @ webpack-internal:///(app-pages-browser)/./node_modules/.pnpm/next@15.5.14_@babel+core@7.29.0_@playwright+test@1.52.0_react-dom@19.1.0_react@19.1.0__react@19.1.0/node_modules/next/dist/client/dev/hot-reloader/app/hot-reloader-app.js:196
[   20693ms] [LOG] [Fast Refresh] done in 36ms @ webpack-internal:///(app-pages-browser)/./node_modules/.pnpm/next@15.5.14_@babel+core@7.29.0_@playwright+test@1.52.0_react-dom@19.1.0_react@19.1.0__react@19.1.0/node_modules/next/dist/client/dev/report-hmr-latency.js:13
[   20877ms] [LOG] [Fast Refresh] rebuilding @ webpack-internal:///(app-pages-browser)/./node_modules/.pnpm/next@15.5.14_@babel+core@7.29.0_@playwright+test@1.52.0_react-dom@19.1.0_react@19.1.0__react@19.1.0/node_modules/next/dist/client/dev/hot-reloader/app/hot-reloader-app.js:196
[   20910ms] [LOG] [Fast Refresh] done in 34ms @ webpack-internal:///(app-pages-browser)/./node_modules/.pnpm/next@15.5.14_@babel+core@7.29.0_@playwright+test@1.52.0_react-dom@19.1.0_react@19.1.0__react@19.1.0/node_modules/next/dist/client/dev/report-hmr-latency.js:13
[   21151ms] [LOG] [Fast Refresh] rebuilding @ webpack-internal:///(app-pages-browser)/./node_modules/.pnpm/next@15.5.14_@babel+core@7.29.0_@playwright+test@1.52.0_react-dom@19.1.0_react@19.1.0__react@19.1.0/node_modules/next/dist/client/dev/hot-reloader/app/hot-reloader-app.js:196
[   21183ms] [LOG] [Fast Refresh] done in 32ms @ webpack-internal:///(app-pages-browser)/./node_modules/.pnpm/next@15.5.14_@babel+core@7.29.0_@playwright+test@1.52.0_react-dom@19.1.0_react@19.1.0__react@19.1.0/node_modules/next/dist/client/dev/report-hmr-latency.js:13
[   21396ms] [LOG] [Fast Refresh] rebuilding @ webpack-internal:///(app-pages-browser)/./node_modules/.pnpm/next@15.5.14_@babel+core@7.29.0_@playwright+test@1.52.0_react-dom@19.1.0_react@19.1.0__react@19.1.0/node_modules/next/dist/client/dev/hot-reloader/app/hot-reloader-app.js:196
[   21419ms] [LOG] [Fast Refresh] done in 23ms @ webpack-internal:///(app-pages-browser)/./node_modules/.pnpm/next@15.5.14_@babel+core@7.29.0_@playwright+test@1.52.0_react-dom@19.1.0_react@19.1.0__react@19.1.0/node_modules/next/dist/client/dev/report-hmr-latency.js:13
[   21626ms] [LOG] [Fast Refresh] rebuilding @ webpack-internal:///(app-pages-browser)/./node_modules/.pnpm/next@15.5.14_@babel+core@7.29.0_@playwright+test@1.52.0_react-dom@19.1.0_react@19.1.0__react@19.1.0/node_modules/next/dist/client/dev/hot-reloader/app/hot-reloader-app.js:196
[   21655ms] [LOG] [Fast Refresh] done in 30ms @ webpack-internal:///(app-pages-browser)/./node_modules/.pnpm/next@15.5.14_@babel+core@7.29.0_@playwright+test@1.52.0_react-dom@19.1.0_react@19.1.0__react@19.1.0/node_modules/next/dist/client/dev/report-hmr-latency.js:13
[   21904ms] [LOG] [Fast Refresh] rebuilding @ webpack-internal:///(app-pages-browser)/./node_modules/.pnpm/next@15.5.14_@babel+core@7.29.0_@playwright+test@1.52.0_react-dom@19.1.0_react@19.1.0__react@19.1.0/node_modules/next/dist/client/dev/hot-reloader/app/hot-reloader-app.js:196
[   21949ms] [LOG] [Fast Refresh] done in 45ms @ webpack-internal:///(app-pages-browser)/./node_modules/.pnpm/next@15.5.14_@babel+core@7.29.0_@playwright+test@1.52.0_react-dom@19.1.0_react@19.1.0__react@19.1.0/node_modules/next/dist/client/dev/report-hmr-latency.js:13
[   22297ms] [LOG] [Fast Refresh] rebuilding @ webpack-internal:///(app-pages-browser)/./node_modules/.pnpm/next@15.5.14_@babel+core@7.29.0_@playwright+test@1.52.0_react-dom@19.1.0_react@19.1.0__react@19.1.0/node_modules/next/dist/client/dev/hot-reloader/app/hot-reloader-app.js:196
[   22347ms] [LOG] [Fast Refresh] done in 49ms @ webpack-internal:///(app-pages-browser)/./node_modules/.pnpm/next@15.5.14_@babel+core@7.29.0_@playwright+test@1.52.0_react-dom@19.1.0_react@19.1.0__react@19.1.0/node_modules/next/dist/client/dev/report-hmr-latency.js:13
[   22772ms] [LOG] [Fast Refresh] rebuilding @ webpack-internal:///(app-pages-browser)/./node_modules/.pnpm/next@15.5.14_@babel+core@7.29.0_@playwright+test@1.52.0_react-dom@19.1.0_react@19.1.0__react@19.1.0/node_modules/next/dist/client/dev/hot-reloader/app/hot-reloader-app.js:196
[   22834ms] [LOG] [Fast Refresh] done in 62ms @ webpack-internal:///(app-pages-browser)/./node_modules/.pnpm/next@15.5.14_@babel+core@7.29.0_@playwright+test@1.52.0_react-dom@19.1.0_react@19.1.0__react@19.1.0/node_modules/next/dist/client/dev/report-hmr-latency.js:13
[   23407ms] [LOG] [Fast Refresh] rebuilding @ webpack-internal:///(app-pages-browser)/./node_modules/.pnpm/next@15.5.14_@babel+core@7.29.0_@playwright+test@1.52.0_react-dom@19.1.0_react@19.1.0__react@19.1.0/node_modules/next/dist/client/dev/hot-reloader/app/hot-reloader-app.js:196
[   23600ms] [LOG] [Fast Refresh] done in 194ms @ webpack-internal:///(app-pages-browser)/./node_modules/.pnpm/next@15.5.14_@babel+core@7.29.0_@playwright+test@1.52.0_react-dom@19.1.0_react@19.1.0__react@19.1.0/node_modules/next/dist/client/dev/report-hmr-latency.js:13
[   24200ms] [LOG] [Fast Refresh] rebuilding @ webpack-internal:///(app-pages-browser)/./node_modules/.pnpm/next@15.5.14_@babel+core@7.29.0_@playwright+test@1.52.0_react-dom@19.1.0_react@19.1.0__react@19.1.0/node_modules/next/dist/client/dev/hot-reloader/app/hot-reloader-app.js:196
[   24332ms] [LOG] [Fast Refresh] done in 132ms @ webpack-internal:///(app-pages-browser)/./node_modules/.pnpm/next@15.5.14_@babel+core@7.29.0_@playwright+test@1.52.0_react-dom@19.1.0_react@19.1.0__react@19.1.0/node_modules/next/dist/client/dev/report-hmr-latency.js:13
[   24863ms] [LOG] [Fast Refresh] rebuilding @ webpack-internal:///(app-pages-browser)/./node_modules/.pnpm/next@15.5.14_@babel+core@7.29.0_@playwright+test@1.52.0_react-dom@19.1.0_react@19.1.0__react@19.1.0/node_modules/next/dist/client/dev/hot-reloader/app/hot-reloader-app.js:196
[   24939ms] [LOG] [Fast Refresh] done in 75ms @ webpack-internal:///(app-pages-browser)/./node_modules/.pnpm/next@15.5.14_@babel+core@7.29.0_@playwright+test@1.52.0_react-dom@19.1.0_react@19.1.0__react@19.1.0/node_modules/next/dist/client/dev/report-hmr-latency.js:13
[   25745ms] [LOG] [Fast Refresh] rebuilding @ webpack-internal:///(app-pages-browser)/./node_modules/.pnpm/next@15.5.14_@babel+core@7.29.0_@playwright+test@1.52.0_react-dom@19.1.0_react@19.1.0__react@19.1.0/node_modules/next/dist/client/dev/hot-reloader/app/hot-reloader-app.js:196
[   26023ms] [LOG] [Fast Refresh] done in 277ms @ webpack-internal:///(app-pages-browser)/./node_modules/.pnpm/next@15.5.14_@babel+core@7.29.0_@playwright+test@1.52.0_react-dom@19.1.0_react@19.1.0__react@19.1.0/node_modules/next/dist/client/dev/report-hmr-latency.js:13
[   27100ms] [LOG] [Fast Refresh] rebuilding @ webpack-internal:///(app-pages-browser)/./node_modules/.pnpm/next@15.5.14_@babel+core@7.29.0_@playwright+test@1.52.0_react-dom@19.1.0_react@19.1.0__react@19.1.0/node_modules/next/dist/client/dev/hot-reloader/app/hot-reloader-app.js:196
[   27243ms] [LOG] [Fast Refresh] done in 142ms @ webpack-internal:///(app-pages-browser)/./node_modules/.pnpm/next@15.5.14_@babel+core@7.29.0_@playwright+test@1.52.0_react-dom@19.1.0_react@19.1.0__react@19.1.0/node_modules/next/dist/client/dev/report-hmr-latency.js:13
[   29093ms] [LOG] [Fast Refresh] rebuilding @ webpack-internal:///(app-pages-browser)/./node_modules/.pnpm/next@15.5.14_@babel+core@7.29.0_@playwright+test@1.52.0_react-dom@19.1.0_react@19.1.0__react@19.1.0/node_modules/next/dist/client/dev/hot-reloader/app/hot-reloader-app.js:196
[   29776ms] [LOG] [Fast Refresh] done in 684ms @ webpack-internal:///(app-pages-browser)/./node_modules/.pnpm/next@15.5.14_@babel+core@7.29.0_@playwright+test@1.52.0_react-dom@19.1.0_react@19.1.0__react@19.1.0/node_modules/next/dist/client/dev/report-hmr-latency.js:13
[   31194ms] [LOG] [Fast Refresh] rebuilding @ webpack-internal:///(app-pages-browser)/./node_modules/.pnpm/next@15.5.14_@babel+core@7.29.0_@playwright+test@1.52.0_react-dom@19.1.0_react@19.1.0__react@19.1.0/node_modules/next/dist/client/dev/hot-reloader/app/hot-reloader-app.js:196
[   31542ms] [LOG] [Fast Refresh] done in 348ms @ webpack-internal:///(app-pages-browser)/./node_modules/.pnpm/next@15.5.14_@babel+core@7.29.0_@playwright+test@1.52.0_react-dom@19.1.0_react@19.1.0__react@19.1.0/node_modules/next/dist/client/dev/report-hmr-latency.js:13
[   31841ms] [LOG] [Fast Refresh] rebuilding @ webpack-internal:///(app-pages-browser)/./node_modules/.pnpm/next@15.5.14_@babel+core@7.29.0_@playwright+test@1.52.0_react-dom@19.1.0_react@19.1.0__react@19.1.0/node_modules/next/dist/client/dev/hot-reloader/app/hot-reloader-app.js:196
[   31943ms] [LOG] [Fast Refresh] done in 102ms @ webpack-internal:///(app-pages-browser)/./node_modules/.pnpm/next@15.5.14_@babel+core@7.29.0_@playwright+test@1.52.0_react-dom@19.1.0_react@19.1.0__react@19.1.0/node_modules/next/dist/client/dev/report-hmr-latency.js:13
[   32413ms] [LOG] [Fast Refresh] rebuilding @ webpack-internal:///(app-pages-browser)/./node_modules/.pnpm/next@15.5.14_@babel+core@7.29.0_@playwright+test@1.52.0_react-dom@19.1.0_react@19.1.0__react@19.1.0/node_modules/next/dist/client/dev/hot-reloader/app/hot-reloader-app.js:196
[   32469ms] [LOG] [Fast Refresh] done in 56ms @ webpack-internal:///(app-pages-browser)/./node_modules/.pnpm/next@15.5.14_@babel+core@7.29.0_@playwright+test@1.52.0_react-dom@19.1.0_react@19.1.0__react@19.1.0/node_modules/next/dist/client/dev/report-hmr-latency.js:13
[   32877ms] [LOG] [Fast Refresh] rebuilding @ webpack-internal:///(app-pages-browser)/./node_modules/.pnpm/next@15.5.14_@babel+core@7.29.0_@playwright+test@1.52.0_react-dom@19.1.0_react@19.1.0__react@19.1.0/node_modules/next/dist/client/dev/hot-reloader/app/hot-reloader-app.js:196
[   32960ms] [LOG] [Fast Refresh] done in 84ms @ webpack-internal:///(app-pages-browser)/./node_modules/.pnpm/next@15.5.14_@babel+core@7.29.0_@playwright+test@1.52.0_react-dom@19.1.0_react@19.1.0__react@19.1.0/node_modules/next/dist/client/dev/report-hmr-latency.js:13
[   33414ms] [LOG] [Fast Refresh] rebuilding @ webpack-internal:///(app-pages-browser)/./node_modules/.pnpm/next@15.5.14_@babel+core@7.29.0_@playwright+test@1.52.0_react-dom@19.1.0_react@19.1.0__react@19.1.0/node_modules/next/dist/client/dev/hot-reloader/app/hot-reloader-app.js:196
[   33816ms] [LOG] [Fast Refresh] done in 401ms @ webpack-internal:///(app-pages-browser)/./node_modules/.pnpm/next@15.5.14_@babel+core@7.29.0_@playwright+test@1.52.0_react-dom@19.1.0_react@19.1.0__react@19.1.0/node_modules/next/dist/client/dev/report-hmr-latency.js:13
[   34377ms] [LOG] [Fast Refresh] rebuilding @ webpack-internal:///(app-pages-browser)/./node_modules/.pnpm/next@15.5.14_@babel+core@7.29.0_@playwright+test@1.52.0_react-dom@19.1.0_react@19.1.0__react@19.1.0/node_modules/next/dist/client/dev/hot-reloader/app/hot-reloader-app.js:196
[   34507ms] [LOG] [Fast Refresh] done in 129ms @ webpack-internal:///(app-pages-browser)/./node_modules/.pnpm/next@15.5.14_@babel+core@7.29.0_@playwright+test@1.52.0_react-dom@19.1.0_react@19.1.0__react@19.1.0/node_modules/next/dist/client/dev/report-hmr-latency.js:13
[   36359ms] [LOG] [Fast Refresh] rebuilding @ webpack-internal:///(app-pages-browser)/./node_modules/.pnpm/next@15.5.14_@babel+core@7.29.0_@playwright+test@1.52.0_react-dom@19.1.0_react@19.1.0__react@19.1.0/node_modules/next/dist/client/dev/hot-reloader/app/hot-reloader-app.js:196
[   36480ms] [LOG] [Fast Refresh] done in 121ms @ webpack-internal:///(app-pages-browser)/./node_modules/.pnpm/next@15.5.14_@babel+core@7.29.0_@playwright+test@1.52.0_react-dom@19.1.0_react@19.1.0__react@19.1.0/node_modules/next/dist/client/dev/report-hmr-latency.js:13
[   37242ms] [LOG] [Fast Refresh] rebuilding @ webpack-internal:///(app-pages-browser)/./node_modules/.pnpm/next@15.5.14_@babel+core@7.29.0_@playwright+test@1.52.0_react-dom@19.1.0_react@19.1.0__react@19.1.0/node_modules/next/dist/client/dev/hot-reloader/app/hot-reloader-app.js:196
[   37349ms] [LOG] [Fast Refresh] done in 108ms @ webpack-internal:///(app-pages-browser)/./node_modules/.pnpm/next@15.5.14_@babel+core@7.29.0_@playwright+test@1.52.0_react-dom@19.1.0_react@19.1.0__react@19.1.0/node_modules/next/dist/client/dev/report-hmr-latency.js:13
[   38429ms] [LOG] [Fast Refresh] rebuilding @ webpack-internal:///(app-pages-browser)/./node_modules/.pnpm/next@15.5.14_@babel+core@7.29.0_@playwright+test@1.52.0_react-dom@19.1.0_react@19.1.0__react@19.1.0/node_modules/next/dist/client/dev/hot-reloader/app/hot-reloader-app.js:196
[   39115ms] [LOG] [Fast Refresh] done in 685ms @ webpack-internal:///(app-pages-browser)/./node_modules/.pnpm/next@15.5.14_@babel+core@7.29.0_@playwright+test@1.52.0_react-dom@19.1.0_react@19.1.0__react@19.1.0/node_modules/next/dist/client/dev/report-hmr-latency.js:13
[   42118ms] [WARNING] The resource http://localhost:3000/_next/static/css/app/layout.css?v=1777587563274 was preloaded using link preload but not used within a few seconds from the window's load event. Please make sure it has an appropriate `as` value and it is preloaded intentionally. @ http://localhost:3000/:0
[   42118ms] [WARNING] The resource http://localhost:3000/_next/static/css/app/layout.css?v=1777587563975 was preloaded using link preload but not used within a few seconds from the window's load event. Please make sure it has an appropriate `as` value and it is preloaded intentionally. @ http://localhost:3000/:0
[   42118ms] [WARNING] The resource http://localhost:3000/_next/static/css/app/layout.css?v=1777587553242 was preloaded using link preload but not used within a few seconds from the window's load event. Please make sure it has an appropriate `as` value and it is preloaded intentionally. @ http://localhost:3000/:0
[   42118ms] [WARNING] The resource http://localhost:3000/_next/static/css/app/layout.css?v=1777587540732 was preloaded using link preload but not used within a few seconds from the window's load event. Please make sure it has an appropriate `as` value and it is preloaded intentionally. @ http://localhost:3000/:0
[   42118ms] [WARNING] The resource http://localhost:3000/_next/static/css/app/layout.css?v=1777587544632 was preloaded using link preload but not used within a few seconds from the window's load event. Please make sure it has an appropriate `as` value and it is preloaded intentionally. @ http://localhost:3000/:0
[   42118ms] [WARNING] The resource http://localhost:3000/_next/static/css/app/layout.css?v=1777587540112 was preloaded using link preload but not used within a few seconds from the window's load event. Please make sure it has an appropriate `as` value and it is preloaded intentionally. @ http://localhost:3000/:0
[   42118ms] [WARNING] The resource http://localhost:3000/_next/static/css/app/layout.css?v=1777587540386 was preloaded using link preload but not used within a few seconds from the window's load event. Please make sure it has an appropriate `as` value and it is preloaded intentionally. @ http://localhost:3000/:0
[   42118ms] [WARNING] The resource http://localhost:3000/_next/static/css/app/layout.css?v=1777587546459 was preloaded using link preload but not used within a few seconds from the window's load event. Please make sure it has an appropriate `as` value and it is preloaded intentionally. @ http://localhost:3000/:0
[   42118ms] [WARNING] The resource http://localhost:3000/_next/static/css/app/layout.css?v=1777587541946 was preloaded using link preload but not used within a few seconds from the window's load event. Please make sure it has an appropriate `as` value and it is preloaded intentionally. @ http://localhost:3000/:0
[   42118ms] [WARNING] The resource http://localhost:3000/_next/static/css/app/layout.css?v=1777587555667 was preloaded using link preload but not used within a few seconds from the window's load event. Please make sure it has an appropriate `as` value and it is preloaded intentionally. @ http://localhost:3000/:0
[   42118ms] [WARNING] The resource http://localhost:3000/_next/static/css/app/layout.css?v=1777587550906 was preloaded using link preload but not used within a few seconds from the window's load event. Please make sure it has an appropriate `as` value and it is preloaded intentionally. @ http://localhost:3000/:0
[   42118ms] [WARNING] The resource http://localhost:3000/_next/static/css/app/layout.css?v=1777587564426 was preloaded using link preload but not used within a few seconds from the window's load event. Please make sure it has an appropriate `as` value and it is preloaded intentionally. @ http://localhost:3000/:0
[   42118ms] [WARNING] The resource http://localhost:3000/_next/static/css/app/layout.css?v=1777587553871 was preloaded using link preload but not used within a few seconds from the window's load event. Please make sure it has an appropriate `as` value and it is preloaded intentionally. @ http://localhost:3000/:0
[   42118ms] [WARNING] The resource http://localhost:3000/_next/static/css/app/layout.css?v=1777587569598 was preloaded using link preload but not used within a few seconds from the window's load event. Please make sure it has an appropriate `as` value and it is preloaded intentionally. @ http://localhost:3000/:0
[   42118ms] [WARNING] The resource http://localhost:3000/_next/static/css/app/layout.css?v=1777587538629 was preloaded using link preload but not used within a few seconds from the window's load event. Please make sure it has an appropriate `as` value and it is preloaded intentionally. @ http://localhost:3000/:0
[   42118ms] [WARNING] The resource http://localhost:3000/_next/static/css/app/layout.css?v=1777587543979 was preloaded using link preload but not used within a few seconds from the window's load event. Please make sure it has an appropriate `as` value and it is preloaded intentionally. @ http://localhost:3000/:0
[   42118ms] [WARNING] The resource http://localhost:3000/_next/static/css/app/layout.css?v=1777587568600 was preloaded using link preload but not used within a few seconds from the window's load event. Please make sure it has an appropriate `as` value and it is preloaded intentionally. @ http://localhost:3000/:0
[   42118ms] [WARNING] The resource http://localhost:3000/_next/static/css/app/layout.css?v=1777587539626 was preloaded using link preload but not used within a few seconds from the window's load event. Please make sure it has an appropriate `as` value and it is preloaded intentionally. @ http://localhost:3000/:0
[   42118ms] [WARNING] The resource http://localhost:3000/_next/static/css/app/layout.css?v=1777587547068 was preloaded using link preload but not used within a few seconds from the window's load event. Please make sure it has an appropriate `as` value and it is preloaded intentionally. @ http://localhost:3000/:0
[   42118ms] [WARNING] The resource http://localhost:3000/_next/static/css/app/layout.css?v=1777587543545 was preloaded using link preload but not used within a few seconds from the window's load event. Please make sure it has an appropriate `as` value and it is preloaded intentionally. @ http://localhost:3000/:0
[   42118ms] [WARNING] The resource http://localhost:3000/_next/static/css/app/layout.css?v=1777587548248 was preloaded using link preload but not used within a few seconds from the window's load event. Please make sure it has an appropriate `as` value and it is preloaded intentionally. @ http://localhost:3000/:0
[   42118ms] [WARNING] The resource http://localhost:3000/_next/static/css/app/layout.css?v=1777587552495 was preloaded using link preload but not used within a few seconds from the window's load event. Please make sure it has an appropriate `as` value and it is preloaded intentionally. @ http://localhost:3000/:0
[   42118ms] [WARNING] The resource http://localhost:3000/_next/static/css/app/layout.css?v=1777587549727 was preloaded using link preload but not used within a few seconds from the window's load event. Please make sure it has an appropriate `as` value and it is preloaded intentionally. @ http://localhost:3000/:0
[   42118ms] [WARNING] The resource http://localhost:3000/_next/static/css/app/layout.css?v=1777587544234 was preloaded using link preload but not used within a few seconds from the window's load event. Please make sure it has an appropriate `as` value and it is preloaded intentionally. @ http://localhost:3000/:0
[   42118ms] [WARNING] The resource http://localhost:3000/_next/static/css/app/layout.css?v=1777587553010 was preloaded using link preload but not used within a few seconds from the window's load event. Please make sure it has an appropriate `as` value and it is preloaded intentionally. @ http://localhost:3000/:0
[   42118ms] [WARNING] The resource http://localhost:3000/_next/static/css/app/layout.css?v=1777587541315 was preloaded using link preload but not used within a few seconds from the window's load event. Please make sure it has an appropriate `as` value and it is preloaded intentionally. @ http://localhost:3000/:0
[   42119ms] [WARNING] The resource http://localhost:3000/_next/static/css/app/layout.css?v=1777587550607 was preloaded using link preload but not used within a few seconds from the window's load event. Please make sure it has an appropriate `as` value and it is preloaded intentionally. @ http://localhost:3000/:0
[   42119ms] [WARNING] The resource http://localhost:3000/_next/static/css/app/layout.css?v=1777587554295 was preloaded using link preload but not used within a few seconds from the window's load event. Please make sure it has an appropriate `as` value and it is preloaded intentionally. @ http://localhost:3000/:0
[   42119ms] [WARNING] The resource http://localhost:3000/_next/static/css/app/layout.css?v=1777587567351 was preloaded using link preload but not used within a few seconds from the window's load event. Please make sure it has an appropriate `as` value and it is preloaded intentionally. @ http://localhost:3000/:0
[   42119ms] [WARNING] The resource http://localhost:3000/_next/static/css/app/layout.css?v=1777587562251 was preloaded using link preload but not used within a few seconds from the window's load event. Please make sure it has an appropriate `as` value and it is preloaded intentionally. @ http://localhost:3000/:0
[   42119ms] [WARNING] The resource http://localhost:3000/_next/static/css/app/layout.css?v=1777587544468 was preloaded using link preload but not used within a few seconds from the window's load event. Please make sure it has an appropriate `as` value and it is preloaded intentionally. @ http://localhost:3000/:0
[   42119ms] [WARNING] The resource http://localhost:3000/_next/static/css/app/layout.css?v=1777587545666 was preloaded using link preload but not used within a few seconds from the window's load event. Please make sure it has an appropriate `as` value and it is preloaded intentionally. @ http://localhost:3000/:0
[   42119ms] [WARNING] The resource http://localhost:3000/_next/static/css/app/layout.css?v=1777587538266 was preloaded using link preload but not used within a few seconds from the window's load event. Please make sure it has an appropriate `as` value and it is preloaded intentionally. @ http://localhost:3000/:0
[   42119ms] [WARNING] The resource http://localhost:3000/_next/static/css/app/layout.css?v=1777587556356 was preloaded using link preload but not used within a few seconds from the window's load event. Please make sure it has an appropriate `as` value and it is preloaded intentionally. @ http://localhost:3000/:0
[   42119ms] [WARNING] The resource http://localhost:3000/_next/static/css/app/layout.css?v=1777587537585 was preloaded using link preload but not used within a few seconds from the window's load event. Please make sure it has an appropriate `as` value and it is preloaded intentionally. @ http://localhost:3000/:0
[   42119ms] [WARNING] The resource http://localhost:3000/_next/static/css/app/layout.css?v=1777587540543 was preloaded using link preload but not used within a few seconds from the window's load event. Please make sure it has an appropriate `as` value and it is preloaded intentionally. @ http://localhost:3000/:0
[   42119ms] [WARNING] The resource http://localhost:3000/_next/static/css/app/layout.css?v=1777587543347 was preloaded using link preload but not used within a few seconds from the window's load event. Please make sure it has an appropriate `as` value and it is preloaded intentionally. @ http://localhost:3000/:0
[   42119ms] [WARNING] The resource http://localhost:3000/_next/static/css/app/layout.css?v=1777587552755 was preloaded using link preload but not used within a few seconds from the window's load event. Please make sure it has an appropriate `as` value and it is preloaded intentionally. @ http://localhost:3000/:0
[   42119ms] [WARNING] The resource http://localhost:3000/_next/static/css/app/layout.css?v=1777587543147 was preloaded using link preload but not used within a few seconds from the window's load event. Please make sure it has an appropriate `as` value and it is preloaded intentionally. @ http://localhost:3000/:0
[   42119ms] [WARNING] The resource http://localhost:3000/_next/static/css/app/layout.css?v=1777587546843 was preloaded using link preload but not used within a few seconds from the window's load event. Please make sure it has an appropriate `as` value and it is preloaded intentionally. @ http://localhost:3000/:0
[   42119ms] [WARNING] The resource http://localhost:3000/_next/static/css/app/layout.css?v=1777587553506 was preloaded using link preload but not used within a few seconds from the window's load event. Please make sure it has an appropriate `as` value and it is preloaded intentionally. @ http://localhost:3000/:0
[   42119ms] [WARNING] The resource http://localhost:3000/_next/static/css/app/layout.css?v=1777587552088 was preloaded using link preload but not used within a few seconds from the window's load event. Please make sure it has an appropriate `as` value and it is preloaded intentionally. @ http://localhost:3000/:0
[   42119ms] [WARNING] The resource http://localhost:3000/_next/static/css/app/layout.css?v=1777587543773 was preloaded using link preload but not used within a few seconds from the window's load event. Please make sure it has an appropriate `as` value and it is preloaded intentionally. @ http://localhost:3000/:0
[   42119ms] [WARNING] The resource http://localhost:3000/_next/static/css/app/layout.css?v=1777587551202 was preloaded using link preload but not used within a few seconds from the window's load event. Please make sure it has an appropriate `as` value and it is preloaded intentionally. @ http://localhost:3000/:0
[   42119ms] [WARNING] The resource http://localhost:3000/_next/static/css/app/layout.css?v=1777587550250 was preloaded using link preload but not used within a few seconds from the window's load event. Please make sure it has an appropriate `as` value and it is preloaded intentionally. @ http://localhost:3000/:0
[   42119ms] [WARNING] The resource http://localhost:3000/_next/static/css/app/layout.css?v=1777587564918 was preloaded using link preload but not used within a few seconds from the window's load event. Please make sure it has an appropriate `as` value and it is preloaded intentionally. @ http://localhost:3000/:0
[   42119ms] [WARNING] The resource http://localhost:3000/_next/static/css/app/layout.css?v=1777587565861 was preloaded using link preload but not used within a few seconds from the window's load event. Please make sure it has an appropriate `as` value and it is preloaded intentionally. @ http://localhost:3000/:0
[   47913ms] [LOG] [Fast Refresh] rebuilding @ webpack-internal:///(app-pages-browser)/./node_modules/.pnpm/next@15.5.14_@babel+core@7.29.0_@playwright+test@1.52.0_react-dom@19.1.0_react@19.1.0__react@19.1.0/node_modules/next/dist/client/dev/hot-reloader/app/hot-reloader-app.js:196
[   50902ms] [LOG] [Fast Refresh] done in 2989ms @ webpack-internal:///(app-pages-browser)/./node_modules/.pnpm/next@15.5.14_@babel+core@7.29.0_@playwright+test@1.52.0_react-dom@19.1.0_react@19.1.0__react@19.1.0/node_modules/next/dist/client/dev/report-hmr-latency.js:13
[   53905ms] [WARNING] The resource http://localhost:3000/_next/static/css/app/layout.css?v=1777587563274 was preloaded using link preload but not used within a few seconds from the window's load event. Please make sure it has an appropriate `as` value and it is preloaded intentionally. @ http://localhost:3000/:0
[   53905ms] [WARNING] The resource http://localhost:3000/_next/static/css/app/layout.css?v=1777587563975 was preloaded using link preload but not used within a few seconds from the window's load event. Please make sure it has an appropriate `as` value and it is preloaded intentionally. @ http://localhost:3000/:0
[   53905ms] [WARNING] The resource http://localhost:3000/_next/static/css/app/layout.css?v=1777587553242 was preloaded using link preload but not used within a few seconds from the window's load event. Please make sure it has an appropriate `as` value and it is preloaded intentionally. @ http://localhost:3000/:0
[   53905ms] [WARNING] The resource http://localhost:3000/_next/static/css/app/layout.css?v=1777587574582 was preloaded using link preload but not used within a few seconds from the window's load event. Please make sure it has an appropriate `as` value and it is preloaded intentionally. @ http://localhost:3000/:0
[   53905ms] [WARNING] The resource http://localhost:3000/_next/static/css/app/layout.css?v=1777587540732 was preloaded using link preload but not used within a few seconds from the window's load event. Please make sure it has an appropriate `as` value and it is preloaded intentionally. @ http://localhost:3000/:0
[   53905ms] [WARNING] The resource http://localhost:3000/_next/static/css/app/layout.css?v=1777587544632 was preloaded using link preload but not used within a few seconds from the window's load event. Please make sure it has an appropriate `as` value and it is preloaded intentionally. @ http://localhost:3000/:0
[   53905ms] [WARNING] The resource http://localhost:3000/_next/static/css/app/layout.css?v=1777587540112 was preloaded using link preload but not used within a few seconds from the window's load event. Please make sure it has an appropriate `as` value and it is preloaded intentionally. @ http://localhost:3000/:0
[   53905ms] [WARNING] The resource http://localhost:3000/_next/static/css/app/layout.css?v=1777587540386 was preloaded using link preload but not used within a few seconds from the window's load event. Please make sure it has an appropriate `as` value and it is preloaded intentionally. @ http://localhost:3000/:0
[   53905ms] [WARNING] The resource http://localhost:3000/_next/static/css/app/layout.css?v=1777587546459 was preloaded using link preload but not used within a few seconds from the window's load event. Please make sure it has an appropriate `as` value and it is preloaded intentionally. @ http://localhost:3000/:0
[   53905ms] [WARNING] The resource http://localhost:3000/_next/static/css/app/layout.css?v=1777587541946 was preloaded using link preload but not used within a few seconds from the window's load event. Please make sure it has an appropriate `as` value and it is preloaded intentionally. @ http://localhost:3000/:0
[   53905ms] [WARNING] The resource http://localhost:3000/_next/static/css/app/layout.css?v=1777587555667 was preloaded using link preload but not used within a few seconds from the window's load event. Please make sure it has an appropriate `as` value and it is preloaded intentionally. @ http://localhost:3000/:0
[   53905ms] [WARNING] The resource http://localhost:3000/_next/static/css/app/layout.css?v=1777587550906 was preloaded using link preload but not used within a few seconds from the window's load event. Please make sure it has an appropriate `as` value and it is preloaded intentionally. @ http://localhost:3000/:0
[   53905ms] [WARNING] The resource http://localhost:3000/_next/static/css/app/layout.css?v=1777587564426 was preloaded using link preload but not used within a few seconds from the window's load event. Please make sure it has an appropriate `as` value and it is preloaded intentionally. @ http://localhost:3000/:0
[   53905ms] [WARNING] The resource http://localhost:3000/_next/static/css/app/layout.css?v=1777587553871 was preloaded using link preload but not used within a few seconds from the window's load event. Please make sure it has an appropriate `as` value and it is preloaded intentionally. @ http://localhost:3000/:0
[   53905ms] [WARNING] The resource http://localhost:3000/_next/static/css/app/layout.css?v=1777587569598 was preloaded using link preload but not used within a few seconds from the window's load event. Please make sure it has an appropriate `as` value and it is preloaded intentionally. @ http://localhost:3000/:0
[   53905ms] [WARNING] The resource http://localhost:3000/_next/static/css/app/layout.css?v=1777587538629 was preloaded using link preload but not used within a few seconds from the window's load event. Please make sure it has an appropriate `as` value and it is preloaded intentionally. @ http://localhost:3000/:0
[   53905ms] [WARNING] The resource http://localhost:3000/_next/static/css/app/layout.css?v=1777587543979 was preloaded using link preload but not used within a few seconds from the window's load event. Please make sure it has an appropriate `as` value and it is preloaded intentionally. @ http://localhost:3000/:0
[   53905ms] [WARNING] The resource http://localhost:3000/_next/static/css/app/layout.css?v=1777587568600 was preloaded using link preload but not used within a few seconds from the window's load event. Please make sure it has an appropriate `as` value and it is preloaded intentionally. @ http://localhost:3000/:0
[   53905ms] [WARNING] The resource http://localhost:3000/_next/static/css/app/layout.css?v=1777587539626 was preloaded using link preload but not used within a few seconds from the window's load event. Please make sure it has an appropriate `as` value and it is preloaded intentionally. @ http://localhost:3000/:0
[   53905ms] [WARNING] The resource http://localhost:3000/_next/static/css/app/layout.css?v=1777587547068 was preloaded using link preload but not used within a few seconds from the window's load event. Please make sure it has an appropriate `as` value and it is preloaded intentionally. @ http://localhost:3000/:0
[   53906ms] [WARNING] The resource http://localhost:3000/_next/static/css/app/layout.css?v=1777587543545 was preloaded using link preload but not used within a few seconds from the window's load event. Please make sure it has an appropriate `as` value and it is preloaded intentionally. @ http://localhost:3000/:0
[   53906ms] [WARNING] The resource http://localhost:3000/_next/static/css/app/layout.css?v=1777587548248 was preloaded using link preload but not used within a few seconds from the window's load event. Please make sure it has an appropriate `as` value and it is preloaded intentionally. @ http://localhost:3000/:0
[   53906ms] [WARNING] The resource http://localhost:3000/_next/static/css/app/layout.css?v=1777587552495 was preloaded using link preload but not used within a few seconds from the window's load event. Please make sure it has an appropriate `as` value and it is preloaded intentionally. @ http://localhost:3000/:0
[   53906ms] [WARNING] The resource http://localhost:3000/_next/static/css/app/layout.css?v=1777587549727 was preloaded using link preload but not used within a few seconds from the window's load event. Please make sure it has an appropriate `as` value and it is preloaded intentionally. @ http://localhost:3000/:0
[   53906ms] [WARNING] The resource http://localhost:3000/_next/static/css/app/layout.css?v=1777587544234 was preloaded using link preload but not used within a few seconds from the window's load event. Please make sure it has an appropriate `as` value and it is preloaded intentionally. @ http://localhost:3000/:0
[   53906ms] [WARNING] The resource http://localhost:3000/_next/static/css/app/layout.css?v=1777587553010 was preloaded using link preload but not used within a few seconds from the window's load event. Please make sure it has an appropriate `as` value and it is preloaded intentionally. @ http://localhost:3000/:0
[   53906ms] [WARNING] The resource http://localhost:3000/_next/static/css/app/layout.css?v=1777587541315 was preloaded using link preload but not used within a few seconds from the window's load event. Please make sure it has an appropriate `as` value and it is preloaded intentionally. @ http://localhost:3000/:0
[   53906ms] [WARNING] The resource http://localhost:3000/_next/static/css/app/layout.css?v=1777587550607 was preloaded using link preload but not used within a few seconds from the window's load event. Please make sure it has an appropriate `as` value and it is preloaded intentionally. @ http://localhost:3000/:0
[   53906ms] [WARNING] The resource http://localhost:3000/_next/static/css/app/layout.css?v=1777587554295 was preloaded using link preload but not used within a few seconds from the window's load event. Please make sure it has an appropriate `as` value and it is preloaded intentionally. @ http://localhost:3000/:0
[   53906ms] [WARNING] The resource http://localhost:3000/_next/static/css/app/layout.css?v=1777587567351 was preloaded using link preload but not used within a few seconds from the window's load event. Please make sure it has an appropriate `as` value and it is preloaded intentionally. @ http://localhost:3000/:0
[   53906ms] [WARNING] The resource http://localhost:3000/_next/static/css/app/layout.css?v=1777587562251 was preloaded using link preload but not used within a few seconds from the window's load event. Please make sure it has an appropriate `as` value and it is preloaded intentionally. @ http://localhost:3000/:0
[   53906ms] [WARNING] The resource http://localhost:3000/_next/static/css/app/layout.css?v=1777587544468 was preloaded using link preload but not used within a few seconds from the window's load event. Please make sure it has an appropriate `as` value and it is preloaded intentionally. @ http://localhost:3000/:0
[   53906ms] [WARNING] The resource http://localhost:3000/_next/static/css/app/layout.css?v=1777587545666 was preloaded using link preload but not used within a few seconds from the window's load event. Please make sure it has an appropriate `as` value and it is preloaded intentionally. @ http://localhost:3000/:0
[   53906ms] [WARNING] The resource http://localhost:3000/_next/static/css/app/layout.css?v=1777587538266 was preloaded using link preload but not used within a few seconds from the window's load event. Please make sure it has an appropriate `as` value and it is preloaded intentionally. @ http://localhost:3000/:0
[   53906ms] [WARNING] The resource http://localhost:3000/_next/static/css/app/layout.css?v=1777587556356 was preloaded using link preload but not used within a few seconds from the window's load event. Please make sure it has an appropriate `as` value and it is preloaded intentionally. @ http://localhost:3000/:0
[   53906ms] [WARNING] The resource http://localhost:3000/_next/static/css/app/layout.css?v=1777587537585 was preloaded using link preload but not used within a few seconds from the window's load event. Please make sure it has an appropriate `as` value and it is preloaded intentionally. @ http://localhost:3000/:0
[   53906ms] [WARNING] The resource http://localhost:3000/_next/static/css/app/layout.css?v=1777587540543 was preloaded using link preload but not used within a few seconds from the window's load event. Please make sure it has an appropriate `as` value and it is preloaded intentionally. @ http://localhost:3000/:0
[   53906ms] [WARNING] The resource http://localhost:3000/_next/static/css/app/layout.css?v=1777587543347 was preloaded using link preload but not used within a few seconds from the window's load event. Please make sure it has an appropriate `as` value and it is preloaded intentionally. @ http://localhost:3000/:0
[   53906ms] [WARNING] The resource http://localhost:3000/_next/static/css/app/layout.css?v=1777587552755 was preloaded using link preload but not used within a few seconds from the window's load event. Please make sure it has an appropriate `as` value and it is preloaded intentionally. @ http://localhost:3000/:0
[   53906ms] [WARNING] The resource http://localhost:3000/_next/static/css/app/layout.css?v=1777587543147 was preloaded using link preload but not used within a few seconds from the window's load event. Please make sure it has an appropriate `as` value and it is preloaded intentionally. @ http://localhost:3000/:0
[   53906ms] [WARNING] The resource http://localhost:3000/_next/static/css/app/layout.css?v=1777587546843 was preloaded using link preload but not used within a few seconds from the window's load event. Please make sure it has an appropriate `as` value and it is preloaded intentionally. @ http://localhost:3000/:0
[   53906ms] [WARNING] The resource http://localhost:3000/_next/static/css/app/layout.css?v=1777587553506 was preloaded using link preload but not used within a few seconds from the window's load event. Please make sure it has an appropriate `as` value and it is preloaded intentionally. @ http://localhost:3000/:0
[   53906ms] [WARNING] The resource http://localhost:3000/_next/static/css/app/layout.css?v=1777587552088 was preloaded using link preload but not used within a few seconds from the window's load event. Please make sure it has an appropriate `as` value and it is preloaded intentionally. @ http://localhost:3000/:0
[   53906ms] [WARNING] The resource http://localhost:3000/_next/static/css/app/layout.css?v=1777587543773 was preloaded using link preload but not used within a few seconds from the window's load event. Please make sure it has an appropriate `as` value and it is preloaded intentionally. @ http://localhost:3000/:0
[   53906ms] [WARNING] The resource http://localhost:3000/_next/static/css/app/layout.css?v=1777587551202 was preloaded using link preload but not used within a few seconds from the window's load event. Please make sure it has an appropriate `as` value and it is preloaded intentionally. @ http://localhost:3000/:0
[   53906ms] [WARNING] The resource http://localhost:3000/_next/static/css/app/layout.css?v=1777587550250 was preloaded using link preload but not used within a few seconds from the window's load event. Please make sure it has an appropriate `as` value and it is preloaded intentionally. @ http://localhost:3000/:0
[   53906ms] [WARNING] The resource http://localhost:3000/_next/static/css/app/layout.css?v=1777587564918 was preloaded using link preload but not used within a few seconds from the window's load event. Please make sure it has an appropriate `as` value and it is preloaded intentionally. @ http://localhost:3000/:0
[   53906ms] [WARNING] The resource http://localhost:3000/_next/static/css/app/layout.css?v=1777587565861 was preloaded using link preload but not used within a few seconds from the window's load event. Please make sure it has an appropriate `as` value and it is preloaded intentionally. @ http://localhost:3000/:0
[   60434ms] [LOG] [Fast Refresh] rebuilding @ webpack-internal:///(app-pages-browser)/./node_modules/.pnpm/next@15.5.14_@babel+core@7.29.0_@playwright+test@1.52.0_react-dom@19.1.0_react@19.1.0__react@19.1.0/node_modules/next/dist/client/dev/hot-reloader/app/hot-reloader-app.js:196
[   62151ms] [LOG] [Fast Refresh] done in 1716ms @ webpack-internal:///(app-pages-browser)/./node_modules/.pnpm/next@15.5.14_@babel+core@7.29.0_@playwright+test@1.52.0_react-dom@19.1.0_react@19.1.0__react@19.1.0/node_modules/next/dist/client/dev/report-hmr-latency.js:13
[   63832ms] [LOG] [Fast Refresh] rebuilding @ webpack-internal:///(app-pages-browser)/./node_modules/.pnpm/next@15.5.14_@babel+core@7.29.0_@playwright+test@1.52.0_react-dom@19.1.0_react@19.1.0__react@19.1.0/node_modules/next/dist/client/dev/hot-reloader/app/hot-reloader-app.js:196
[   64645ms] [LOG] [Fast Refresh] done in 813ms @ webpack-internal:///(app-pages-browser)/./node_modules/.pnpm/next@15.5.14_@babel+core@7.29.0_@playwright+test@1.52.0_react-dom@19.1.0_react@19.1.0__react@19.1.0/node_modules/next/dist/client/dev/report-hmr-latency.js:13
[   67444ms] [LOG] [Fast Refresh] rebuilding @ webpack-internal:///(app-pages-browser)/./node_modules/.pnpm/next@15.5.14_@babel+core@7.29.0_@playwright+test@1.52.0_react-dom@19.1.0_react@19.1.0__react@19.1.0/node_modules/next/dist/client/dev/hot-reloader/app/hot-reloader-app.js:196
[   67876ms] [LOG] [Fast Refresh] done in 432ms @ webpack-internal:///(app-pages-browser)/./node_modules/.pnpm/next@15.5.14_@babel+core@7.29.0_@playwright+test@1.52.0_react-dom@19.1.0_react@19.1.0__react@19.1.0/node_modules/next/dist/client/dev/report-hmr-latency.js:13
[   70878ms] [WARNING] The resource http://localhost:3000/_next/static/css/app/layout.css?v=1777587563274 was preloaded using link preload but not used within a few seconds from the window's load event. Please make sure it has an appropriate `as` value and it is preloaded intentionally. @ http://localhost:3000/:0
[   70878ms] [WARNING] The resource http://localhost:3000/_next/static/css/app/layout.css?v=1777587563975 was preloaded using link preload but not used within a few seconds from the window's load event. Please make sure it has an appropriate `as` value and it is preloaded intentionally. @ http://localhost:3000/:0
[   70878ms] [WARNING] The resource http://localhost:3000/_next/static/css/app/layout.css?v=1777587553242 was preloaded using link preload but not used within a few seconds from the window's load event. Please make sure it has an appropriate `as` value and it is preloaded intentionally. @ http://localhost:3000/:0
[   70878ms] [WARNING] The resource http://localhost:3000/_next/static/css/app/layout.css?v=1777587574582 was preloaded using link preload but not used within a few seconds from the window's load event. Please make sure it has an appropriate `as` value and it is preloaded intentionally. @ http://localhost:3000/:0
[   70878ms] [WARNING] The resource http://localhost:3000/_next/static/css/app/layout.css?v=1777587540732 was preloaded using link preload but not used within a few seconds from the window's load event. Please make sure it has an appropriate `as` value and it is preloaded intentionally. @ http://localhost:3000/:0
[   70878ms] [WARNING] The resource http://localhost:3000/_next/static/css/app/layout.css?v=1777587544632 was preloaded using link preload but not used within a few seconds from the window's load event. Please make sure it has an appropriate `as` value and it is preloaded intentionally. @ http://localhost:3000/:0
[   70878ms] [WARNING] The resource http://localhost:3000/_next/static/css/app/layout.css?v=1777587540112 was preloaded using link preload but not used within a few seconds from the window's load event. Please make sure it has an appropriate `as` value and it is preloaded intentionally. @ http://localhost:3000/:0
[   70878ms] [WARNING] The resource http://localhost:3000/_next/static/css/app/layout.css?v=1777587540386 was preloaded using link preload but not used within a few seconds from the window's load event. Please make sure it has an appropriate `as` value and it is preloaded intentionally. @ http://localhost:3000/:0
[   70878ms] [WARNING] The resource http://localhost:3000/_next/static/css/app/layout.css?v=1777587546459 was preloaded using link preload but not used within a few seconds from the window's load event. Please make sure it has an appropriate `as` value and it is preloaded intentionally. @ http://localhost:3000/:0
[   70878ms] [WARNING] The resource http://localhost:3000/_next/static/css/app/layout.css?v=1777587541946 was preloaded using link preload but not used within a few seconds from the window's load event. Please make sure it has an appropriate `as` value and it is preloaded intentionally. @ http://localhost:3000/:0
[   70878ms] [WARNING] The resource http://localhost:3000/_next/static/css/app/layout.css?v=1777587555667 was preloaded using link preload but not used within a few seconds from the window's load event. Please make sure it has an appropriate `as` value and it is preloaded intentionally. @ http://localhost:3000/:0
[   70878ms] [WARNING] The resource http://localhost:3000/_next/static/css/app/layout.css?v=1777587550906 was preloaded using link preload but not used within a few seconds from the window's load event. Please make sure it has an appropriate `as` value and it is preloaded intentionally. @ http://localhost:3000/:0
[   70878ms] [WARNING] The resource http://localhost:3000/_next/static/css/app/layout.css?v=1777587564426 was preloaded using link preload but not used within a few seconds from the window's load event. Please make sure it has an appropriate `as` value and it is preloaded intentionally. @ http://localhost:3000/:0
[   70878ms] [WARNING] The resource http://localhost:3000/_next/static/css/app/layout.css?v=1777587553871 was preloaded using link preload but not used within a few seconds from the window's load event. Please make sure it has an appropriate `as` value and it is preloaded intentionally. @ http://localhost:3000/:0
[   70878ms] [WARNING] The resource http://localhost:3000/_next/static/css/app/layout.css?v=1777587569598 was preloaded using link preload but not used within a few seconds from the window's load event. Please make sure it has an appropriate `as` value and it is preloaded intentionally. @ http://localhost:3000/:0
[   70878ms] [WARNING] The resource http://localhost:3000/_next/static/css/app/layout.css?v=1777587538629 was preloaded using link preload but not used within a few seconds from the window's load event. Please make sure it has an appropriate `as` value and it is preloaded intentionally. @ http://localhost:3000/:0
[   70878ms] [WARNING] The resource http://localhost:3000/_next/static/css/app/layout.css?v=1777587543979 was preloaded using link preload but not used within a few seconds from the window's load event. Please make sure it has an appropriate `as` value and it is preloaded intentionally. @ http://localhost:3000/:0
[   70878ms] [WARNING] The resource http://localhost:3000/_next/static/css/app/layout.css?v=1777587593975 was preloaded using link preload but not used within a few seconds from the window's load event. Please make sure it has an appropriate `as` value and it is preloaded intentionally. @ http://localhost:3000/:0
[   70879ms] [WARNING] The resource http://localhost:3000/_next/static/css/app/layout.css?v=1777587568600 was preloaded using link preload but not used within a few seconds from the window's load event. Please make sure it has an appropriate `as` value and it is preloaded intentionally. @ http://localhost:3000/:0
[   70879ms] [WARNING] The resource http://localhost:3000/_next/static/css/app/layout.css?v=1777587589318 was preloaded using link preload but not used within a few seconds from the window's load event. Please make sure it has an appropriate `as` value and it is preloaded intentionally. @ http://localhost:3000/:0
[   70879ms] [WARNING] The resource http://localhost:3000/_next/static/css/app/layout.css?v=1777587539626 was preloaded using link preload but not used within a few seconds from the window's load event. Please make sure it has an appropriate `as` value and it is preloaded intentionally. @ http://localhost:3000/:0
[   70879ms] [WARNING] The resource http://localhost:3000/_next/static/css/app/layout.css?v=1777587547068 was preloaded using link preload but not used within a few seconds from the window's load event. Please make sure it has an appropriate `as` value and it is preloaded intentionally. @ http://localhost:3000/:0
[   70879ms] [WARNING] The resource http://localhost:3000/_next/static/css/app/layout.css?v=1777587543545 was preloaded using link preload but not used within a few seconds from the window's load event. Please make sure it has an appropriate `as` value and it is preloaded intentionally. @ http://localhost:3000/:0
[   70879ms] [WARNING] The resource http://localhost:3000/_next/static/css/app/layout.css?v=1777587548248 was preloaded using link preload but not used within a few seconds from the window's load event. Please make sure it has an appropriate `as` value and it is preloaded intentionally. @ http://localhost:3000/:0
[   70879ms] [WARNING] The resource http://localhost:3000/_next/static/css/app/layout.css?v=1777587552495 was preloaded using link preload but not used within a few seconds from the window's load event. Please make sure it has an appropriate `as` value and it is preloaded intentionally. @ http://localhost:3000/:0
[   70879ms] [WARNING] The resource http://localhost:3000/_next/static/css/app/layout.css?v=1777587549727 was preloaded using link preload but not used within a few seconds from the window's load event. Please make sure it has an appropriate `as` value and it is preloaded intentionally. @ http://localhost:3000/:0
[   70879ms] [WARNING] The resource http://localhost:3000/_next/static/css/app/layout.css?v=1777587544234 was preloaded using link preload but not used within a few seconds from the window's load event. Please make sure it has an appropriate `as` value and it is preloaded intentionally. @ http://localhost:3000/:0
[   70879ms] [WARNING] The resource http://localhost:3000/_next/static/css/app/layout.css?v=1777587553010 was preloaded using link preload but not used within a few seconds from the window's load event. Please make sure it has an appropriate `as` value and it is preloaded intentionally. @ http://localhost:3000/:0
[   70879ms] [WARNING] The resource http://localhost:3000/_next/static/css/app/layout.css?v=1777587541315 was preloaded using link preload but not used within a few seconds from the window's load event. Please make sure it has an appropriate `as` value and it is preloaded intentionally. @ http://localhost:3000/:0
[   70879ms] [WARNING] The resource http://localhost:3000/_next/static/css/app/layout.css?v=1777587550607 was preloaded using link preload but not used within a few seconds from the window's load event. Please make sure it has an appropriate `as` value and it is preloaded intentionally. @ http://localhost:3000/:0
[   70879ms] [WARNING] The resource http://localhost:3000/_next/static/css/app/layout.css?v=1777587554295 was preloaded using link preload but not used within a few seconds from the window's load event. Please make sure it has an appropriate `as` value and it is preloaded intentionally. @ http://localhost:3000/:0
[   70879ms] [WARNING] The resource http://localhost:3000/_next/static/css/app/layout.css?v=1777587567351 was preloaded using link preload but not used within a few seconds from the window's load event. Please make sure it has an appropriate `as` value and it is preloaded intentionally. @ http://localhost:3000/:0
[   70879ms] [WARNING] The resource http://localhost:3000/_next/static/css/app/layout.css?v=1777587562251 was preloaded using link preload but not used within a few seconds from the window's load event. Please make sure it has an appropriate `as` value and it is preloaded intentionally. @ http://localhost:3000/:0
[   70879ms] [WARNING] The resource http://localhost:3000/_next/static/css/app/layout.css?v=1777587544468 was preloaded using link preload but not used within a few seconds from the window's load event. Please make sure it has an appropriate `as` value and it is preloaded intentionally. @ http://localhost:3000/:0
[   70879ms] [WARNING] The resource http://localhost:3000/_next/static/css/app/layout.css?v=1777587545666 was preloaded using link preload but not used within a few seconds from the window's load event. Please make sure it has an appropriate `as` value and it is preloaded intentionally. @ http://localhost:3000/:0
[   70879ms] [WARNING] The resource http://localhost:3000/_next/static/css/app/layout.css?v=1777587538266 was preloaded using link preload but not used within a few seconds from the window's load event. Please make sure it has an appropriate `as` value and it is preloaded intentionally. @ http://localhost:3000/:0
[   70879ms] [WARNING] The resource http://localhost:3000/_next/static/css/app/layout.css?v=1777587556356 was preloaded using link preload but not used within a few seconds from the window's load event. Please make sure it has an appropriate `as` value and it is preloaded intentionally. @ http://localhost:3000/:0
[   70879ms] [WARNING] The resource http://localhost:3000/_next/static/css/app/layout.css?v=1777587537585 was preloaded using link preload but not used within a few seconds from the window's load event. Please make sure it has an appropriate `as` value and it is preloaded intentionally. @ http://localhost:3000/:0
[   70879ms] [WARNING] The resource http://localhost:3000/_next/static/css/app/layout.css?v=1777587540543 was preloaded using link preload but not used within a few seconds from the window's load event. Please make sure it has an appropriate `as` value and it is preloaded intentionally. @ http://localhost:3000/:0
[   70879ms] [WARNING] The resource http://localhost:3000/_next/static/css/app/layout.css?v=1777587543347 was preloaded using link preload but not used within a few seconds from the window's load event. Please make sure it has an appropriate `as` value and it is preloaded intentionally. @ http://localhost:3000/:0
[   70879ms] [WARNING] The resource http://localhost:3000/_next/static/css/app/layout.css?v=1777587552755 was preloaded using link preload but not used within a few seconds from the window's load event. Please make sure it has an appropriate `as` value and it is preloaded intentionally. @ http://localhost:3000/:0
[   70879ms] [WARNING] The resource http://localhost:3000/_next/static/css/app/layout.css?v=1777587543147 was preloaded using link preload but not used within a few seconds from the window's load event. Please make sure it has an appropriate `as` value and it is preloaded intentionally. @ http://localhost:3000/:0
[   70879ms] [WARNING] The resource http://localhost:3000/_next/static/css/app/layout.css?v=1777587546843 was preloaded using link preload but not used within a few seconds from the window's load event. Please make sure it has an appropriate `as` value and it is preloaded intentionally. @ http://localhost:3000/:0
[   70879ms] [WARNING] The resource http://localhost:3000/_next/static/css/app/layout.css?v=1777587553506 was preloaded using link preload but not used within a few seconds from the window's load event. Please make sure it has an appropriate `as` value and it is preloaded intentionally. @ http://localhost:3000/:0
[   70879ms] [WARNING] The resource http://localhost:3000/_next/static/css/app/layout.css?v=1777587552088 was preloaded using link preload but not used within a few seconds from the window's load event. Please make sure it has an appropriate `as` value and it is preloaded intentionally. @ http://localhost:3000/:0
[   70879ms] [WARNING] The resource http://localhost:3000/_next/static/css/app/layout.css?v=1777587543773 was preloaded using link preload but not used within a few seconds from the window's load event. Please make sure it has an appropriate `as` value and it is preloaded intentionally. @ http://localhost:3000/:0
[   70879ms] [WARNING] The resource http://localhost:3000/_next/static/css/app/layout.css?v=1777587551202 was preloaded using link preload but not used within a few seconds from the window's load event. Please make sure it has an appropriate `as` value and it is preloaded intentionally. @ http://localhost:3000/:0
[   70880ms] [WARNING] The resource http://localhost:3000/_next/static/css/app/layout.css?v=1777587550250 was preloaded using link preload but not used within a few seconds from the window's load event. Please make sure it has an appropriate `as` value and it is preloaded intentionally. @ http://localhost:3000/:0
[   70880ms] [WARNING] The resource http://localhost:3000/_next/static/css/app/layout.css?v=1777587564918 was preloaded using link preload but not used within a few seconds from the window's load event. Please make sure it has an appropriate `as` value and it is preloaded intentionally. @ http://localhost:3000/:0
[   70880ms] [WARNING] The resource http://localhost:3000/_next/static/css/app/layout.css?v=1777587565861 was preloaded using link preload but not used within a few seconds from the window's load event. Please make sure it has an appropriate `as` value and it is preloaded intentionally. @ http://localhost:3000/:0
[  111740ms] [LOG] [Fast Refresh] done in 44296ms @ webpack-internal:///(app-pages-browser)/./node_modules/.pnpm/next@15.5.14_@babel+core@7.29.0_@playwright+test@1.52.0_react-dom@19.1.0_react@19.1.0__react@19.1.0/node_modules/next/dist/client/dev/report-hmr-latency.js:13
[  111807ms] [LOG] [Fast Refresh] rebuilding @ webpack-internal:///(app-pages-browser)/./node_modules/.pnpm/next@15.5.14_@babel+core@7.29.0_@playwright+test@1.52.0_react-dom@19.1.0_react@19.1.0__react@19.1.0/node_modules/next/dist/client/dev/hot-reloader/app/hot-reloader-app.js:196
[  112816ms] [LOG] [Fast Refresh] rebuilding @ webpack-internal:///(app-pages-browser)/./node_modules/.pnpm/next@15.5.14_@babel+core@7.29.0_@playwright+test@1.52.0_react-dom@19.1.0_react@19.1.0__react@19.1.0/node_modules/next/dist/client/dev/hot-reloader/app/hot-reloader-app.js:196
[  112911ms] [LOG] [Fast Refresh] done in 94ms @ webpack-internal:///(app-pages-browser)/./node_modules/.pnpm/next@15.5.14_@babel+core@7.29.0_@playwright+test@1.52.0_react-dom@19.1.0_react@19.1.0__react@19.1.0/node_modules/next/dist/client/dev/report-hmr-latency.js:13
[  115913ms] [WARNING] The resource http://localhost:3000/_next/static/css/app/layout.css?v=1777587563274 was preloaded using link preload but not used within a few seconds from the window's load event. Please make sure it has an appropriate `as` value and it is preloaded intentionally. @ http://localhost:3000/:0
[  115913ms] [WARNING] The resource http://localhost:3000/_next/static/css/app/layout.css?v=1777587563975 was preloaded using link preload but not used within a few seconds from the window's load event. Please make sure it has an appropriate `as` value and it is preloaded intentionally. @ http://localhost:3000/:0
[  115913ms] [WARNING] The resource http://localhost:3000/_next/static/css/app/layout.css?v=1777587553242 was preloaded using link preload but not used within a few seconds from the window's load event. Please make sure it has an appropriate `as` value and it is preloaded intentionally. @ http://localhost:3000/:0
[  115913ms] [WARNING] The resource http://localhost:3000/_next/static/css/app/layout.css?v=1777587574582 was preloaded using link preload but not used within a few seconds from the window's load event. Please make sure it has an appropriate `as` value and it is preloaded intentionally. @ http://localhost:3000/:0
[  115913ms] [WARNING] The resource http://localhost:3000/_next/static/css/app/layout.css?v=1777587540732 was preloaded using link preload but not used within a few seconds from the window's load event. Please make sure it has an appropriate `as` value and it is preloaded intentionally. @ http://localhost:3000/:0
[  115913ms] [WARNING] The resource http://localhost:3000/_next/static/css/app/layout.css?v=1777587544632 was preloaded using link preload but not used within a few seconds from the window's load event. Please make sure it has an appropriate `as` value and it is preloaded intentionally. @ http://localhost:3000/:0
[  115913ms] [WARNING] The resource http://localhost:3000/_next/static/css/app/layout.css?v=1777587540112 was preloaded using link preload but not used within a few seconds from the window's load event. Please make sure it has an appropriate `as` value and it is preloaded intentionally. @ http://localhost:3000/:0
[  115913ms] [WARNING] The resource http://localhost:3000/_next/static/css/app/layout.css?v=1777587540386 was preloaded using link preload but not used within a few seconds from the window's load event. Please make sure it has an appropriate `as` value and it is preloaded intentionally. @ http://localhost:3000/:0
[  115913ms] [WARNING] The resource http://localhost:3000/_next/static/css/app/layout.css?v=1777587546459 was preloaded using link preload but not used within a few seconds from the window's load event. Please make sure it has an appropriate `as` value and it is preloaded intentionally. @ http://localhost:3000/:0
[  115913ms] [WARNING] The resource http://localhost:3000/_next/static/css/app/layout.css?v=1777587541946 was preloaded using link preload but not used within a few seconds from the window's load event. Please make sure it has an appropriate `as` value and it is preloaded intentionally. @ http://localhost:3000/:0
[  115913ms] [WARNING] The resource http://localhost:3000/_next/static/css/app/layout.css?v=1777587555667 was preloaded using link preload but not used within a few seconds from the window's load event. Please make sure it has an appropriate `as` value and it is preloaded intentionally. @ http://localhost:3000/:0
[  115913ms] [WARNING] The resource http://localhost:3000/_next/static/css/app/layout.css?v=1777587550906 was preloaded using link preload but not used within a few seconds from the window's load event. Please make sure it has an appropriate `as` value and it is preloaded intentionally. @ http://localhost:3000/:0
[  115913ms] [WARNING] The resource http://localhost:3000/_next/static/css/app/layout.css?v=1777587564426 was preloaded using link preload but not used within a few seconds from the window's load event. Please make sure it has an appropriate `as` value and it is preloaded intentionally. @ http://localhost:3000/:0
[  115914ms] [WARNING] The resource http://localhost:3000/_next/static/css/app/layout.css?v=1777587553871 was preloaded using link preload but not used within a few seconds from the window's load event. Please make sure it has an appropriate `as` value and it is preloaded intentionally. @ http://localhost:3000/:0
[  115914ms] [WARNING] The resource http://localhost:3000/_next/static/css/app/layout.css?v=1777587569598 was preloaded using link preload but not used within a few seconds from the window's load event. Please make sure it has an appropriate `as` value and it is preloaded intentionally. @ http://localhost:3000/:0
[  115914ms] [WARNING] The resource http://localhost:3000/_next/static/css/app/layout.css?v=1777587538629 was preloaded using link preload but not used within a few seconds from the window's load event. Please make sure it has an appropriate `as` value and it is preloaded intentionally. @ http://localhost:3000/:0
[  115914ms] [WARNING] The resource http://localhost:3000/_next/static/css/app/layout.css?v=1777587543979 was preloaded using link preload but not used within a few seconds from the window's load event. Please make sure it has an appropriate `as` value and it is preloaded intentionally. @ http://localhost:3000/:0
[  115914ms] [WARNING] The resource http://localhost:3000/_next/static/css/app/layout.css?v=1777587593975 was preloaded using link preload but not used within a few seconds from the window's load event. Please make sure it has an appropriate `as` value and it is preloaded intentionally. @ http://localhost:3000/:0
[  115914ms] [WARNING] The resource http://localhost:3000/_next/static/css/app/layout.css?v=1777587568600 was preloaded using link preload but not used within a few seconds from the window's load event. Please make sure it has an appropriate `as` value and it is preloaded intentionally. @ http://localhost:3000/:0
[  115914ms] [WARNING] The resource http://localhost:3000/_next/static/css/app/layout.css?v=1777587589318 was preloaded using link preload but not used within a few seconds from the window's load event. Please make sure it has an appropriate `as` value and it is preloaded intentionally. @ http://localhost:3000/:0
[  115914ms] [WARNING] The resource http://localhost:3000/_next/static/css/app/layout.css?v=1777587539626 was preloaded using link preload but not used within a few seconds from the window's load event. Please make sure it has an appropriate `as` value and it is preloaded intentionally. @ http://localhost:3000/:0
[  115914ms] [WARNING] The resource http://localhost:3000/_next/static/css/app/layout.css?v=1777587547068 was preloaded using link preload but not used within a few seconds from the window's load event. Please make sure it has an appropriate `as` value and it is preloaded intentionally. @ http://localhost:3000/:0
[  115914ms] [WARNING] The resource http://localhost:3000/_next/static/css/app/layout.css?v=1777587543545 was preloaded using link preload but not used within a few seconds from the window's load event. Please make sure it has an appropriate `as` value and it is preloaded intentionally. @ http://localhost:3000/:0
[  115914ms] [WARNING] The resource http://localhost:3000/_next/static/css/app/layout.css?v=1777587548248 was preloaded using link preload but not used within a few seconds from the window's load event. Please make sure it has an appropriate `as` value and it is preloaded intentionally. @ http://localhost:3000/:0
[  115914ms] [WARNING] The resource http://localhost:3000/_next/static/css/app/layout.css?v=1777587552495 was preloaded using link preload but not used within a few seconds from the window's load event. Please make sure it has an appropriate `as` value and it is preloaded intentionally. @ http://localhost:3000/:0
[  115914ms] [WARNING] The resource http://localhost:3000/_next/static/css/app/layout.css?v=1777587549727 was preloaded using link preload but not used within a few seconds from the window's load event. Please make sure it has an appropriate `as` value and it is preloaded intentionally. @ http://localhost:3000/:0
[  115914ms] [WARNING] The resource http://localhost:3000/_next/static/css/app/layout.css?v=1777587544234 was preloaded using link preload but not used within a few seconds from the window's load event. Please make sure it has an appropriate `as` value and it is preloaded intentionally. @ http://localhost:3000/:0
[  115914ms] [WARNING] The resource http://localhost:3000/_next/static/css/app/layout.css?v=1777587553010 was preloaded using link preload but not used within a few seconds from the window's load event. Please make sure it has an appropriate `as` value and it is preloaded intentionally. @ http://localhost:3000/:0
[  115914ms] [WARNING] The resource http://localhost:3000/_next/static/css/app/layout.css?v=1777587541315 was preloaded using link preload but not used within a few seconds from the window's load event. Please make sure it has an appropriate `as` value and it is preloaded intentionally. @ http://localhost:3000/:0
[  115914ms] [WARNING] The resource http://localhost:3000/_next/static/css/app/layout.css?v=1777587550607 was preloaded using link preload but not used within a few seconds from the window's load event. Please make sure it has an appropriate `as` value and it is preloaded intentionally. @ http://localhost:3000/:0
[  115914ms] [WARNING] The resource http://localhost:3000/_next/static/css/app/layout.css?v=1777587554295 was preloaded using link preload but not used within a few seconds from the window's load event. Please make sure it has an appropriate `as` value and it is preloaded intentionally. @ http://localhost:3000/:0
[  115914ms] [WARNING] The resource http://localhost:3000/_next/static/css/app/layout.css?v=1777587567351 was preloaded using link preload but not used within a few seconds from the window's load event. Please make sure it has an appropriate `as` value and it is preloaded intentionally. @ http://localhost:3000/:0
[  115914ms] [WARNING] The resource http://localhost:3000/_next/static/css/app/layout.css?v=1777587562251 was preloaded using link preload but not used within a few seconds from the window's load event. Please make sure it has an appropriate `as` value and it is preloaded intentionally. @ http://localhost:3000/:0
[  115914ms] [WARNING] The resource http://localhost:3000/_next/static/css/app/layout.css?v=1777587544468 was preloaded using link preload but not used within a few seconds from the window's load event. Please make sure it has an appropriate `as` value and it is preloaded intentionally. @ http://localhost:3000/:0
[  115914ms] [WARNING] The resource http://localhost:3000/_next/static/css/app/layout.css?v=1777587545666 was preloaded using link preload but not used within a few seconds from the window's load event. Please make sure it has an appropriate `as` value and it is preloaded intentionally. @ http://localhost:3000/:0
[  115914ms] [WARNING] The resource http://localhost:3000/_next/static/css/app/layout.css?v=1777587538266 was preloaded using link preload but not used within a few seconds from the window's load event. Please make sure it has an appropriate `as` value and it is preloaded intentionally. @ http://localhost:3000/:0
[  115914ms] [WARNING] The resource http://localhost:3000/_next/static/css/app/layout.css?v=1777587556356 was preloaded using link preload but not used within a few seconds from the window's load event. Please make sure it has an appropriate `as` value and it is preloaded intentionally. @ http://localhost:3000/:0
[  115914ms] [WARNING] The resource http://localhost:3000/_next/static/css/app/layout.css?v=1777587537585 was preloaded using link preload but not used within a few seconds from the window's load event. Please make sure it has an appropriate `as` value and it is preloaded intentionally. @ http://localhost:3000/:0
[  115914ms] [WARNING] The resource http://localhost:3000/_next/static/css/app/layout.css?v=1777587540543 was preloaded using link preload but not used within a few seconds from the window's load event. Please make sure it has an appropriate `as` value and it is preloaded intentionally. @ http://localhost:3000/:0
[  115914ms] [WARNING] The resource http://localhost:3000/_next/static/css/app/layout.css?v=1777587543347 was preloaded using link preload but not used within a few seconds from the window's load event. Please make sure it has an appropriate `as` value and it is preloaded intentionally. @ http://localhost:3000/:0
[  115914ms] [WARNING] The resource http://localhost:3000/_next/static/css/app/layout.css?v=1777587644858 was preloaded using link preload but not used within a few seconds from the window's load event. Please make sure it has an appropriate `as` value and it is preloaded intentionally. @ http://localhost:3000/:0
[  115914ms] [WARNING] The resource http://localhost:3000/_next/static/css/app/layout.css?v=1777587552755 was preloaded using link preload but not used within a few seconds from the window's load event. Please make sure it has an appropriate `as` value and it is preloaded intentionally. @ http://localhost:3000/:0
[  115914ms] [WARNING] The resource http://localhost:3000/_next/static/css/app/layout.css?v=1777587543147 was preloaded using link preload but not used within a few seconds from the window's load event. Please make sure it has an appropriate `as` value and it is preloaded intentionally. @ http://localhost:3000/:0
[  115915ms] [WARNING] The resource http://localhost:3000/_next/static/css/app/layout.css?v=1777587546843 was preloaded using link preload but not used within a few seconds from the window's load event. Please make sure it has an appropriate `as` value and it is preloaded intentionally. @ http://localhost:3000/:0
[  115915ms] [WARNING] The resource http://localhost:3000/_next/static/css/app/layout.css?v=1777587553506 was preloaded using link preload but not used within a few seconds from the window's load event. Please make sure it has an appropriate `as` value and it is preloaded intentionally. @ http://localhost:3000/:0
[  115915ms] [WARNING] The resource http://localhost:3000/_next/static/css/app/layout.css?v=1777587552088 was preloaded using link preload but not used within a few seconds from the window's load event. Please make sure it has an appropriate `as` value and it is preloaded intentionally. @ http://localhost:3000/:0
[  115915ms] [WARNING] The resource http://localhost:3000/_next/static/css/app/layout.css?v=1777587543773 was preloaded using link preload but not used within a few seconds from the window's load event. Please make sure it has an appropriate `as` value and it is preloaded intentionally. @ http://localhost:3000/:0
[  115915ms] [WARNING] The resource http://localhost:3000/_next/static/css/app/layout.css?v=1777587551202 was preloaded using link preload but not used within a few seconds from the window's load event. Please make sure it has an appropriate `as` value and it is preloaded intentionally. @ http://localhost:3000/:0
[  115915ms] [WARNING] The resource http://localhost:3000/_next/static/css/app/layout.css?v=1777587550250 was preloaded using link preload but not used within a few seconds from the window's load event. Please make sure it has an appropriate `as` value and it is preloaded intentionally. @ http://localhost:3000/:0
[  115915ms] [WARNING] The resource http://localhost:3000/_next/static/css/app/layout.css?v=1777587564918 was preloaded using link preload but not used within a few seconds from the window's load event. Please make sure it has an appropriate `as` value and it is preloaded intentionally. @ http://localhost:3000/:0
[  115915ms] [WARNING] The resource http://localhost:3000/_next/static/css/app/layout.css?v=1777587565861 was preloaded using link preload but not used within a few seconds from the window's load event. Please make sure it has an appropriate `as` value and it is preloaded intentionally. @ http://localhost:3000/:0
[  120036ms] [LOG] [Fast Refresh] rebuilding @ webpack-internal:///(app-pages-browser)/./node_modules/.pnpm/next@15.5.14_@babel+core@7.29.0_@playwright+test@1.52.0_react-dom@19.1.0_react@19.1.0__react@19.1.0/node_modules/next/dist/client/dev/hot-reloader/app/hot-reloader-app.js:196
[  120393ms] [WARNING] Connecting nodes after the context has been closed is not useful. @ webpack-internal:///(app-pages-browser)/./src/lib/audio/chain.ts:117
[  120975ms] [LOG] [Fast Refresh] done in 939ms @ webpack-internal:///(app-pages-browser)/./node_modules/.pnpm/next@15.5.14_@babel+core@7.29.0_@playwright+test@1.52.0_react-dom@19.1.0_react@19.1.0__react@19.1.0/node_modules/next/dist/client/dev/report-hmr-latency.js:13
[  121911ms] [LOG] [Fast Refresh] rebuilding @ webpack-internal:///(app-pages-browser)/./node_modules/.pnpm/next@15.5.14_@babel+core@7.29.0_@playwright+test@1.52.0_react-dom@19.1.0_react@19.1.0__react@19.1.0/node_modules/next/dist/client/dev/hot-reloader/app/hot-reloader-app.js:196
[  123111ms] [LOG] [Fast Refresh] done in 1201ms @ webpack-internal:///(app-pages-browser)/./node_modules/.pnpm/next@15.5.14_@babel+core@7.29.0_@playwright+test@1.52.0_react-dom@19.1.0_react@19.1.0__react@19.1.0/node_modules/next/dist/client/dev/report-hmr-latency.js:13
[  123858ms] [LOG] [Fast Refresh] rebuilding @ webpack-internal:///(app-pages-browser)/./node_modules/.pnpm/next@15.5.14_@babel+core@7.29.0_@playwright+test@1.52.0_react-dom@19.1.0_react@19.1.0__react@19.1.0/node_modules/next/dist/client/dev/hot-reloader/app/hot-reloader-app.js:196
[  124037ms] [LOG] [Fast Refresh] done in 178ms @ webpack-internal:///(app-pages-browser)/./node_modules/.pnpm/next@15.5.14_@babel+core@7.29.0_@playwright+test@1.52.0_react-dom@19.1.0_react@19.1.0__react@19.1.0/node_modules/next/dist/client/dev/report-hmr-latency.js:13
[  125344ms] [LOG] [Fast Refresh] rebuilding @ webpack-internal:///(app-pages-browser)/./node_modules/.pnpm/next@15.5.14_@babel+core@7.29.0_@playwright+test@1.52.0_react-dom@19.1.0_react@19.1.0__react@19.1.0/node_modules/next/dist/client/dev/hot-reloader/app/hot-reloader-app.js:196
[  125590ms] [LOG] [Fast Refresh] done in 245ms @ webpack-internal:///(app-pages-browser)/./node_modules/.pnpm/next@15.5.14_@babel+core@7.29.0_@playwright+test@1.52.0_react-dom@19.1.0_react@19.1.0__react@19.1.0/node_modules/next/dist/client/dev/report-hmr-latency.js:13
[  126889ms] [LOG] [Fast Refresh] rebuilding @ webpack-internal:///(app-pages-browser)/./node_modules/.pnpm/next@15.5.14_@babel+core@7.29.0_@playwright+test@1.52.0_react-dom@19.1.0_react@19.1.0__react@19.1.0/node_modules/next/dist/client/dev/hot-reloader/app/hot-reloader-app.js:196
[  126974ms] [LOG] [Fast Refresh] done in 84ms @ webpack-internal:///(app-pages-browser)/./node_modules/.pnpm/next@15.5.14_@babel+core@7.29.0_@playwright+test@1.52.0_react-dom@19.1.0_react@19.1.0__react@19.1.0/node_modules/next/dist/client/dev/report-hmr-latency.js:13
[  127622ms] [LOG] [Fast Refresh] rebuilding @ webpack-internal:///(app-pages-browser)/./node_modules/.pnpm/next@15.5.14_@babel+core@7.29.0_@playwright+test@1.52.0_react-dom@19.1.0_react@19.1.0__react@19.1.0/node_modules/next/dist/client/dev/hot-reloader/app/hot-reloader-app.js:196
[  127745ms] [LOG] [Fast Refresh] done in 123ms @ webpack-internal:///(app-pages-browser)/./node_modules/.pnpm/next@15.5.14_@babel+core@7.29.0_@playwright+test@1.52.0_react-dom@19.1.0_react@19.1.0__react@19.1.0/node_modules/next/dist/client/dev/report-hmr-latency.js:13
[  128230ms] [LOG] [Fast Refresh] rebuilding @ webpack-internal:///(app-pages-browser)/./node_modules/.pnpm/next@15.5.14_@babel+core@7.29.0_@playwright+test@1.52.0_react-dom@19.1.0_react@19.1.0__react@19.1.0/node_modules/next/dist/client/dev/hot-reloader/app/hot-reloader-app.js:196
[  128651ms] [LOG] [Fast Refresh] done in 421ms @ webpack-internal:///(app-pages-browser)/./node_modules/.pnpm/next@15.5.14_@babel+core@7.29.0_@playwright+test@1.52.0_react-dom@19.1.0_react@19.1.0__react@19.1.0/node_modules/next/dist/client/dev/report-hmr-latency.js:13
[  128894ms] [LOG] [Fast Refresh] rebuilding @ webpack-internal:///(app-pages-browser)/./node_modules/.pnpm/next@15.5.14_@babel+core@7.29.0_@playwright+test@1.52.0_react-dom@19.1.0_react@19.1.0__react@19.1.0/node_modules/next/dist/client/dev/hot-reloader/app/hot-reloader-app.js:196
[  129035ms] [LOG] [Fast Refresh] done in 140ms @ webpack-internal:///(app-pages-browser)/./node_modules/.pnpm/next@15.5.14_@babel+core@7.29.0_@playwright+test@1.52.0_react-dom@19.1.0_react@19.1.0__react@19.1.0/node_modules/next/dist/client/dev/report-hmr-latency.js:13
[  129994ms] [LOG] [Fast Refresh] rebuilding @ webpack-internal:///(app-pages-browser)/./node_modules/.pnpm/next@15.5.14_@babel+core@7.29.0_@playwright+test@1.52.0_react-dom@19.1.0_react@19.1.0__react@19.1.0/node_modules/next/dist/client/dev/hot-reloader/app/hot-reloader-app.js:196
[  130151ms] [LOG] [Fast Refresh] done in 157ms @ webpack-internal:///(app-pages-browser)/./node_modules/.pnpm/next@15.5.14_@babel+core@7.29.0_@playwright+test@1.52.0_react-dom@19.1.0_react@19.1.0__react@19.1.0/node_modules/next/dist/client/dev/report-hmr-latency.js:13
[  131503ms] [LOG] [Fast Refresh] rebuilding @ webpack-internal:///(app-pages-browser)/./node_modules/.pnpm/next@15.5.14_@babel+core@7.29.0_@playwright+test@1.52.0_react-dom@19.1.0_react@19.1.0__react@19.1.0/node_modules/next/dist/client/dev/hot-reloader/app/hot-reloader-app.js:196
[  131995ms] [LOG] [Fast Refresh] done in 494ms @ webpack-internal:///(app-pages-browser)/./node_modules/.pnpm/next@15.5.14_@babel+core@7.29.0_@playwright+test@1.52.0_react-dom@19.1.0_react@19.1.0__react@19.1.0/node_modules/next/dist/client/dev/report-hmr-latency.js:13
[  132194ms] [LOG] [Fast Refresh] rebuilding @ webpack-internal:///(app-pages-browser)/./node_modules/.pnpm/next@15.5.14_@babel+core@7.29.0_@playwright+test@1.52.0_react-dom@19.1.0_react@19.1.0__react@19.1.0/node_modules/next/dist/client/dev/hot-reloader/app/hot-reloader-app.js:196
[  132556ms] [LOG] [Fast Refresh] done in 361ms @ webpack-internal:///(app-pages-browser)/./node_modules/.pnpm/next@15.5.14_@babel+core@7.29.0_@playwright+test@1.52.0_react-dom@19.1.0_react@19.1.0__react@19.1.0/node_modules/next/dist/client/dev/report-hmr-latency.js:13
[  132765ms] [LOG] [Fast Refresh] rebuilding @ webpack-internal:///(app-pages-browser)/./node_modules/.pnpm/next@15.5.14_@babel+core@7.29.0_@playwright+test@1.52.0_react-dom@19.1.0_react@19.1.0__react@19.1.0/node_modules/next/dist/client/dev/hot-reloader/app/hot-reloader-app.js:196
[  132868ms] [LOG] [Fast Refresh] done in 103ms @ webpack-internal:///(app-pages-browser)/./node_modules/.pnpm/next@15.5.14_@babel+core@7.29.0_@playwright+test@1.52.0_react-dom@19.1.0_react@19.1.0__react@19.1.0/node_modules/next/dist/client/dev/report-hmr-latency.js:13
[  133423ms] [LOG] [Fast Refresh] rebuilding @ webpack-internal:///(app-pages-browser)/./node_modules/.pnpm/next@15.5.14_@babel+core@7.29.0_@playwright+test@1.52.0_react-dom@19.1.0_react@19.1.0__react@19.1.0/node_modules/next/dist/client/dev/hot-reloader/app/hot-reloader-app.js:196
[  133735ms] [LOG] [Fast Refresh] done in 312ms @ webpack-internal:///(app-pages-browser)/./node_modules/.pnpm/next@15.5.14_@babel+core@7.29.0_@playwright+test@1.52.0_react-dom@19.1.0_react@19.1.0__react@19.1.0/node_modules/next/dist/client/dev/report-hmr-latency.js:13
[  133945ms] [LOG] [Fast Refresh] rebuilding @ webpack-internal:///(app-pages-browser)/./node_modules/.pnpm/next@15.5.14_@babel+core@7.29.0_@playwright+test@1.52.0_react-dom@19.1.0_react@19.1.0__react@19.1.0/node_modules/next/dist/client/dev/hot-reloader/app/hot-reloader-app.js:196
[  134006ms] [LOG] [Fast Refresh] done in 62ms @ webpack-internal:///(app-pages-browser)/./node_modules/.pnpm/next@15.5.14_@babel+core@7.29.0_@playwright+test@1.52.0_react-dom@19.1.0_react@19.1.0__react@19.1.0/node_modules/next/dist/client/dev/report-hmr-latency.js:13
[  134454ms] [LOG] [Fast Refresh] rebuilding @ webpack-internal:///(app-pages-browser)/./node_modules/.pnpm/next@15.5.14_@babel+core@7.29.0_@playwright+test@1.52.0_react-dom@19.1.0_react@19.1.0__react@19.1.0/node_modules/next/dist/client/dev/hot-reloader/app/hot-reloader-app.js:196
[  134745ms] [LOG] [Fast Refresh] done in 290ms @ webpack-internal:///(app-pages-browser)/./node_modules/.pnpm/next@15.5.14_@babel+core@7.29.0_@playwright+test@1.52.0_react-dom@19.1.0_react@19.1.0__react@19.1.0/node_modules/next/dist/client/dev/report-hmr-latency.js:13
[  134882ms] [LOG] [Fast Refresh] rebuilding @ webpack-internal:///(app-pages-browser)/./node_modules/.pnpm/next@15.5.14_@babel+core@7.29.0_@playwright+test@1.52.0_react-dom@19.1.0_react@19.1.0__react@19.1.0/node_modules/next/dist/client/dev/hot-reloader/app/hot-reloader-app.js:196
[  134947ms] [LOG] [Fast Refresh] done in 66ms @ webpack-internal:///(app-pages-browser)/./node_modules/.pnpm/next@15.5.14_@babel+core@7.29.0_@playwright+test@1.52.0_react-dom@19.1.0_react@19.1.0__react@19.1.0/node_modules/next/dist/client/dev/report-hmr-latency.js:13
[  135209ms] [LOG] [Fast Refresh] rebuilding @ webpack-internal:///(app-pages-browser)/./node_modules/.pnpm/next@15.5.14_@babel+core@7.29.0_@playwright+test@1.52.0_react-dom@19.1.0_react@19.1.0__react@19.1.0/node_modules/next/dist/client/dev/hot-reloader/app/hot-reloader-app.js:196
[  135237ms] [LOG] [Fast Refresh] done in 27ms @ webpack-internal:///(app-pages-browser)/./node_modules/.pnpm/next@15.5.14_@babel+core@7.29.0_@playwright+test@1.52.0_react-dom@19.1.0_react@19.1.0__react@19.1.0/node_modules/next/dist/client/dev/report-hmr-latency.js:13
[  135454ms] [LOG] [Fast Refresh] rebuilding @ webpack-internal:///(app-pages-browser)/./node_modules/.pnpm/next@15.5.14_@babel+core@7.29.0_@playwright+test@1.52.0_react-dom@19.1.0_react@19.1.0__react@19.1.0/node_modules/next/dist/client/dev/hot-reloader/app/hot-reloader-app.js:196
[  135488ms] [LOG] [Fast Refresh] done in 33ms @ webpack-internal:///(app-pages-browser)/./node_modules/.pnpm/next@15.5.14_@babel+core@7.29.0_@playwright+test@1.52.0_react-dom@19.1.0_react@19.1.0__react@19.1.0/node_modules/next/dist/client/dev/report-hmr-latency.js:13
[  135707ms] [LOG] [Fast Refresh] rebuilding @ webpack-internal:///(app-pages-browser)/./node_modules/.pnpm/next@15.5.14_@babel+core@7.29.0_@playwright+test@1.52.0_react-dom@19.1.0_react@19.1.0__react@19.1.0/node_modules/next/dist/client/dev/hot-reloader/app/hot-reloader-app.js:196
[  135744ms] [LOG] [Fast Refresh] done in 37ms @ webpack-internal:///(app-pages-browser)/./node_modules/.pnpm/next@15.5.14_@babel+core@7.29.0_@playwright+test@1.52.0_react-dom@19.1.0_react@19.1.0__react@19.1.0/node_modules/next/dist/client/dev/report-hmr-latency.js:13
[  135945ms] [LOG] [Fast Refresh] rebuilding @ webpack-internal:///(app-pages-browser)/./node_modules/.pnpm/next@15.5.14_@babel+core@7.29.0_@playwright+test@1.52.0_react-dom@19.1.0_react@19.1.0__react@19.1.0/node_modules/next/dist/client/dev/hot-reloader/app/hot-reloader-app.js:196
[  135985ms] [LOG] [Fast Refresh] done in 39ms @ webpack-internal:///(app-pages-browser)/./node_modules/.pnpm/next@15.5.14_@babel+core@7.29.0_@playwright+test@1.52.0_react-dom@19.1.0_react@19.1.0__react@19.1.0/node_modules/next/dist/client/dev/report-hmr-latency.js:13
[  136467ms] [LOG] [Fast Refresh] rebuilding @ webpack-internal:///(app-pages-browser)/./node_modules/.pnpm/next@15.5.14_@babel+core@7.29.0_@playwright+test@1.52.0_react-dom@19.1.0_react@19.1.0__react@19.1.0/node_modules/next/dist/client/dev/hot-reloader/app/hot-reloader-app.js:196
[  136705ms] [LOG] [Fast Refresh] done in 237ms @ webpack-internal:///(app-pages-browser)/./node_modules/.pnpm/next@15.5.14_@babel+core@7.29.0_@playwright+test@1.52.0_react-dom@19.1.0_react@19.1.0__react@19.1.0/node_modules/next/dist/client/dev/report-hmr-latency.js:13
[  136708ms] [LOG] [Fast Refresh] rebuilding @ webpack-internal:///(app-pages-browser)/./node_modules/.pnpm/next@15.5.14_@babel+core@7.29.0_@playwright+test@1.52.0_react-dom@19.1.0_react@19.1.0__react@19.1.0/node_modules/next/dist/client/dev/hot-reloader/app/hot-reloader-app.js:196
[  136896ms] [LOG] [Fast Refresh] done in 188ms @ webpack-internal:///(app-pages-browser)/./node_modules/.pnpm/next@15.5.14_@babel+core@7.29.0_@playwright+test@1.52.0_react-dom@19.1.0_react@19.1.0__react@19.1.0/node_modules/next/dist/client/dev/report-hmr-latency.js:13
[  136992ms] [LOG] [Fast Refresh] rebuilding @ webpack-internal:///(app-pages-browser)/./node_modules/.pnpm/next@15.5.14_@babel+core@7.29.0_@playwright+test@1.52.0_react-dom@19.1.0_react@19.1.0__react@19.1.0/node_modules/next/dist/client/dev/hot-reloader/app/hot-reloader-app.js:196
[  137021ms] [LOG] [Fast Refresh] done in 29ms @ webpack-internal:///(app-pages-browser)/./node_modules/.pnpm/next@15.5.14_@babel+core@7.29.0_@playwright+test@1.52.0_react-dom@19.1.0_react@19.1.0__react@19.1.0/node_modules/next/dist/client/dev/report-hmr-latency.js:13
[  137227ms] [LOG] [Fast Refresh] rebuilding @ webpack-internal:///(app-pages-browser)/./node_modules/.pnpm/next@15.5.14_@babel+core@7.29.0_@playwright+test@1.52.0_react-dom@19.1.0_react@19.1.0__react@19.1.0/node_modules/next/dist/client/dev/hot-reloader/app/hot-reloader-app.js:196
[  137249ms] [LOG] [Fast Refresh] done in 22ms @ webpack-internal:///(app-pages-browser)/./node_modules/.pnpm/next@15.5.14_@babel+core@7.29.0_@playwright+test@1.52.0_react-dom@19.1.0_react@19.1.0__react@19.1.0/node_modules/next/dist/client/dev/report-hmr-latency.js:13
[  137493ms] [LOG] [Fast Refresh] rebuilding @ webpack-internal:///(app-pages-browser)/./node_modules/.pnpm/next@15.5.14_@babel+core@7.29.0_@playwright+test@1.52.0_react-dom@19.1.0_react@19.1.0__react@19.1.0/node_modules/next/dist/client/dev/hot-reloader/app/hot-reloader-app.js:196
[  137675ms] [LOG] [Fast Refresh] done in 182ms @ webpack-internal:///(app-pages-browser)/./node_modules/.pnpm/next@15.5.14_@babel+core@7.29.0_@playwright+test@1.52.0_react-dom@19.1.0_react@19.1.0__react@19.1.0/node_modules/next/dist/client/dev/report-hmr-latency.js:13
[  137747ms] [LOG] [Fast Refresh] rebuilding @ webpack-internal:///(app-pages-browser)/./node_modules/.pnpm/next@15.5.14_@babel+core@7.29.0_@playwright+test@1.52.0_react-dom@19.1.0_react@19.1.0__react@19.1.0/node_modules/next/dist/client/dev/hot-reloader/app/hot-reloader-app.js:196
[  137775ms] [LOG] [Fast Refresh] done in 29ms @ webpack-internal:///(app-pages-browser)/./node_modules/.pnpm/next@15.5.14_@babel+core@7.29.0_@playwright+test@1.52.0_react-dom@19.1.0_react@19.1.0__react@19.1.0/node_modules/next/dist/client/dev/report-hmr-latency.js:13
[  137995ms] [LOG] [Fast Refresh] rebuilding @ webpack-internal:///(app-pages-browser)/./node_modules/.pnpm/next@15.5.14_@babel+core@7.29.0_@playwright+test@1.52.0_react-dom@19.1.0_react@19.1.0__react@19.1.0/node_modules/next/dist/client/dev/hot-reloader/app/hot-reloader-app.js:196
[  138021ms] [LOG] [Fast Refresh] done in 26ms @ webpack-internal:///(app-pages-browser)/./node_modules/.pnpm/next@15.5.14_@babel+core@7.29.0_@playwright+test@1.52.0_react-dom@19.1.0_react@19.1.0__react@19.1.0/node_modules/next/dist/client/dev/report-hmr-latency.js:13
[  138260ms] [LOG] [Fast Refresh] rebuilding @ webpack-internal:///(app-pages-browser)/./node_modules/.pnpm/next@15.5.14_@babel+core@7.29.0_@playwright+test@1.52.0_react-dom@19.1.0_react@19.1.0__react@19.1.0/node_modules/next/dist/client/dev/hot-reloader/app/hot-reloader-app.js:196
[  138435ms] [LOG] [Fast Refresh] done in 175ms @ webpack-internal:///(app-pages-browser)/./node_modules/.pnpm/next@15.5.14_@babel+core@7.29.0_@playwright+test@1.52.0_react-dom@19.1.0_react@19.1.0__react@19.1.0/node_modules/next/dist/client/dev/report-hmr-latency.js:13
[  138588ms] [LOG] [Fast Refresh] rebuilding @ webpack-internal:///(app-pages-browser)/./node_modules/.pnpm/next@15.5.14_@babel+core@7.29.0_@playwright+test@1.52.0_react-dom@19.1.0_react@19.1.0__react@19.1.0/node_modules/next/dist/client/dev/hot-reloader/app/hot-reloader-app.js:196
[  138711ms] [LOG] [Fast Refresh] done in 124ms @ webpack-internal:///(app-pages-browser)/./node_modules/.pnpm/next@15.5.14_@babel+core@7.29.0_@playwright+test@1.52.0_react-dom@19.1.0_react@19.1.0__react@19.1.0/node_modules/next/dist/client/dev/report-hmr-latency.js:13
[  138802ms] [LOG] [Fast Refresh] rebuilding @ webpack-internal:///(app-pages-browser)/./node_modules/.pnpm/next@15.5.14_@babel+core@7.29.0_@playwright+test@1.52.0_react-dom@19.1.0_react@19.1.0__react@19.1.0/node_modules/next/dist/client/dev/hot-reloader/app/hot-reloader-app.js:196
[  138850ms] [LOG] [Fast Refresh] done in 47ms @ webpack-internal:///(app-pages-browser)/./node_modules/.pnpm/next@15.5.14_@babel+core@7.29.0_@playwright+test@1.52.0_react-dom@19.1.0_react@19.1.0__react@19.1.0/node_modules/next/dist/client/dev/report-hmr-latency.js:13
[  139168ms] [LOG] [Fast Refresh] rebuilding @ webpack-internal:///(app-pages-browser)/./node_modules/.pnpm/next@15.5.14_@babel+core@7.29.0_@playwright+test@1.52.0_react-dom@19.1.0_react@19.1.0__react@19.1.0/node_modules/next/dist/client/dev/hot-reloader/app/hot-reloader-app.js:196
[  139229ms] [LOG] [Fast Refresh] done in 61ms @ webpack-internal:///(app-pages-browser)/./node_modules/.pnpm/next@15.5.14_@babel+core@7.29.0_@playwright+test@1.52.0_react-dom@19.1.0_react@19.1.0__react@19.1.0/node_modules/next/dist/client/dev/report-hmr-latency.js:13
[  139772ms] [LOG] [Fast Refresh] rebuilding @ webpack-internal:///(app-pages-browser)/./node_modules/.pnpm/next@15.5.14_@babel+core@7.29.0_@playwright+test@1.52.0_react-dom@19.1.0_react@19.1.0__react@19.1.0/node_modules/next/dist/client/dev/hot-reloader/app/hot-reloader-app.js:196
[  139879ms] [LOG] [Fast Refresh] done in 107ms @ webpack-internal:///(app-pages-browser)/./node_modules/.pnpm/next@15.5.14_@babel+core@7.29.0_@playwright+test@1.52.0_react-dom@19.1.0_react@19.1.0__react@19.1.0/node_modules/next/dist/client/dev/report-hmr-latency.js:13
[  142884ms] [WARNING] The resource http://localhost:3000/_next/static/css/app/layout.css?v=1777587563975 was preloaded using link preload but not used within a few seconds from the window's load event. Please make sure it has an appropriate `as` value and it is preloaded intentionally. @ http://localhost:3000/master:0
[  142884ms] [WARNING] The resource http://localhost:3000/_next/static/css/app/layout.css?v=1777587660361 was preloaded using link preload but not used within a few seconds from the window's load event. Please make sure it has an appropriate `as` value and it is preloaded intentionally. @ http://localhost:3000/master:0
[  142884ms] [WARNING] The resource http://localhost:3000/_next/static/css/app/layout.css?v=1777587574582 was preloaded using link preload but not used within a few seconds from the window's load event. Please make sure it has an appropriate `as` value and it is preloaded intentionally. @ http://localhost:3000/master:0
[  142884ms] [WARNING] The resource http://localhost:3000/_next/static/css/app/layout.css?v=1777587656291 was preloaded using link preload but not used within a few seconds from the window's load event. Please make sure it has an appropriate `as` value and it is preloaded intentionally. @ http://localhost:3000/master:0
[  142884ms] [WARNING] The resource http://localhost:3000/_next/static/css/app/layout.css?v=1777587668602 was preloaded using link preload but not used within a few seconds from the window's load event. Please make sure it has an appropriate `as` value and it is preloaded intentionally. @ http://localhost:3000/master:0
[  142884ms] [WARNING] The resource http://localhost:3000/_next/static/css/app/layout.css?v=1777587673183 was preloaded using link preload but not used within a few seconds from the window's load event. Please make sure it has an appropriate `as` value and it is preloaded intentionally. @ http://localhost:3000/master:0
[  142884ms] [WARNING] The resource http://localhost:3000/_next/static/css/app/layout.css?v=1777587667295 was preloaded using link preload but not used within a few seconds from the window's load event. Please make sure it has an appropriate `as` value and it is preloaded intentionally. @ http://localhost:3000/master:0
[  142884ms] [WARNING] The resource http://localhost:3000/_next/static/css/app/layout.css?v=1777587550906 was preloaded using link preload but not used within a few seconds from the window's load event. Please make sure it has an appropriate `as` value and it is preloaded intentionally. @ http://localhost:3000/master:0
[  142885ms] [WARNING] The resource http://localhost:3000/_next/static/css/app/layout.css?v=1777587564426 was preloaded using link preload but not used within a few seconds from the window's load event. Please make sure it has an appropriate `as` value and it is preloaded intentionally. @ http://localhost:3000/master:0
[  142885ms] [WARNING] The resource http://localhost:3000/_next/static/css/app/layout.css?v=1777587668838 was preloaded using link preload but not used within a few seconds from the window's load event. Please make sure it has an appropriate `as` value and it is preloaded intentionally. @ http://localhost:3000/master:0
[  142885ms] [WARNING] The resource http://localhost:3000/_next/static/css/app/layout.css?v=1777587569598 was preloaded using link preload but not used within a few seconds from the window's load event. Please make sure it has an appropriate `as` value and it is preloaded intentionally. @ http://localhost:3000/master:0
[  142885ms] [WARNING] The resource http://localhost:3000/_next/static/css/app/layout.css?v=1777587538629 was preloaded using link preload but not used within a few seconds from the window's load event. Please make sure it has an appropriate `as` value and it is preloaded intentionally. @ http://localhost:3000/master:0
[  142885ms] [WARNING] The resource http://localhost:3000/_next/static/css/app/layout.css?v=1777587593975 was preloaded using link preload but not used within a few seconds from the window's load event. Please make sure it has an appropriate `as` value and it is preloaded intentionally. @ http://localhost:3000/master:0
[  142885ms] [WARNING] The resource http://localhost:3000/_next/static/css/app/layout.css?v=1777587568600 was preloaded using link preload but not used within a few seconds from the window's load event. Please make sure it has an appropriate `as` value and it is preloaded intentionally. @ http://localhost:3000/master:0
[  142885ms] [WARNING] The resource http://localhost:3000/_next/static/css/app/layout.css?v=1777587589318 was preloaded using link preload but not used within a few seconds from the window's load event. Please make sure it has an appropriate `as` value and it is preloaded intentionally. @ http://localhost:3000/master:0
[  142885ms] [WARNING] The resource http://localhost:3000/_next/static/css/app/layout.css?v=1777587664206 was preloaded using link preload but not used within a few seconds from the window's load event. Please make sure it has an appropriate `as` value and it is preloaded intentionally. @ http://localhost:3000/master:0
[  142885ms] [WARNING] The resource http://localhost:3000/_next/static/css/app/layout.css?v=1777587539626 was preloaded using link preload but not used within a few seconds from the window's load event. Please make sure it has an appropriate `as` value and it is preloaded intentionally. @ http://localhost:3000/master:0
[  142885ms] [WARNING] The resource http://localhost:3000/_next/static/css/app/layout.css?v=1777587657807 was preloaded using link preload but not used within a few seconds from the window's load event. Please make sure it has an appropriate `as` value and it is preloaded intentionally. @ http://localhost:3000/master:0
[  142885ms] [WARNING] The resource http://localhost:3000/_next/static/css/app/layout.css?v=1777587547068 was preloaded using link preload but not used within a few seconds from the window's load event. Please make sure it has an appropriate `as` value and it is preloaded intentionally. @ http://localhost:3000/master:0
[  142885ms] [WARNING] The resource http://localhost:3000/_next/static/css/app/layout.css?v=1777587548248 was preloaded using link preload but not used within a few seconds from the window's load event. Please make sure it has an appropriate `as` value and it is preloaded intentionally. @ http://localhost:3000/master:0
[  142885ms] [WARNING] The resource http://localhost:3000/_next/static/css/app/layout.css?v=1777587552495 was preloaded using link preload but not used within a few seconds from the window's load event. Please make sure it has an appropriate `as` value and it is preloaded intentionally. @ http://localhost:3000/master:0
[  142885ms] [WARNING] The resource http://localhost:3000/_next/static/css/app/layout.css?v=1777587665867 was preloaded using link preload but not used within a few seconds from the window's load event. Please make sure it has an appropriate `as` value and it is preloaded intentionally. @ http://localhost:3000/master:0
[  142885ms] [WARNING] The resource http://localhost:3000/_next/static/css/app/layout.css?v=1777587667061 was preloaded using link preload but not used within a few seconds from the window's load event. Please make sure it has an appropriate `as` value and it is preloaded intentionally. @ http://localhost:3000/master:0
[  142885ms] [WARNING] The resource http://localhost:3000/_next/static/css/app/layout.css?v=1777587670729 was preloaded using link preload but not used within a few seconds from the window's load event. Please make sure it has an appropriate `as` value and it is preloaded intentionally. @ http://localhost:3000/master:0
[  142885ms] [WARNING] The resource http://localhost:3000/_next/static/css/app/layout.css?v=1777587549727 was preloaded using link preload but not used within a few seconds from the window's load event. Please make sure it has an appropriate `as` value and it is preloaded intentionally. @ http://localhost:3000/master:0
[  142885ms] [WARNING] The resource http://localhost:3000/_next/static/css/app/layout.css?v=1777587544234 was preloaded using link preload but not used within a few seconds from the window's load event. Please make sure it has an appropriate `as` value and it is preloaded intentionally. @ http://localhost:3000/master:0
[  142885ms] [WARNING] The resource http://localhost:3000/_next/static/css/app/layout.css?v=1777587553010 was preloaded using link preload but not used within a few seconds from the window's load event. Please make sure it has an appropriate `as` value and it is preloaded intentionally. @ http://localhost:3000/master:0
[  142885ms] [WARNING] The resource http://localhost:3000/_next/static/css/app/layout.css?v=1777587550607 was preloaded using link preload but not used within a few seconds from the window's load event. Please make sure it has an appropriate `as` value and it is preloaded intentionally. @ http://localhost:3000/master:0
[  142885ms] [WARNING] The resource http://localhost:3000/_next/static/css/app/layout.css?v=1777587652693 was preloaded using link preload but not used within a few seconds from the window's load event. Please make sure it has an appropriate `as` value and it is preloaded intentionally. @ http://localhost:3000/master:0
[  142885ms] [WARNING] The resource http://localhost:3000/_next/static/css/app/layout.css?v=1777587554295 was preloaded using link preload but not used within a few seconds from the window's load event. Please make sure it has an appropriate `as` value and it is preloaded intentionally. @ http://localhost:3000/master:0
[  142885ms] [WARNING] The resource http://localhost:3000/_next/static/css/app/layout.css?v=1777587567351 was preloaded using link preload but not used within a few seconds from the window's load event. Please make sure it has an appropriate `as` value and it is preloaded intentionally. @ http://localhost:3000/master:0
[  142885ms] [WARNING] The resource http://localhost:3000/_next/static/css/app/layout.css?v=1777587562251 was preloaded using link preload but not used within a few seconds from the window's load event. Please make sure it has an appropriate `as` value and it is preloaded intentionally. @ http://localhost:3000/master:0
[  142885ms] [WARNING] The resource http://localhost:3000/_next/static/css/app/layout.css?v=1777587663717 was preloaded using link preload but not used within a few seconds from the window's load event. Please make sure it has an appropriate `as` value and it is preloaded intentionally. @ http://localhost:3000/master:0
[  142885ms] [WARNING] The resource http://localhost:3000/_next/static/css/app/layout.css?v=1777587545666 was preloaded using link preload but not used within a few seconds from the window's load event. Please make sure it has an appropriate `as` value and it is preloaded intentionally. @ http://localhost:3000/master:0
[  142885ms] [WARNING] The resource http://localhost:3000/_next/static/css/app/layout.css?v=1777587538266 was preloaded using link preload but not used within a few seconds from the window's load event. Please make sure it has an appropriate `as` value and it is preloaded intentionally. @ http://localhost:3000/master:0
[  142885ms] [WARNING] The resource http://localhost:3000/_next/static/css/app/layout.css?v=1777587669601 was preloaded using link preload but not used within a few seconds from the window's load event. Please make sure it has an appropriate `as` value and it is preloaded intentionally. @ http://localhost:3000/master:0
[  142885ms] [WARNING] The resource http://localhost:3000/_next/static/css/app/layout.css?v=1777587556356 was preloaded using link preload but not used within a few seconds from the window's load event. Please make sure it has an appropriate `as` value and it is preloaded intentionally. @ http://localhost:3000/master:0
[  142885ms] [WARNING] The resource http://localhost:3000/_next/static/css/app/layout.css?v=1777587537585 was preloaded using link preload but not used within a few seconds from the window's load event. Please make sure it has an appropriate `as` value and it is preloaded intentionally. @ http://localhost:3000/master:0
[  142885ms] [WARNING] The resource http://localhost:3000/_next/static/css/app/layout.css?v=1777587540543 was preloaded using link preload but not used within a few seconds from the window's load event. Please make sure it has an appropriate `as` value and it is preloaded intentionally. @ http://localhost:3000/master:0
[  142885ms] [WARNING] The resource http://localhost:3000/_next/static/css/app/layout.css?v=1777587543347 was preloaded using link preload but not used within a few seconds from the window's load event. Please make sure it has an appropriate `as` value and it is preloaded intentionally. @ http://localhost:3000/master:0
[  142885ms] [WARNING] The resource http://localhost:3000/_next/static/css/app/layout.css?v=1777587552755 was preloaded using link preload but not used within a few seconds from the window's load event. Please make sure it has an appropriate `as` value and it is preloaded intentionally. @ http://localhost:3000/master:0
[  142885ms] [WARNING] The resource http://localhost:3000/_next/static/css/app/layout.css?v=1777587543147 was preloaded using link preload but not used within a few seconds from the window's load event. Please make sure it has an appropriate `as` value and it is preloaded intentionally. @ http://localhost:3000/master:0
[  142885ms] [WARNING] The resource http://localhost:3000/_next/static/css/app/layout.css?v=1777587546843 was preloaded using link preload but not used within a few seconds from the window's load event. Please make sure it has an appropriate `as` value and it is preloaded intentionally. @ http://localhost:3000/master:0
[  142885ms] [WARNING] The resource http://localhost:3000/_next/static/css/app/layout.css?v=1777587543773 was preloaded using link preload but not used within a few seconds from the window's load event. Please make sure it has an appropriate `as` value and it is preloaded intentionally. @ http://localhost:3000/master:0
[  142886ms] [WARNING] The resource http://localhost:3000/_next/static/css/app/layout.css?v=1777587669361 was preloaded using link preload but not used within a few seconds from the window's load event. Please make sure it has an appropriate `as` value and it is preloaded intentionally. @ http://localhost:3000/master:0
[  142886ms] [WARNING] The resource http://localhost:3000/_next/static/css/app/layout.css?v=1777587550250 was preloaded using link preload but not used within a few seconds from the window's load event. Please make sure it has an appropriate `as` value and it is preloaded intentionally. @ http://localhost:3000/master:0
[  142886ms] [WARNING] The resource http://localhost:3000/_next/static/css/app/layout.css?v=1777587565861 was preloaded using link preload but not used within a few seconds from the window's load event. Please make sure it has an appropriate `as` value and it is preloaded intentionally. @ http://localhost:3000/master:0
[  142886ms] [WARNING] The resource http://localhost:3000/_next/static/css/app/layout.css?v=1777587668962 was preloaded using link preload but not used within a few seconds from the window's load event. Please make sure it has an appropriate `as` value and it is preloaded intentionally. @ http://localhost:3000/master:0
[  142886ms] [WARNING] The resource http://localhost:3000/_next/static/css/app/layout.css?v=1777587563274 was preloaded using link preload but not used within a few seconds from the window's load event. Please make sure it has an appropriate `as` value and it is preloaded intentionally. @ http://localhost:3000/master:0
[  142886ms] [WARNING] The resource http://localhost:3000/_next/static/css/app/layout.css?v=1777587553242 was preloaded using link preload but not used within a few seconds from the window's load event. Please make sure it has an appropriate `as` value and it is preloaded intentionally. @ http://localhost:3000/master:0
[  142886ms] [WARNING] The resource http://localhost:3000/_next/static/css/app/layout.css?v=1777587671226 was preloaded using link preload but not used within a few seconds from the window's load event. Please make sure it has an appropriate `as` value and it is preloaded intentionally. @ http://localhost:3000/master:0
[  142886ms] [WARNING] The resource http://localhost:3000/_next/static/css/app/layout.css?v=1777587662695 was preloaded using link preload but not used within a few seconds from the window's load event. Please make sure it has an appropriate `as` value and it is preloaded intentionally. @ http://localhost:3000/master:0
[  142886ms] [WARNING] The resource http://localhost:3000/_next/static/css/app/layout.css?v=1777587664859 was preloaded using link preload but not used within a few seconds from the window's load event. Please make sure it has an appropriate `as` value and it is preloaded intentionally. @ http://localhost:3000/master:0
[  142886ms] [WARNING] The resource http://localhost:3000/_next/static/css/app/layout.css?v=1777587540732 was preloaded using link preload but not used within a few seconds from the window's load event. Please make sure it has an appropriate `as` value and it is preloaded intentionally. @ http://localhost:3000/master:0
[  142886ms] [WARNING] The resource http://localhost:3000/_next/static/css/app/layout.css?v=1777587544632 was preloaded using link preload but not used within a few seconds from the window's load event. Please make sure it has an appropriate `as` value and it is preloaded intentionally. @ http://localhost:3000/master:0
[  142886ms] [WARNING] The resource http://localhost:3000/_next/static/css/app/layout.css?v=1777587667893 was preloaded using link preload but not used within a few seconds from the window's load event. Please make sure it has an appropriate `as` value and it is preloaded intentionally. @ http://localhost:3000/master:0
[  142886ms] [WARNING] The resource http://localhost:3000/_next/static/css/app/layout.css?v=1777587540112 was preloaded using link preload but not used within a few seconds from the window's load event. Please make sure it has an appropriate `as` value and it is preloaded intentionally. @ http://localhost:3000/master:0
[  142886ms] [WARNING] The resource http://localhost:3000/_next/static/css/app/layout.css?v=1777587670417 was preloaded using link preload but not used within a few seconds from the window's load event. Please make sure it has an appropriate `as` value and it is preloaded intentionally. @ http://localhost:3000/master:0
[  142886ms] [WARNING] The resource http://localhost:3000/_next/static/css/app/layout.css?v=1777587540386 was preloaded using link preload but not used within a few seconds from the window's load event. Please make sure it has an appropriate `as` value and it is preloaded intentionally. @ http://localhost:3000/master:0
[  142886ms] [WARNING] The resource http://localhost:3000/_next/static/css/app/layout.css?v=1777587546459 was preloaded using link preload but not used within a few seconds from the window's load event. Please make sure it has an appropriate `as` value and it is preloaded intentionally. @ http://localhost:3000/master:0
[  142886ms] [WARNING] The resource http://localhost:3000/_next/static/css/app/layout.css?v=1777587541946 was preloaded using link preload but not used within a few seconds from the window's load event. Please make sure it has an appropriate `as` value and it is preloaded intentionally. @ http://localhost:3000/master:0
[  142886ms] [WARNING] The resource http://localhost:3000/_next/static/css/app/layout.css?v=1777587555667 was preloaded using link preload but not used within a few seconds from the window's load event. Please make sure it has an appropriate `as` value and it is preloaded intentionally. @ http://localhost:3000/master:0
[  142886ms] [WARNING] The resource http://localhost:3000/_next/static/css/app/layout.css?v=1777587659696 was preloaded using link preload but not used within a few seconds from the window's load event. Please make sure it has an appropriate `as` value and it is preloaded intentionally. @ http://localhost:3000/master:0
[  142886ms] [WARNING] The resource http://localhost:3000/_next/static/css/app/layout.css?v=1777587553871 was preloaded using link preload but not used within a few seconds from the window's load event. Please make sure it has an appropriate `as` value and it is preloaded intentionally. @ http://localhost:3000/master:0
[  142886ms] [WARNING] The resource http://localhost:3000/_next/static/css/app/layout.css?v=1777587667553 was preloaded using link preload but not used within a few seconds from the window's load event. Please make sure it has an appropriate `as` value and it is preloaded intentionally. @ http://localhost:3000/master:0
[  142886ms] [WARNING] The resource http://localhost:3000/_next/static/css/app/layout.css?v=1777587543979 was preloaded using link preload but not used within a few seconds from the window's load event. Please make sure it has an appropriate `as` value and it is preloaded intentionally. @ http://localhost:3000/master:0
[  142886ms] [WARNING] The resource http://localhost:3000/_next/static/css/app/layout.css?v=1777587666451 was preloaded using link preload but not used within a few seconds from the window's load event. Please make sure it has an appropriate `as` value and it is preloaded intentionally. @ http://localhost:3000/master:0
[  142886ms] [WARNING] The resource http://localhost:3000/_next/static/css/app/layout.css?v=1777587543545 was preloaded using link preload but not used within a few seconds from the window's load event. Please make sure it has an appropriate `as` value and it is preloaded intentionally. @ http://localhost:3000/master:0
[  142886ms] [WARNING] The resource http://localhost:3000/_next/static/css/app/layout.css?v=1777587541315 was preloaded using link preload but not used within a few seconds from the window's load event. Please make sure it has an appropriate `as` value and it is preloaded intentionally. @ http://localhost:3000/master:0
[  142886ms] [WARNING] The resource http://localhost:3000/_next/static/css/app/layout.css?v=1777587544468 was preloaded using link preload but not used within a few seconds from the window's load event. Please make sure it has an appropriate `as` value and it is preloaded intentionally. @ http://localhost:3000/master:0
[  142886ms] [WARNING] The resource http://localhost:3000/_next/static/css/app/layout.css?v=1777587659017 was preloaded using link preload but not used within a few seconds from the window's load event. Please make sure it has an appropriate `as` value and it is preloaded intentionally. @ http://localhost:3000/master:0
[  142886ms] [WARNING] The resource http://localhost:3000/_next/static/css/app/layout.css?v=1777587670005 was preloaded using link preload but not used within a few seconds from the window's load event. Please make sure it has an appropriate `as` value and it is preloaded intentionally. @ http://localhost:3000/master:0
[  142886ms] [WARNING] The resource http://localhost:3000/_next/static/css/app/layout.css?v=1777587665423 was preloaded using link preload but not used within a few seconds from the window's load event. Please make sure it has an appropriate `as` value and it is preloaded intentionally. @ http://localhost:3000/master:0
[  142886ms] [WARNING] The resource http://localhost:3000/_next/static/css/app/layout.css?v=1777587553506 was preloaded using link preload but not used within a few seconds from the window's load event. Please make sure it has an appropriate `as` value and it is preloaded intentionally. @ http://localhost:3000/master:0
[  142886ms] [WARNING] The resource http://localhost:3000/_next/static/css/app/layout.css?v=1777587552088 was preloaded using link preload but not used within a few seconds from the window's load event. Please make sure it has an appropriate `as` value and it is preloaded intentionally. @ http://localhost:3000/master:0
[  142886ms] [WARNING] The resource http://localhost:3000/_next/static/css/app/layout.css?v=1777587666810 was preloaded using link preload but not used within a few seconds from the window's load event. Please make sure it has an appropriate `as` value and it is preloaded intentionally. @ http://localhost:3000/master:0
[  142886ms] [WARNING] The resource http://localhost:3000/_next/static/css/app/layout.css?v=1777587551202 was preloaded using link preload but not used within a few seconds from the window's load event. Please make sure it has an appropriate `as` value and it is preloaded intentionally. @ http://localhost:3000/master:0
[  142886ms] [WARNING] The resource http://localhost:3000/_next/static/css/app/layout.css?v=1777587564918 was preloaded using link preload but not used within a few seconds from the window's load event. Please make sure it has an appropriate `as` value and it is preloaded intentionally. @ http://localhost:3000/master:0
[  142886ms] [WARNING] The resource http://localhost:3000/_next/static/css/app/layout.css?v=1777587654852 was preloaded using link preload but not used within a few seconds from the window's load event. Please make sure it has an appropriate `as` value and it is preloaded intentionally. @ http://localhost:3000/master:0
[  143197ms] [LOG] [Fast Refresh] rebuilding @ webpack-internal:///(app-pages-browser)/./node_modules/.pnpm/next@15.5.14_@babel+core@7.29.0_@playwright+test@1.52.0_react-dom@19.1.0_react@19.1.0__react@19.1.0/node_modules/next/dist/client/dev/hot-reloader/app/hot-reloader-app.js:196
[  143358ms] [LOG] [Fast Refresh] done in 160ms @ webpack-internal:///(app-pages-browser)/./node_modules/.pnpm/next@15.5.14_@babel+core@7.29.0_@playwright+test@1.52.0_react-dom@19.1.0_react@19.1.0__react@19.1.0/node_modules/next/dist/client/dev/report-hmr-latency.js:13
[  144334ms] [LOG] [Fast Refresh] rebuilding @ webpack-internal:///(app-pages-browser)/./node_modules/.pnpm/next@15.5.14_@babel+core@7.29.0_@playwright+test@1.52.0_react-dom@19.1.0_react@19.1.0__react@19.1.0/node_modules/next/dist/client/dev/hot-reloader/app/hot-reloader-app.js:196
[  145824ms] [LOG] [Fast Refresh] done in 1491ms @ webpack-internal:///(app-pages-browser)/./node_modules/.pnpm/next@15.5.14_@babel+core@7.29.0_@playwright+test@1.52.0_react-dom@19.1.0_react@19.1.0__react@19.1.0/node_modules/next/dist/client/dev/report-hmr-latency.js:13
[  147438ms] [LOG] [Fast Refresh] rebuilding @ webpack-internal:///(app-pages-browser)/./node_modules/.pnpm/next@15.5.14_@babel+core@7.29.0_@playwright+test@1.52.0_react-dom@19.1.0_react@19.1.0__react@19.1.0/node_modules/next/dist/client/dev/hot-reloader/app/hot-reloader-app.js:196
[  148234ms] [LOG] [Fast Refresh] done in 797ms @ webpack-internal:///(app-pages-browser)/./node_modules/.pnpm/next@15.5.14_@babel+core@7.29.0_@playwright+test@1.52.0_react-dom@19.1.0_react@19.1.0__react@19.1.0/node_modules/next/dist/client/dev/report-hmr-latency.js:13
[  148973ms] [LOG] [Fast Refresh] rebuilding @ webpack-internal:///(app-pages-browser)/./node_modules/.pnpm/next@15.5.14_@babel+core@7.29.0_@playwright+test@1.52.0_react-dom@19.1.0_react@19.1.0__react@19.1.0/node_modules/next/dist/client/dev/hot-reloader/app/hot-reloader-app.js:196
[  149466ms] [LOG] [Fast Refresh] done in 494ms @ webpack-internal:///(app-pages-browser)/./node_modules/.pnpm/next@15.5.14_@babel+core@7.29.0_@playwright+test@1.52.0_react-dom@19.1.0_react@19.1.0__react@19.1.0/node_modules/next/dist/client/dev/report-hmr-latency.js:13
[  150087ms] [LOG] [Fast Refresh] rebuilding @ webpack-internal:///(app-pages-browser)/./node_modules/.pnpm/next@15.5.14_@babel+core@7.29.0_@playwright+test@1.52.0_react-dom@19.1.0_react@19.1.0__react@19.1.0/node_modules/next/dist/client/dev/hot-reloader/app/hot-reloader-app.js:196
[  150479ms] [LOG] [Fast Refresh] done in 393ms @ webpack-internal:///(app-pages-browser)/./node_modules/.pnpm/next@15.5.14_@babel+core@7.29.0_@playwright+test@1.52.0_react-dom@19.1.0_react@19.1.0__react@19.1.0/node_modules/next/dist/client/dev/report-hmr-latency.js:13
[  150821ms] [LOG] [Fast Refresh] rebuilding @ webpack-internal:///(app-pages-browser)/./node_modules/.pnpm/next@15.5.14_@babel+core@7.29.0_@playwright+test@1.52.0_react-dom@19.1.0_react@19.1.0__react@19.1.0/node_modules/next/dist/client/dev/hot-reloader/app/hot-reloader-app.js:196
[  151087ms] [LOG] [Fast Refresh] done in 265ms @ webpack-internal:///(app-pages-browser)/./node_modules/.pnpm/next@15.5.14_@babel+core@7.29.0_@playwright+test@1.52.0_react-dom@19.1.0_react@19.1.0__react@19.1.0/node_modules/next/dist/client/dev/report-hmr-latency.js:13
[  151235ms] [LOG] [Fast Refresh] rebuilding @ webpack-internal:///(app-pages-browser)/./node_modules/.pnpm/next@15.5.14_@babel+core@7.29.0_@playwright+test@1.52.0_react-dom@19.1.0_react@19.1.0__react@19.1.0/node_modules/next/dist/client/dev/hot-reloader/app/hot-reloader-app.js:196
[  151301ms] [LOG] [Fast Refresh] done in 67ms @ webpack-internal:///(app-pages-browser)/./node_modules/.pnpm/next@15.5.14_@babel+core@7.29.0_@playwright+test@1.52.0_react-dom@19.1.0_react@19.1.0__react@19.1.0/node_modules/next/dist/client/dev/report-hmr-latency.js:13
[  151704ms] [LOG] [Fast Refresh] rebuilding @ webpack-internal:///(app-pages-browser)/./node_modules/.pnpm/next@15.5.14_@babel+core@7.29.0_@playwright+test@1.52.0_react-dom@19.1.0_react@19.1.0__react@19.1.0/node_modules/next/dist/client/dev/hot-reloader/app/hot-reloader-app.js:196
[  152025ms] [LOG] [Fast Refresh] done in 321ms @ webpack-internal:///(app-pages-browser)/./node_modules/.pnpm/next@15.5.14_@babel+core@7.29.0_@playwright+test@1.52.0_react-dom@19.1.0_react@19.1.0__react@19.1.0/node_modules/next/dist/client/dev/report-hmr-latency.js:13
[  152031ms] [LOG] [Fast Refresh] rebuilding @ webpack-internal:///(app-pages-browser)/./node_modules/.pnpm/next@15.5.14_@babel+core@7.29.0_@playwright+test@1.52.0_react-dom@19.1.0_react@19.1.0__react@19.1.0/node_modules/next/dist/client/dev/hot-reloader/app/hot-reloader-app.js:196
[  152074ms] [LOG] [Fast Refresh] done in 43ms @ webpack-internal:///(app-pages-browser)/./node_modules/.pnpm/next@15.5.14_@babel+core@7.29.0_@playwright+test@1.52.0_react-dom@19.1.0_react@19.1.0__react@19.1.0/node_modules/next/dist/client/dev/report-hmr-latency.js:13
[  152361ms] [LOG] [Fast Refresh] rebuilding @ webpack-internal:///(app-pages-browser)/./node_modules/.pnpm/next@15.5.14_@babel+core@7.29.0_@playwright+test@1.52.0_react-dom@19.1.0_react@19.1.0__react@19.1.0/node_modules/next/dist/client/dev/hot-reloader/app/hot-reloader-app.js:196
[  152417ms] [LOG] [Fast Refresh] done in 56ms @ webpack-internal:///(app-pages-browser)/./node_modules/.pnpm/next@15.5.14_@babel+core@7.29.0_@playwright+test@1.52.0_react-dom@19.1.0_react@19.1.0__react@19.1.0/node_modules/next/dist/client/dev/report-hmr-latency.js:13
[  152721ms] [LOG] [Fast Refresh] rebuilding @ webpack-internal:///(app-pages-browser)/./node_modules/.pnpm/next@15.5.14_@babel+core@7.29.0_@playwright+test@1.52.0_react-dom@19.1.0_react@19.1.0__react@19.1.0/node_modules/next/dist/client/dev/hot-reloader/app/hot-reloader-app.js:196
[  152970ms] [LOG] [Fast Refresh] done in 250ms @ webpack-internal:///(app-pages-browser)/./node_modules/.pnpm/next@15.5.14_@babel+core@7.29.0_@playwright+test@1.52.0_react-dom@19.1.0_react@19.1.0__react@19.1.0/node_modules/next/dist/client/dev/report-hmr-latency.js:13
[  152978ms] [LOG] [Fast Refresh] rebuilding @ webpack-internal:///(app-pages-browser)/./node_modules/.pnpm/next@15.5.14_@babel+core@7.29.0_@playwright+test@1.52.0_react-dom@19.1.0_react@19.1.0__react@19.1.0/node_modules/next/dist/client/dev/hot-reloader/app/hot-reloader-app.js:196
[  153025ms] [LOG] [Fast Refresh] done in 47ms @ webpack-internal:///(app-pages-browser)/./node_modules/.pnpm/next@15.5.14_@babel+core@7.29.0_@playwright+test@1.52.0_react-dom@19.1.0_react@19.1.0__react@19.1.0/node_modules/next/dist/client/dev/report-hmr-latency.js:13
[  153253ms] [LOG] [Fast Refresh] rebuilding @ webpack-internal:///(app-pages-browser)/./node_modules/.pnpm/next@15.5.14_@babel+core@7.29.0_@playwright+test@1.52.0_react-dom@19.1.0_react@19.1.0__react@19.1.0/node_modules/next/dist/client/dev/hot-reloader/app/hot-reloader-app.js:196
[  153289ms] [LOG] [Fast Refresh] done in 36ms @ webpack-internal:///(app-pages-browser)/./node_modules/.pnpm/next@15.5.14_@babel+core@7.29.0_@playwright+test@1.52.0_react-dom@19.1.0_react@19.1.0__react@19.1.0/node_modules/next/dist/client/dev/report-hmr-latency.js:13
[  153525ms] [LOG] [Fast Refresh] rebuilding @ webpack-internal:///(app-pages-browser)/./node_modules/.pnpm/next@15.5.14_@babel+core@7.29.0_@playwright+test@1.52.0_react-dom@19.1.0_react@19.1.0__react@19.1.0/node_modules/next/dist/client/dev/hot-reloader/app/hot-reloader-app.js:196
[  153768ms] [LOG] [Fast Refresh] done in 243ms @ webpack-internal:///(app-pages-browser)/./node_modules/.pnpm/next@15.5.14_@babel+core@7.29.0_@playwright+test@1.52.0_react-dom@19.1.0_react@19.1.0__react@19.1.0/node_modules/next/dist/client/dev/report-hmr-latency.js:13
[  153964ms] [LOG] [Fast Refresh] rebuilding @ webpack-internal:///(app-pages-browser)/./node_modules/.pnpm/next@15.5.14_@babel+core@7.29.0_@playwright+test@1.52.0_react-dom@19.1.0_react@19.1.0__react@19.1.0/node_modules/next/dist/client/dev/hot-reloader/app/hot-reloader-app.js:196
[  154164ms] [LOG] [Fast Refresh] done in 201ms @ webpack-internal:///(app-pages-browser)/./node_modules/.pnpm/next@15.5.14_@babel+core@7.29.0_@playwright+test@1.52.0_react-dom@19.1.0_react@19.1.0__react@19.1.0/node_modules/next/dist/client/dev/report-hmr-latency.js:13
[  154305ms] [LOG] [Fast Refresh] rebuilding @ webpack-internal:///(app-pages-browser)/./node_modules/.pnpm/next@15.5.14_@babel+core@7.29.0_@playwright+test@1.52.0_react-dom@19.1.0_react@19.1.0__react@19.1.0/node_modules/next/dist/client/dev/hot-reloader/app/hot-reloader-app.js:196
[  154339ms] [LOG] [Fast Refresh] done in 34ms @ webpack-internal:///(app-pages-browser)/./node_modules/.pnpm/next@15.5.14_@babel+core@7.29.0_@playwright+test@1.52.0_react-dom@19.1.0_react@19.1.0__react@19.1.0/node_modules/next/dist/client/dev/report-hmr-latency.js:13
[  154706ms] [LOG] [Fast Refresh] rebuilding @ webpack-internal:///(app-pages-browser)/./node_modules/.pnpm/next@15.5.14_@babel+core@7.29.0_@playwright+test@1.52.0_react-dom@19.1.0_react@19.1.0__react@19.1.0/node_modules/next/dist/client/dev/hot-reloader/app/hot-reloader-app.js:196
[  155001ms] [LOG] [Fast Refresh] done in 295ms @ webpack-internal:///(app-pages-browser)/./node_modules/.pnpm/next@15.5.14_@babel+core@7.29.0_@playwright+test@1.52.0_react-dom@19.1.0_react@19.1.0__react@19.1.0/node_modules/next/dist/client/dev/report-hmr-latency.js:13
[  155022ms] [LOG] [Fast Refresh] rebuilding @ webpack-internal:///(app-pages-browser)/./node_modules/.pnpm/next@15.5.14_@babel+core@7.29.0_@playwright+test@1.52.0_react-dom@19.1.0_react@19.1.0__react@19.1.0/node_modules/next/dist/client/dev/hot-reloader/app/hot-reloader-app.js:196
[  155414ms] [LOG] [Fast Refresh] done in 393ms @ webpack-internal:///(app-pages-browser)/./node_modules/.pnpm/next@15.5.14_@babel+core@7.29.0_@playwright+test@1.52.0_react-dom@19.1.0_react@19.1.0__react@19.1.0/node_modules/next/dist/client/dev/report-hmr-latency.js:13
[  157466ms] [LOG] [Fast Refresh] rebuilding @ webpack-internal:///(app-pages-browser)/./node_modules/.pnpm/next@15.5.14_@babel+core@7.29.0_@playwright+test@1.52.0_react-dom@19.1.0_react@19.1.0__react@19.1.0/node_modules/next/dist/client/dev/hot-reloader/app/hot-reloader-app.js:196
[  159115ms] [LOG] [Fast Refresh] done in 1649ms @ webpack-internal:///(app-pages-browser)/./node_modules/.pnpm/next@15.5.14_@babel+core@7.29.0_@playwright+test@1.52.0_react-dom@19.1.0_react@19.1.0__react@19.1.0/node_modules/next/dist/client/dev/report-hmr-latency.js:13
[  161556ms] [LOG] [Fast Refresh] rebuilding @ webpack-internal:///(app-pages-browser)/./node_modules/.pnpm/next@15.5.14_@babel+core@7.29.0_@playwright+test@1.52.0_react-dom@19.1.0_react@19.1.0__react@19.1.0/node_modules/next/dist/client/dev/hot-reloader/app/hot-reloader-app.js:196
[  162839ms] [LOG] [Fast Refresh] done in 1284ms @ webpack-internal:///(app-pages-browser)/./node_modules/.pnpm/next@15.5.14_@babel+core@7.29.0_@playwright+test@1.52.0_react-dom@19.1.0_react@19.1.0__react@19.1.0/node_modules/next/dist/client/dev/report-hmr-latency.js:13
[  165905ms] [WARNING] The resource http://localhost:3000/_next/static/css/app/layout.css?v=1777587563975 was preloaded using link preload but not used within a few seconds from the window's load event. Please make sure it has an appropriate `as` value and it is preloaded intentionally. @ http://localhost:3000/master:0
[  165905ms] [WARNING] The resource http://localhost:3000/_next/static/css/app/layout.css?v=1777587681241 was preloaded using link preload but not used within a few seconds from the window's load event. Please make sure it has an appropriate `as` value and it is preloaded intentionally. @ http://localhost:3000/master:0
[  165905ms] [WARNING] The resource http://localhost:3000/_next/static/css/app/layout.css?v=1777587660361 was preloaded using link preload but not used within a few seconds from the window's load event. Please make sure it has an appropriate `as` value and it is preloaded intentionally. @ http://localhost:3000/master:0
[  165906ms] [WARNING] The resource http://localhost:3000/_next/static/css/app/layout.css?v=1777587574582 was preloaded using link preload but not used within a few seconds from the window's load event. Please make sure it has an appropriate `as` value and it is preloaded intentionally. @ http://localhost:3000/master:0
[  165906ms] [WARNING] The resource http://localhost:3000/_next/static/css/app/layout.css?v=1777587656291 was preloaded using link preload but not used within a few seconds from the window's load event. Please make sure it has an appropriate `as` value and it is preloaded intentionally. @ http://localhost:3000/master:0
[  165906ms] [WARNING] The resource http://localhost:3000/_next/static/css/app/layout.css?v=1777587668602 was preloaded using link preload but not used within a few seconds from the window's load event. Please make sure it has an appropriate `as` value and it is preloaded intentionally. @ http://localhost:3000/master:0
[  165906ms] [WARNING] The resource http://localhost:3000/_next/static/css/app/layout.css?v=1777587673183 was preloaded using link preload but not used within a few seconds from the window's load event. Please make sure it has an appropriate `as` value and it is preloaded intentionally. @ http://localhost:3000/master:0
[  165906ms] [WARNING] The resource http://localhost:3000/_next/static/css/app/layout.css?v=1777587667295 was preloaded using link preload but not used within a few seconds from the window's load event. Please make sure it has an appropriate `as` value and it is preloaded intentionally. @ http://localhost:3000/master:0
[  165906ms] [WARNING] The resource http://localhost:3000/_next/static/css/app/layout.css?v=1777587550906 was preloaded using link preload but not used within a few seconds from the window's load event. Please make sure it has an appropriate `as` value and it is preloaded intentionally. @ http://localhost:3000/master:0
[  165906ms] [WARNING] The resource http://localhost:3000/_next/static/css/app/layout.css?v=1777587564426 was preloaded using link preload but not used within a few seconds from the window's load event. Please make sure it has an appropriate `as` value and it is preloaded intentionally. @ http://localhost:3000/master:0
[  165906ms] [WARNING] The resource http://localhost:3000/_next/static/css/app/layout.css?v=1777587668838 was preloaded using link preload but not used within a few seconds from the window's load event. Please make sure it has an appropriate `as` value and it is preloaded intentionally. @ http://localhost:3000/master:0
[  165906ms] [WARNING] The resource http://localhost:3000/_next/static/css/app/layout.css?v=1777587685430 was preloaded using link preload but not used within a few seconds from the window's load event. Please make sure it has an appropriate `as` value and it is preloaded intentionally. @ http://localhost:3000/master:0
[  165906ms] [WARNING] The resource http://localhost:3000/_next/static/css/app/layout.css?v=1777587683950 was preloaded using link preload but not used within a few seconds from the window's load event. Please make sure it has an appropriate `as` value and it is preloaded intentionally. @ http://localhost:3000/master:0
[  165906ms] [WARNING] The resource http://localhost:3000/_next/static/css/app/layout.css?v=1777587569598 was preloaded using link preload but not used within a few seconds from the window's load event. Please make sure it has an appropriate `as` value and it is preloaded intentionally. @ http://localhost:3000/master:0
[  165906ms] [WARNING] The resource http://localhost:3000/_next/static/css/app/layout.css?v=1777587538629 was preloaded using link preload but not used within a few seconds from the window's load event. Please make sure it has an appropriate `as` value and it is preloaded intentionally. @ http://localhost:3000/master:0
[  165906ms] [WARNING] The resource http://localhost:3000/_next/static/css/app/layout.css?v=1777587685125 was preloaded using link preload but not used within a few seconds from the window's load event. Please make sure it has an appropriate `as` value and it is preloaded intentionally. @ http://localhost:3000/master:0
[  165906ms] [WARNING] The resource http://localhost:3000/_next/static/css/app/layout.css?v=1777587593975 was preloaded using link preload but not used within a few seconds from the window's load event. Please make sure it has an appropriate `as` value and it is preloaded intentionally. @ http://localhost:3000/master:0
[  165906ms] [WARNING] The resource http://localhost:3000/_next/static/css/app/layout.css?v=1777587568600 was preloaded using link preload but not used within a few seconds from the window's load event. Please make sure it has an appropriate `as` value and it is preloaded intentionally. @ http://localhost:3000/master:0
[  165906ms] [WARNING] The resource http://localhost:3000/_next/static/css/app/layout.css?v=1777587589318 was preloaded using link preload but not used within a few seconds from the window's load event. Please make sure it has an appropriate `as` value and it is preloaded intentionally. @ http://localhost:3000/master:0
[  165906ms] [WARNING] The resource http://localhost:3000/_next/static/css/app/layout.css?v=1777587664206 was preloaded using link preload but not used within a few seconds from the window's load event. Please make sure it has an appropriate `as` value and it is preloaded intentionally. @ http://localhost:3000/master:0
[  165906ms] [WARNING] The resource http://localhost:3000/_next/static/css/app/layout.css?v=1777587539626 was preloaded using link preload but not used within a few seconds from the window's load event. Please make sure it has an appropriate `as` value and it is preloaded intentionally. @ http://localhost:3000/master:0
[  165906ms] [WARNING] The resource http://localhost:3000/_next/static/css/app/layout.css?v=1777587657807 was preloaded using link preload but not used within a few seconds from the window's load event. Please make sure it has an appropriate `as` value and it is preloaded intentionally. @ http://localhost:3000/master:0
[  165906ms] [WARNING] The resource http://localhost:3000/_next/static/css/app/layout.css?v=1777587547068 was preloaded using link preload but not used within a few seconds from the window's load event. Please make sure it has an appropriate `as` value and it is preloaded intentionally. @ http://localhost:3000/master:0
[  165906ms] [WARNING] The resource http://localhost:3000/_next/static/css/app/layout.css?v=1777587548248 was preloaded using link preload but not used within a few seconds from the window's load event. Please make sure it has an appropriate `as` value and it is preloaded intentionally. @ http://localhost:3000/master:0
[  165906ms] [WARNING] The resource http://localhost:3000/_next/static/css/app/layout.css?v=1777587696559 was preloaded using link preload but not used within a few seconds from the window's load event. Please make sure it has an appropriate `as` value and it is preloaded intentionally. @ http://localhost:3000/master:0
[  165906ms] [WARNING] The resource http://localhost:3000/_next/static/css/app/layout.css?v=1777587552495 was preloaded using link preload but not used within a few seconds from the window's load event. Please make sure it has an appropriate `as` value and it is preloaded intentionally. @ http://localhost:3000/master:0
[  165906ms] [WARNING] The resource http://localhost:3000/_next/static/css/app/layout.css?v=1777587665867 was preloaded using link preload but not used within a few seconds from the window's load event. Please make sure it has an appropriate `as` value and it is preloaded intentionally. @ http://localhost:3000/master:0
[  165906ms] [WARNING] The resource http://localhost:3000/_next/static/css/app/layout.css?v=1777587667061 was preloaded using link preload but not used within a few seconds from the window's load event. Please make sure it has an appropriate `as` value and it is preloaded intentionally. @ http://localhost:3000/master:0
[  165906ms] [WARNING] The resource http://localhost:3000/_next/static/css/app/layout.css?v=1777587670729 was preloaded using link preload but not used within a few seconds from the window's load event. Please make sure it has an appropriate `as` value and it is preloaded intentionally. @ http://localhost:3000/master:0
[  165906ms] [WARNING] The resource http://localhost:3000/_next/static/css/app/layout.css?v=1777587549727 was preloaded using link preload but not used within a few seconds from the window's load event. Please make sure it has an appropriate `as` value and it is preloaded intentionally. @ http://localhost:3000/master:0
[  165906ms] [WARNING] The resource http://localhost:3000/_next/static/css/app/layout.css?v=1777587544234 was preloaded using link preload but not used within a few seconds from the window's load event. Please make sure it has an appropriate `as` value and it is preloaded intentionally. @ http://localhost:3000/master:0
[  165906ms] [WARNING] The resource http://localhost:3000/_next/static/css/app/layout.css?v=1777587553010 was preloaded using link preload but not used within a few seconds from the window's load event. Please make sure it has an appropriate `as` value and it is preloaded intentionally. @ http://localhost:3000/master:0
[  165906ms] [WARNING] The resource http://localhost:3000/_next/static/css/app/layout.css?v=1777587550607 was preloaded using link preload but not used within a few seconds from the window's load event. Please make sure it has an appropriate `as` value and it is preloaded intentionally. @ http://localhost:3000/master:0
[  165906ms] [WARNING] The resource http://localhost:3000/_next/static/css/app/layout.css?v=1777587652693 was preloaded using link preload but not used within a few seconds from the window's load event. Please make sure it has an appropriate `as` value and it is preloaded intentionally. @ http://localhost:3000/master:0
[  165906ms] [WARNING] The resource http://localhost:3000/_next/static/css/app/layout.css?v=1777587554295 was preloaded using link preload but not used within a few seconds from the window's load event. Please make sure it has an appropriate `as` value and it is preloaded intentionally. @ http://localhost:3000/master:0
[  165906ms] [WARNING] The resource http://localhost:3000/_next/static/css/app/layout.css?v=1777587567351 was preloaded using link preload but not used within a few seconds from the window's load event. Please make sure it has an appropriate `as` value and it is preloaded intentionally. @ http://localhost:3000/master:0
[  165906ms] [WARNING] The resource http://localhost:3000/_next/static/css/app/layout.css?v=1777587684852 was preloaded using link preload but not used within a few seconds from the window's load event. Please make sure it has an appropriate `as` value and it is preloaded intentionally. @ http://localhost:3000/master:0
[  165906ms] [WARNING] The resource http://localhost:3000/_next/static/css/app/layout.css?v=1777587562251 was preloaded using link preload but not used within a few seconds from the window's load event. Please make sure it has an appropriate `as` value and it is preloaded intentionally. @ http://localhost:3000/master:0
[  165907ms] [WARNING] The resource http://localhost:3000/_next/static/css/app/layout.css?v=1777587663717 was preloaded using link preload but not used within a few seconds from the window's load event. Please make sure it has an appropriate `as` value and it is preloaded intentionally. @ http://localhost:3000/master:0
[  165907ms] [WARNING] The resource http://localhost:3000/_next/static/css/app/layout.css?v=1777587677347 was preloaded using link preload but not used within a few seconds from the window's load event. Please make sure it has an appropriate `as` value and it is preloaded intentionally. @ http://localhost:3000/master:0
[  165907ms] [WARNING] The resource http://localhost:3000/_next/static/css/app/layout.css?v=1777587545666 was preloaded using link preload but not used within a few seconds from the window's load event. Please make sure it has an appropriate `as` value and it is preloaded intentionally. @ http://localhost:3000/master:0
[  165907ms] [WARNING] The resource http://localhost:3000/_next/static/css/app/layout.css?v=1777587538266 was preloaded using link preload but not used within a few seconds from the window's load event. Please make sure it has an appropriate `as` value and it is preloaded intentionally. @ http://localhost:3000/master:0
[  165907ms] [WARNING] The resource http://localhost:3000/_next/static/css/app/layout.css?v=1777587669601 was preloaded using link preload but not used within a few seconds from the window's load event. Please make sure it has an appropriate `as` value and it is preloaded intentionally. @ http://localhost:3000/master:0
[  165907ms] [WARNING] The resource http://localhost:3000/_next/static/css/app/layout.css?v=1777587556356 was preloaded using link preload but not used within a few seconds from the window's load event. Please make sure it has an appropriate `as` value and it is preloaded intentionally. @ http://localhost:3000/master:0
[  165907ms] [WARNING] The resource http://localhost:3000/_next/static/css/app/layout.css?v=1777587537585 was preloaded using link preload but not used within a few seconds from the window's load event. Please make sure it has an appropriate `as` value and it is preloaded intentionally. @ http://localhost:3000/master:0
[  165907ms] [WARNING] The resource http://localhost:3000/_next/static/css/app/layout.css?v=1777587540543 was preloaded using link preload but not used within a few seconds from the window's load event. Please make sure it has an appropriate `as` value and it is preloaded intentionally. @ http://localhost:3000/master:0
[  165907ms] [WARNING] The resource http://localhost:3000/_next/static/css/app/layout.css?v=1777587543347 was preloaded using link preload but not used within a few seconds from the window's load event. Please make sure it has an appropriate `as` value and it is preloaded intentionally. @ http://localhost:3000/master:0
[  165907ms] [WARNING] The resource http://localhost:3000/_next/static/css/app/layout.css?v=1777587552755 was preloaded using link preload but not used within a few seconds from the window's load event. Please make sure it has an appropriate `as` value and it is preloaded intentionally. @ http://localhost:3000/master:0
[  165907ms] [WARNING] The resource http://localhost:3000/_next/static/css/app/layout.css?v=1777587543147 was preloaded using link preload but not used within a few seconds from the window's load event. Please make sure it has an appropriate `as` value and it is preloaded intentionally. @ http://localhost:3000/master:0
[  165907ms] [WARNING] The resource http://localhost:3000/_next/static/css/app/layout.css?v=1777587546843 was preloaded using link preload but not used within a few seconds from the window's load event. Please make sure it has an appropriate `as` value and it is preloaded intentionally. @ http://localhost:3000/master:0
[  165907ms] [WARNING] The resource http://localhost:3000/_next/static/css/app/layout.css?v=1777587543773 was preloaded using link preload but not used within a few seconds from the window's load event. Please make sure it has an appropriate `as` value and it is preloaded intentionally. @ http://localhost:3000/master:0
[  165907ms] [WARNING] The resource http://localhost:3000/_next/static/css/app/layout.css?v=1777587669361 was preloaded using link preload but not used within a few seconds from the window's load event. Please make sure it has an appropriate `as` value and it is preloaded intentionally. @ http://localhost:3000/master:0
[  165907ms] [WARNING] The resource http://localhost:3000/_next/static/css/app/layout.css?v=1777587550250 was preloaded using link preload but not used within a few seconds from the window's load event. Please make sure it has an appropriate `as` value and it is preloaded intentionally. @ http://localhost:3000/master:0
[  165907ms] [WARNING] The resource http://localhost:3000/_next/static/css/app/layout.css?v=1777587565861 was preloaded using link preload but not used within a few seconds from the window's load event. Please make sure it has an appropriate `as` value and it is preloaded intentionally. @ http://localhost:3000/master:0
[  165907ms] [WARNING] The resource http://localhost:3000/_next/static/css/app/layout.css?v=1777587668962 was preloaded using link preload but not used within a few seconds from the window's load event. Please make sure it has an appropriate `as` value and it is preloaded intentionally. @ http://localhost:3000/master:0
[  165907ms] [WARNING] The resource http://localhost:3000/_next/static/css/app/layout.css?v=1777587563274 was preloaded using link preload but not used within a few seconds from the window's load event. Please make sure it has an appropriate `as` value and it is preloaded intentionally. @ http://localhost:3000/master:0
[  165907ms] [WARNING] The resource http://localhost:3000/_next/static/css/app/layout.css?v=1777587553242 was preloaded using link preload but not used within a few seconds from the window's load event. Please make sure it has an appropriate `as` value and it is preloaded intentionally. @ http://localhost:3000/master:0
[  165907ms] [WARNING] The resource http://localhost:3000/_next/static/css/app/layout.css?v=1777587682756 was preloaded using link preload but not used within a few seconds from the window's load event. Please make sure it has an appropriate `as` value and it is preloaded intentionally. @ http://localhost:3000/master:0
[  165907ms] [WARNING] The resource http://localhost:3000/_next/static/css/app/layout.css?v=1777587671226 was preloaded using link preload but not used within a few seconds from the window's load event. Please make sure it has an appropriate `as` value and it is preloaded intentionally. @ http://localhost:3000/master:0
[  165907ms] [WARNING] The resource http://localhost:3000/_next/static/css/app/layout.css?v=1777587662695 was preloaded using link preload but not used within a few seconds from the window's load event. Please make sure it has an appropriate `as` value and it is preloaded intentionally. @ http://localhost:3000/master:0
[  165907ms] [WARNING] The resource http://localhost:3000/_next/static/css/app/layout.css?v=1777587664859 was preloaded using link preload but not used within a few seconds from the window's load event. Please make sure it has an appropriate `as` value and it is preloaded intentionally. @ http://localhost:3000/master:0
[  165907ms] [WARNING] The resource http://localhost:3000/_next/static/css/app/layout.css?v=1777587540732 was preloaded using link preload but not used within a few seconds from the window's load event. Please make sure it has an appropriate `as` value and it is preloaded intentionally. @ http://localhost:3000/master:0
[  165907ms] [WARNING] The resource http://localhost:3000/_next/static/css/app/layout.css?v=1777587544632 was preloaded using link preload but not used within a few seconds from the window's load event. Please make sure it has an appropriate `as` value and it is preloaded intentionally. @ http://localhost:3000/master:0
[  165907ms] [WARNING] The resource http://localhost:3000/_next/static/css/app/layout.css?v=1777587667893 was preloaded using link preload but not used within a few seconds from the window's load event. Please make sure it has an appropriate `as` value and it is preloaded intentionally. @ http://localhost:3000/master:0
[  165907ms] [WARNING] The resource http://localhost:3000/_next/static/css/app/layout.css?v=1777587686210 was preloaded using link preload but not used within a few seconds from the window's load event. Please make sure it has an appropriate `as` value and it is preloaded intentionally. @ http://localhost:3000/master:0
[  165907ms] [WARNING] The resource http://localhost:3000/_next/static/css/app/layout.css?v=1777587540112 was preloaded using link preload but not used within a few seconds from the window's load event. Please make sure it has an appropriate `as` value and it is preloaded intentionally. @ http://localhost:3000/master:0
[  165907ms] [WARNING] The resource http://localhost:3000/_next/static/css/app/layout.css?v=1777587670417 was preloaded using link preload but not used within a few seconds from the window's load event. Please make sure it has an appropriate `as` value and it is preloaded intentionally. @ http://localhost:3000/master:0
[  165907ms] [WARNING] The resource http://localhost:3000/_next/static/css/app/layout.css?v=1777587540386 was preloaded using link preload but not used within a few seconds from the window's load event. Please make sure it has an appropriate `as` value and it is preloaded intentionally. @ http://localhost:3000/master:0
[  165907ms] [WARNING] The resource http://localhost:3000/_next/static/css/app/layout.css?v=1777587546459 was preloaded using link preload but not used within a few seconds from the window's load event. Please make sure it has an appropriate `as` value and it is preloaded intentionally. @ http://localhost:3000/master:0
[  165907ms] [WARNING] The resource http://localhost:3000/_next/static/css/app/layout.css?v=1777587541946 was preloaded using link preload but not used within a few seconds from the window's load event. Please make sure it has an appropriate `as` value and it is preloaded intentionally. @ http://localhost:3000/master:0
[  165907ms] [WARNING] The resource http://localhost:3000/_next/static/css/app/layout.css?v=1777587555667 was preloaded using link preload but not used within a few seconds from the window's load event. Please make sure it has an appropriate `as` value and it is preloaded intentionally. @ http://localhost:3000/master:0
[  165907ms] [WARNING] The resource http://localhost:3000/_next/static/css/app/layout.css?v=1777587659696 was preloaded using link preload but not used within a few seconds from the window's load event. Please make sure it has an appropriate `as` value and it is preloaded intentionally. @ http://localhost:3000/master:0
[  165907ms] [WARNING] The resource http://localhost:3000/_next/static/css/app/layout.css?v=1777587679959 was preloaded using link preload but not used within a few seconds from the window's load event. Please make sure it has an appropriate `as` value and it is preloaded intentionally. @ http://localhost:3000/master:0
[  165907ms] [WARNING] The resource http://localhost:3000/_next/static/css/app/layout.css?v=1777587553871 was preloaded using link preload but not used within a few seconds from the window's load event. Please make sure it has an appropriate `as` value and it is preloaded intentionally. @ http://localhost:3000/master:0
[  165907ms] [WARNING] The resource http://localhost:3000/_next/static/css/app/layout.css?v=1777587667553 was preloaded using link preload but not used within a few seconds from the window's load event. Please make sure it has an appropriate `as` value and it is preloaded intentionally. @ http://localhost:3000/master:0
[  165907ms] [WARNING] The resource http://localhost:3000/_next/static/css/app/layout.css?v=1777587543979 was preloaded using link preload but not used within a few seconds from the window's load event. Please make sure it has an appropriate `as` value and it is preloaded intentionally. @ http://localhost:3000/master:0
[  165907ms] [WARNING] The resource http://localhost:3000/_next/static/css/app/layout.css?v=1777587666451 was preloaded using link preload but not used within a few seconds from the window's load event. Please make sure it has an appropriate `as` value and it is preloaded intentionally. @ http://localhost:3000/master:0
[  165908ms] [WARNING] The resource http://localhost:3000/_next/static/css/app/layout.css?v=1777587543545 was preloaded using link preload but not used within a few seconds from the window's load event. Please make sure it has an appropriate `as` value and it is preloaded intentionally. @ http://localhost:3000/master:0
[  165908ms] [WARNING] The resource http://localhost:3000/_next/static/css/app/layout.css?v=1777587683207 was preloaded using link preload but not used within a few seconds from the window's load event. Please make sure it has an appropriate `as` value and it is preloaded intentionally. @ http://localhost:3000/master:0
[  165908ms] [WARNING] The resource http://localhost:3000/_next/static/css/app/layout.css?v=1777587541315 was preloaded using link preload but not used within a few seconds from the window's load event. Please make sure it has an appropriate `as` value and it is preloaded intentionally. @ http://localhost:3000/master:0
[  165908ms] [WARNING] The resource http://localhost:3000/_next/static/css/app/layout.css?v=1777587544468 was preloaded using link preload but not used within a few seconds from the window's load event. Please make sure it has an appropriate `as` value and it is preloaded intentionally. @ http://localhost:3000/master:0
[  165908ms] [WARNING] The resource http://localhost:3000/_next/static/css/app/layout.css?v=1777587684267 was preloaded using link preload but not used within a few seconds from the window's load event. Please make sure it has an appropriate `as` value and it is preloaded intentionally. @ http://localhost:3000/master:0
[  165908ms] [WARNING] The resource http://localhost:3000/_next/static/css/app/layout.css?v=1777587659017 was preloaded using link preload but not used within a few seconds from the window's load event. Please make sure it has an appropriate `as` value and it is preloaded intentionally. @ http://localhost:3000/master:0
[  165908ms] [WARNING] The resource http://localhost:3000/_next/static/css/app/layout.css?v=1777587670005 was preloaded using link preload but not used within a few seconds from the window's load event. Please make sure it has an appropriate `as` value and it is preloaded intentionally. @ http://localhost:3000/master:0
[  165908ms] [WARNING] The resource http://localhost:3000/_next/static/css/app/layout.css?v=1777587665423 was preloaded using link preload but not used within a few seconds from the window's load event. Please make sure it has an appropriate `as` value and it is preloaded intentionally. @ http://localhost:3000/master:0
[  165908ms] [WARNING] The resource http://localhost:3000/_next/static/css/app/layout.css?v=1777587553506 was preloaded using link preload but not used within a few seconds from the window's load event. Please make sure it has an appropriate `as` value and it is preloaded intentionally. @ http://localhost:3000/master:0
[  165908ms] [WARNING] The resource http://localhost:3000/_next/static/css/app/layout.css?v=1777587552088 was preloaded using link preload but not used within a few seconds from the window's load event. Please make sure it has an appropriate `as` value and it is preloaded intentionally. @ http://localhost:3000/master:0
[  165908ms] [WARNING] The resource http://localhost:3000/_next/static/css/app/layout.css?v=1777587666810 was preloaded using link preload but not used within a few seconds from the window's load event. Please make sure it has an appropriate `as` value and it is preloaded intentionally. @ http://localhost:3000/master:0
[  165908ms] [WARNING] The resource http://localhost:3000/_next/static/css/app/layout.css?v=1777587551202 was preloaded using link preload but not used within a few seconds from the window's load event. Please make sure it has an appropriate `as` value and it is preloaded intentionally. @ http://localhost:3000/master:0
[  165908ms] [WARNING] The resource http://localhost:3000/_next/static/css/app/layout.css?v=1777587564918 was preloaded using link preload but not used within a few seconds from the window's load event. Please make sure it has an appropriate `as` value and it is preloaded intentionally. @ http://localhost:3000/master:0
[  165908ms] [WARNING] The resource http://localhost:3000/_next/static/css/app/layout.css?v=1777587654852 was preloaded using link preload but not used within a few seconds from the window's load event. Please make sure it has an appropriate `as` value and it is preloaded intentionally. @ http://localhost:3000/master:0
[  167708ms] [LOG] [Fast Refresh] rebuilding @ webpack-internal:///(app-pages-browser)/./node_modules/.pnpm/next@15.5.14_@babel+core@7.29.0_@playwright+test@1.52.0_react-dom@19.1.0_react@19.1.0__react@19.1.0/node_modules/next/dist/client/dev/hot-reloader/app/hot-reloader-app.js:196
[  170729ms] [WARNING] The resource http://localhost:3000/_next/static/css/app/layout.css?v=1777587563975 was preloaded using link preload but not used within a few seconds from the window's load event. Please make sure it has an appropriate `as` value and it is preloaded intentionally. @ http://localhost:3000/master:0
[  170729ms] [WARNING] The resource http://localhost:3000/_next/static/css/app/layout.css?v=1777587681241 was preloaded using link preload but not used within a few seconds from the window's load event. Please make sure it has an appropriate `as` value and it is preloaded intentionally. @ http://localhost:3000/master:0
[  170729ms] [WARNING] The resource http://localhost:3000/_next/static/css/app/layout.css?v=1777587660361 was preloaded using link preload but not used within a few seconds from the window's load event. Please make sure it has an appropriate `as` value and it is preloaded intentionally. @ http://localhost:3000/master:0
[  170729ms] [WARNING] The resource http://localhost:3000/_next/static/css/app/layout.css?v=1777587574582 was preloaded using link preload but not used within a few seconds from the window's load event. Please make sure it has an appropriate `as` value and it is preloaded intentionally. @ http://localhost:3000/master:0
[  170729ms] [WARNING] The resource http://localhost:3000/_next/static/css/app/layout.css?v=1777587656291 was preloaded using link preload but not used within a few seconds from the window's load event. Please make sure it has an appropriate `as` value and it is preloaded intentionally. @ http://localhost:3000/master:0
[  170729ms] [WARNING] The resource http://localhost:3000/_next/static/css/app/layout.css?v=1777587668602 was preloaded using link preload but not used within a few seconds from the window's load event. Please make sure it has an appropriate `as` value and it is preloaded intentionally. @ http://localhost:3000/master:0
[  170729ms] [WARNING] The resource http://localhost:3000/_next/static/css/app/layout.css?v=1777587673183 was preloaded using link preload but not used within a few seconds from the window's load event. Please make sure it has an appropriate `as` value and it is preloaded intentionally. @ http://localhost:3000/master:0
[  170729ms] [WARNING] The resource http://localhost:3000/_next/static/css/app/layout.css?v=1777587667295 was preloaded using link preload but not used within a few seconds from the window's load event. Please make sure it has an appropriate `as` value and it is preloaded intentionally. @ http://localhost:3000/master:0
[  170729ms] [WARNING] The resource http://localhost:3000/_next/static/css/app/layout.css?v=1777587550906 was preloaded using link preload but not used within a few seconds from the window's load event. Please make sure it has an appropriate `as` value and it is preloaded intentionally. @ http://localhost:3000/master:0
[  170729ms] [WARNING] The resource http://localhost:3000/_next/static/css/app/layout.css?v=1777587564426 was preloaded using link preload but not used within a few seconds from the window's load event. Please make sure it has an appropriate `as` value and it is preloaded intentionally. @ http://localhost:3000/master:0
[  170729ms] [WARNING] The resource http://localhost:3000/_next/static/css/app/layout.css?v=1777587668838 was preloaded using link preload but not used within a few seconds from the window's load event. Please make sure it has an appropriate `as` value and it is preloaded intentionally. @ http://localhost:3000/master:0
[  170729ms] [WARNING] The resource http://localhost:3000/_next/static/css/app/layout.css?v=1777587685430 was preloaded using link preload but not used within a few seconds from the window's load event. Please make sure it has an appropriate `as` value and it is preloaded intentionally. @ http://localhost:3000/master:0
[  170729ms] [WARNING] The resource http://localhost:3000/_next/static/css/app/layout.css?v=1777587683950 was preloaded using link preload but not used within a few seconds from the window's load event. Please make sure it has an appropriate `as` value and it is preloaded intentionally. @ http://localhost:3000/master:0
[  170729ms] [WARNING] The resource http://localhost:3000/_next/static/css/app/layout.css?v=1777587569598 was preloaded using link preload but not used within a few seconds from the window's load event. Please make sure it has an appropriate `as` value and it is preloaded intentionally. @ http://localhost:3000/master:0
[  170729ms] [WARNING] The resource http://localhost:3000/_next/static/css/app/layout.css?v=1777587538629 was preloaded using link preload but not used within a few seconds from the window's load event. Please make sure it has an appropriate `as` value and it is preloaded intentionally. @ http://localhost:3000/master:0
[  170729ms] [WARNING] The resource http://localhost:3000/_next/static/css/app/layout.css?v=1777587685125 was preloaded using link preload but not used within a few seconds from the window's load event. Please make sure it has an appropriate `as` value and it is preloaded intentionally. @ http://localhost:3000/master:0
[  170729ms] [WARNING] The resource http://localhost:3000/_next/static/css/app/layout.css?v=1777587593975 was preloaded using link preload but not used within a few seconds from the window's load event. Please make sure it has an appropriate `as` value and it is preloaded intentionally. @ http://localhost:3000/master:0
[  170729ms] [WARNING] The resource http://localhost:3000/_next/static/css/app/layout.css?v=1777587568600 was preloaded using link preload but not used within a few seconds from the window's load event. Please make sure it has an appropriate `as` value and it is preloaded intentionally. @ http://localhost:3000/master:0
[  170729ms] [WARNING] The resource http://localhost:3000/_next/static/css/app/layout.css?v=1777587589318 was preloaded using link preload but not used within a few seconds from the window's load event. Please make sure it has an appropriate `as` value and it is preloaded intentionally. @ http://localhost:3000/master:0
[  170729ms] [WARNING] The resource http://localhost:3000/_next/static/css/app/layout.css?v=1777587664206 was preloaded using link preload but not used within a few seconds from the window's load event. Please make sure it has an appropriate `as` value and it is preloaded intentionally. @ http://localhost:3000/master:0
[  170729ms] [WARNING] The resource http://localhost:3000/_next/static/css/app/layout.css?v=1777587539626 was preloaded using link preload but not used within a few seconds from the window's load event. Please make sure it has an appropriate `as` value and it is preloaded intentionally. @ http://localhost:3000/master:0
[  170729ms] [WARNING] The resource http://localhost:3000/_next/static/css/app/layout.css?v=1777587657807 was preloaded using link preload but not used within a few seconds from the window's load event. Please make sure it has an appropriate `as` value and it is preloaded intentionally. @ http://localhost:3000/master:0
[  170729ms] [WARNING] The resource http://localhost:3000/_next/static/css/app/layout.css?v=1777587547068 was preloaded using link preload but not used within a few seconds from the window's load event. Please make sure it has an appropriate `as` value and it is preloaded intentionally. @ http://localhost:3000/master:0
[  170729ms] [WARNING] The resource http://localhost:3000/_next/static/css/app/layout.css?v=1777587548248 was preloaded using link preload but not used within a few seconds from the window's load event. Please make sure it has an appropriate `as` value and it is preloaded intentionally. @ http://localhost:3000/master:0
[  170729ms] [WARNING] The resource http://localhost:3000/_next/static/css/app/layout.css?v=1777587552495 was preloaded using link preload but not used within a few seconds from the window's load event. Please make sure it has an appropriate `as` value and it is preloaded intentionally. @ http://localhost:3000/master:0
[  170729ms] [WARNING] The resource http://localhost:3000/_next/static/css/app/layout.css?v=1777587665867 was preloaded using link preload but not used within a few seconds from the window's load event. Please make sure it has an appropriate `as` value and it is preloaded intentionally. @ http://localhost:3000/master:0
[  170729ms] [WARNING] The resource http://localhost:3000/_next/static/css/app/layout.css?v=1777587667061 was preloaded using link preload but not used within a few seconds from the window's load event. Please make sure it has an appropriate `as` value and it is preloaded intentionally. @ http://localhost:3000/master:0
[  170729ms] [WARNING] The resource http://localhost:3000/_next/static/css/app/layout.css?v=1777587670729 was preloaded using link preload but not used within a few seconds from the window's load event. Please make sure it has an appropriate `as` value and it is preloaded intentionally. @ http://localhost:3000/master:0
[  170729ms] [WARNING] The resource http://localhost:3000/_next/static/css/app/layout.css?v=1777587549727 was preloaded using link preload but not used within a few seconds from the window's load event. Please make sure it has an appropriate `as` value and it is preloaded intentionally. @ http://localhost:3000/master:0
[  170729ms] [WARNING] The resource http://localhost:3000/_next/static/css/app/layout.css?v=1777587544234 was preloaded using link preload but not used within a few seconds from the window's load event. Please make sure it has an appropriate `as` value and it is preloaded intentionally. @ http://localhost:3000/master:0
[  170729ms] [WARNING] The resource http://localhost:3000/_next/static/css/app/layout.css?v=1777587553010 was preloaded using link preload but not used within a few seconds from the window's load event. Please make sure it has an appropriate `as` value and it is preloaded intentionally. @ http://localhost:3000/master:0
[  170729ms] [WARNING] The resource http://localhost:3000/_next/static/css/app/layout.css?v=1777587550607 was preloaded using link preload but not used within a few seconds from the window's load event. Please make sure it has an appropriate `as` value and it is preloaded intentionally. @ http://localhost:3000/master:0
[  170729ms] [WARNING] The resource http://localhost:3000/_next/static/css/app/layout.css?v=1777587652693 was preloaded using link preload but not used within a few seconds from the window's load event. Please make sure it has an appropriate `as` value and it is preloaded intentionally. @ http://localhost:3000/master:0
[  170729ms] [WARNING] The resource http://localhost:3000/_next/static/css/app/layout.css?v=1777587554295 was preloaded using link preload but not used within a few seconds from the window's load event. Please make sure it has an appropriate `as` value and it is preloaded intentionally. @ http://localhost:3000/master:0
[  170729ms] [WARNING] The resource http://localhost:3000/_next/static/css/app/layout.css?v=1777587567351 was preloaded using link preload but not used within a few seconds from the window's load event. Please make sure it has an appropriate `as` value and it is preloaded intentionally. @ http://localhost:3000/master:0
[  170729ms] [WARNING] The resource http://localhost:3000/_next/static/css/app/layout.css?v=1777587684852 was preloaded using link preload but not used within a few seconds from the window's load event. Please make sure it has an appropriate `as` value and it is preloaded intentionally. @ http://localhost:3000/master:0
[  170729ms] [WARNING] The resource http://localhost:3000/_next/static/css/app/layout.css?v=1777587562251 was preloaded using link preload but not used within a few seconds from the window's load event. Please make sure it has an appropriate `as` value and it is preloaded intentionally. @ http://localhost:3000/master:0
[  170729ms] [WARNING] The resource http://localhost:3000/_next/static/css/app/layout.css?v=1777587663717 was preloaded using link preload but not used within a few seconds from the window's load event. Please make sure it has an appropriate `as` value and it is preloaded intentionally. @ http://localhost:3000/master:0
[  170729ms] [WARNING] The resource http://localhost:3000/_next/static/css/app/layout.css?v=1777587677347 was preloaded using link preload but not used within a few seconds from the window's load event. Please make sure it has an appropriate `as` value and it is preloaded intentionally. @ http://localhost:3000/master:0
[  170730ms] [WARNING] The resource http://localhost:3000/_next/static/css/app/layout.css?v=1777587545666 was preloaded using link preload but not used within a few seconds from the window's load event. Please make sure it has an appropriate `as` value and it is preloaded intentionally. @ http://localhost:3000/master:0
[  170730ms] [WARNING] The resource http://localhost:3000/_next/static/css/app/layout.css?v=1777587538266 was preloaded using link preload but not used within a few seconds from the window's load event. Please make sure it has an appropriate `as` value and it is preloaded intentionally. @ http://localhost:3000/master:0
[  170730ms] [WARNING] The resource http://localhost:3000/_next/static/css/app/layout.css?v=1777587669601 was preloaded using link preload but not used within a few seconds from the window's load event. Please make sure it has an appropriate `as` value and it is preloaded intentionally. @ http://localhost:3000/master:0
[  170730ms] [WARNING] The resource http://localhost:3000/_next/static/css/app/layout.css?v=1777587556356 was preloaded using link preload but not used within a few seconds from the window's load event. Please make sure it has an appropriate `as` value and it is preloaded intentionally. @ http://localhost:3000/master:0
[  170730ms] [WARNING] The resource http://localhost:3000/_next/static/css/app/layout.css?v=1777587537585 was preloaded using link preload but not used within a few seconds from the window's load event. Please make sure it has an appropriate `as` value and it is preloaded intentionally. @ http://localhost:3000/master:0
[  170730ms] [WARNING] The resource http://localhost:3000/_next/static/css/app/layout.css?v=1777587540543 was preloaded using link preload but not used within a few seconds from the window's load event. Please make sure it has an appropriate `as` value and it is preloaded intentionally. @ http://localhost:3000/master:0
[  170730ms] [WARNING] The resource http://localhost:3000/_next/static/css/app/layout.css?v=1777587543347 was preloaded using link preload but not used within a few seconds from the window's load event. Please make sure it has an appropriate `as` value and it is preloaded intentionally. @ http://localhost:3000/master:0
[  170730ms] [WARNING] The resource http://localhost:3000/_next/static/css/app/layout.css?v=1777587552755 was preloaded using link preload but not used within a few seconds from the window's load event. Please make sure it has an appropriate `as` value and it is preloaded intentionally. @ http://localhost:3000/master:0
[  170730ms] [WARNING] The resource http://localhost:3000/_next/static/css/app/layout.css?v=1777587543147 was preloaded using link preload but not used within a few seconds from the window's load event. Please make sure it has an appropriate `as` value and it is preloaded intentionally. @ http://localhost:3000/master:0
[  170730ms] [WARNING] The resource http://localhost:3000/_next/static/css/app/layout.css?v=1777587546843 was preloaded using link preload but not used within a few seconds from the window's load event. Please make sure it has an appropriate `as` value and it is preloaded intentionally. @ http://localhost:3000/master:0
[  170730ms] [WARNING] The resource http://localhost:3000/_next/static/css/app/layout.css?v=1777587543773 was preloaded using link preload but not used within a few seconds from the window's load event. Please make sure it has an appropriate `as` value and it is preloaded intentionally. @ http://localhost:3000/master:0
[  170730ms] [WARNING] The resource http://localhost:3000/_next/static/css/app/layout.css?v=1777587669361 was preloaded using link preload but not used within a few seconds from the window's load event. Please make sure it has an appropriate `as` value and it is preloaded intentionally. @ http://localhost:3000/master:0
[  170730ms] [WARNING] The resource http://localhost:3000/_next/static/css/app/layout.css?v=1777587550250 was preloaded using link preload but not used within a few seconds from the window's load event. Please make sure it has an appropriate `as` value and it is preloaded intentionally. @ http://localhost:3000/master:0
[  170730ms] [WARNING] The resource http://localhost:3000/_next/static/css/app/layout.css?v=1777587565861 was preloaded using link preload but not used within a few seconds from the window's load event. Please make sure it has an appropriate `as` value and it is preloaded intentionally. @ http://localhost:3000/master:0
[  170730ms] [WARNING] The resource http://localhost:3000/_next/static/css/app/layout.css?v=1777587668962 was preloaded using link preload but not used within a few seconds from the window's load event. Please make sure it has an appropriate `as` value and it is preloaded intentionally. @ http://localhost:3000/master:0
[  170730ms] [WARNING] The resource http://localhost:3000/_next/static/css/app/layout.css?v=1777587563274 was preloaded using link preload but not used within a few seconds from the window's load event. Please make sure it has an appropriate `as` value and it is preloaded intentionally. @ http://localhost:3000/master:0
[  170730ms] [WARNING] The resource http://localhost:3000/_next/static/css/app/layout.css?v=1777587553242 was preloaded using link preload but not used within a few seconds from the window's load event. Please make sure it has an appropriate `as` value and it is preloaded intentionally. @ http://localhost:3000/master:0
[  170730ms] [WARNING] The resource http://localhost:3000/_next/static/css/app/layout.css?v=1777587682756 was preloaded using link preload but not used within a few seconds from the window's load event. Please make sure it has an appropriate `as` value and it is preloaded intentionally. @ http://localhost:3000/master:0
[  170730ms] [WARNING] The resource http://localhost:3000/_next/static/css/app/layout.css?v=1777587671226 was preloaded using link preload but not used within a few seconds from the window's load event. Please make sure it has an appropriate `as` value and it is preloaded intentionally. @ http://localhost:3000/master:0
[  170730ms] [WARNING] The resource http://localhost:3000/_next/static/css/app/layout.css?v=1777587662695 was preloaded using link preload but not used within a few seconds from the window's load event. Please make sure it has an appropriate `as` value and it is preloaded intentionally. @ http://localhost:3000/master:0
[  170730ms] [WARNING] The resource http://localhost:3000/_next/static/css/app/layout.css?v=1777587664859 was preloaded using link preload but not used within a few seconds from the window's load event. Please make sure it has an appropriate `as` value and it is preloaded intentionally. @ http://localhost:3000/master:0
[  170730ms] [WARNING] The resource http://localhost:3000/_next/static/css/app/layout.css?v=1777587540732 was preloaded using link preload but not used within a few seconds from the window's load event. Please make sure it has an appropriate `as` value and it is preloaded intentionally. @ http://localhost:3000/master:0
[  170730ms] [WARNING] The resource http://localhost:3000/_next/static/css/app/layout.css?v=1777587544632 was preloaded using link preload but not used within a few seconds from the window's load event. Please make sure it has an appropriate `as` value and it is preloaded intentionally. @ http://localhost:3000/master:0
[  170730ms] [WARNING] The resource http://localhost:3000/_next/static/css/app/layout.css?v=1777587667893 was preloaded using link preload but not used within a few seconds from the window's load event. Please make sure it has an appropriate `as` value and it is preloaded intentionally. @ http://localhost:3000/master:0
[  170730ms] [WARNING] The resource http://localhost:3000/_next/static/css/app/layout.css?v=1777587686210 was preloaded using link preload but not used within a few seconds from the window's load event. Please make sure it has an appropriate `as` value and it is preloaded intentionally. @ http://localhost:3000/master:0
[  170730ms] [WARNING] The resource http://localhost:3000/_next/static/css/app/layout.css?v=1777587540112 was preloaded using link preload but not used within a few seconds from the window's load event. Please make sure it has an appropriate `as` value and it is preloaded intentionally. @ http://localhost:3000/master:0
[  170730ms] [WARNING] The resource http://localhost:3000/_next/static/css/app/layout.css?v=1777587670417 was preloaded using link preload but not used within a few seconds from the window's load event. Please make sure it has an appropriate `as` value and it is preloaded intentionally. @ http://localhost:3000/master:0
[  170730ms] [WARNING] The resource http://localhost:3000/_next/static/css/app/layout.css?v=1777587540386 was preloaded using link preload but not used within a few seconds from the window's load event. Please make sure it has an appropriate `as` value and it is preloaded intentionally. @ http://localhost:3000/master:0
[  170730ms] [WARNING] The resource http://localhost:3000/_next/static/css/app/layout.css?v=1777587546459 was preloaded using link preload but not used within a few seconds from the window's load event. Please make sure it has an appropriate `as` value and it is preloaded intentionally. @ http://localhost:3000/master:0
[  170730ms] [WARNING] The resource http://localhost:3000/_next/static/css/app/layout.css?v=1777587541946 was preloaded using link preload but not used within a few seconds from the window's load event. Please make sure it has an appropriate `as` value and it is preloaded intentionally. @ http://localhost:3000/master:0
[  170730ms] [WARNING] The resource http://localhost:3000/_next/static/css/app/layout.css?v=1777587555667 was preloaded using link preload but not used within a few seconds from the window's load event. Please make sure it has an appropriate `as` value and it is preloaded intentionally. @ http://localhost:3000/master:0
[  170730ms] [WARNING] The resource http://localhost:3000/_next/static/css/app/layout.css?v=1777587659696 was preloaded using link preload but not used within a few seconds from the window's load event. Please make sure it has an appropriate `as` value and it is preloaded intentionally. @ http://localhost:3000/master:0
[  170730ms] [WARNING] The resource http://localhost:3000/_next/static/css/app/layout.css?v=1777587679959 was preloaded using link preload but not used within a few seconds from the window's load event. Please make sure it has an appropriate `as` value and it is preloaded intentionally. @ http://localhost:3000/master:0
[  170730ms] [WARNING] The resource http://localhost:3000/_next/static/css/app/layout.css?v=1777587553871 was preloaded using link preload but not used within a few seconds from the window's load event. Please make sure it has an appropriate `as` value and it is preloaded intentionally. @ http://localhost:3000/master:0
[  170730ms] [WARNING] The resource http://localhost:3000/_next/static/css/app/layout.css?v=1777587667553 was preloaded using link preload but not used within a few seconds from the window's load event. Please make sure it has an appropriate `as` value and it is preloaded intentionally. @ http://localhost:3000/master:0
[  170730ms] [WARNING] The resource http://localhost:3000/_next/static/css/app/layout.css?v=1777587543979 was preloaded using link preload but not used within a few seconds from the window's load event. Please make sure it has an appropriate `as` value and it is preloaded intentionally. @ http://localhost:3000/master:0
[  170730ms] [WARNING] The resource http://localhost:3000/_next/static/css/app/layout.css?v=1777587666451 was preloaded using link preload but not used within a few seconds from the window's load event. Please make sure it has an appropriate `as` value and it is preloaded intentionally. @ http://localhost:3000/master:0
[  170730ms] [WARNING] The resource http://localhost:3000/_next/static/css/app/layout.css?v=1777587543545 was preloaded using link preload but not used within a few seconds from the window's load event. Please make sure it has an appropriate `as` value and it is preloaded intentionally. @ http://localhost:3000/master:0
[  170730ms] [WARNING] The resource http://localhost:3000/_next/static/css/app/layout.css?v=1777587683207 was preloaded using link preload but not used within a few seconds from the window's load event. Please make sure it has an appropriate `as` value and it is preloaded intentionally. @ http://localhost:3000/master:0
[  170730ms] [WARNING] The resource http://localhost:3000/_next/static/css/app/layout.css?v=1777587541315 was preloaded using link preload but not used within a few seconds from the window's load event. Please make sure it has an appropriate `as` value and it is preloaded intentionally. @ http://localhost:3000/master:0
[  170730ms] [WARNING] The resource http://localhost:3000/_next/static/css/app/layout.css?v=1777587544468 was preloaded using link preload but not used within a few seconds from the window's load event. Please make sure it has an appropriate `as` value and it is preloaded intentionally. @ http://localhost:3000/master:0
[  170730ms] [WARNING] The resource http://localhost:3000/_next/static/css/app/layout.css?v=1777587684267 was preloaded using link preload but not used within a few seconds from the window's load event. Please make sure it has an appropriate `as` value and it is preloaded intentionally. @ http://localhost:3000/master:0
[  170730ms] [WARNING] The resource http://localhost:3000/_next/static/css/app/layout.css?v=1777587659017 was preloaded using link preload but not used within a few seconds from the window's load event. Please make sure it has an appropriate `as` value and it is preloaded intentionally. @ http://localhost:3000/master:0
[  170730ms] [WARNING] The resource http://localhost:3000/_next/static/css/app/layout.css?v=1777587670005 was preloaded using link preload but not used within a few seconds from the window's load event. Please make sure it has an appropriate `as` value and it is preloaded intentionally. @ http://localhost:3000/master:0
[  170730ms] [WARNING] The resource http://localhost:3000/_next/static/css/app/layout.css?v=1777587665423 was preloaded using link preload but not used within a few seconds from the window's load event. Please make sure it has an appropriate `as` value and it is preloaded intentionally. @ http://localhost:3000/master:0
[  170730ms] [WARNING] The resource http://localhost:3000/_next/static/css/app/layout.css?v=1777587553506 was preloaded using link preload but not used within a few seconds from the window's load event. Please make sure it has an appropriate `as` value and it is preloaded intentionally. @ http://localhost:3000/master:0
[  170730ms] [WARNING] The resource http://localhost:3000/_next/static/css/app/layout.css?v=1777587552088 was preloaded using link preload but not used within a few seconds from the window's load event. Please make sure it has an appropriate `as` value and it is preloaded intentionally. @ http://localhost:3000/master:0
[  170730ms] [WARNING] The resource http://localhost:3000/_next/static/css/app/layout.css?v=1777587666810 was preloaded using link preload but not used within a few seconds from the window's load event. Please make sure it has an appropriate `as` value and it is preloaded intentionally. @ http://localhost:3000/master:0
[  170730ms] [WARNING] The resource http://localhost:3000/_next/static/css/app/layout.css?v=1777587551202 was preloaded using link preload but not used within a few seconds from the window's load event. Please make sure it has an appropriate `as` value and it is preloaded intentionally. @ http://localhost:3000/master:0
[  170730ms] [WARNING] The resource http://localhost:3000/_next/static/css/app/layout.css?v=1777587564918 was preloaded using link preload but not used within a few seconds from the window's load event. Please make sure it has an appropriate `as` value and it is preloaded intentionally. @ http://localhost:3000/master:0
[  170731ms] [WARNING] The resource http://localhost:3000/_next/static/css/app/layout.css?v=1777587654852 was preloaded using link preload but not used within a few seconds from the window's load event. Please make sure it has an appropriate `as` value and it is preloaded intentionally. @ http://localhost:3000/master:0
[  172270ms] [LOG] [Fast Refresh] done in 4561ms @ webpack-internal:///(app-pages-browser)/./node_modules/.pnpm/next@15.5.14_@babel+core@7.29.0_@playwright+test@1.52.0_react-dom@19.1.0_react@19.1.0__react@19.1.0/node_modules/next/dist/client/dev/report-hmr-latency.js:13
[  175351ms] [WARNING] The resource http://localhost:3000/_next/static/css/app/layout.css?v=1777587563975 was preloaded using link preload but not used within a few seconds from the window's load event. Please make sure it has an appropriate `as` value and it is preloaded intentionally. @ http://localhost:3000/master:0
[  175351ms] [WARNING] The resource http://localhost:3000/_next/static/css/app/layout.css?v=1777587681241 was preloaded using link preload but not used within a few seconds from the window's load event. Please make sure it has an appropriate `as` value and it is preloaded intentionally. @ http://localhost:3000/master:0
[  175351ms] [WARNING] The resource http://localhost:3000/_next/static/css/app/layout.css?v=1777587660361 was preloaded using link preload but not used within a few seconds from the window's load event. Please make sure it has an appropriate `as` value and it is preloaded intentionally. @ http://localhost:3000/master:0
[  175351ms] [WARNING] The resource http://localhost:3000/_next/static/css/app/layout.css?v=1777587574582 was preloaded using link preload but not used within a few seconds from the window's load event. Please make sure it has an appropriate `as` value and it is preloaded intentionally. @ http://localhost:3000/master:0
[  175351ms] [WARNING] The resource http://localhost:3000/_next/static/css/app/layout.css?v=1777587656291 was preloaded using link preload but not used within a few seconds from the window's load event. Please make sure it has an appropriate `as` value and it is preloaded intentionally. @ http://localhost:3000/master:0
[  175351ms] [WARNING] The resource http://localhost:3000/_next/static/css/app/layout.css?v=1777587668602 was preloaded using link preload but not used within a few seconds from the window's load event. Please make sure it has an appropriate `as` value and it is preloaded intentionally. @ http://localhost:3000/master:0
[  175351ms] [WARNING] The resource http://localhost:3000/_next/static/css/app/layout.css?v=1777587673183 was preloaded using link preload but not used within a few seconds from the window's load event. Please make sure it has an appropriate `as` value and it is preloaded intentionally. @ http://localhost:3000/master:0
[  175351ms] [WARNING] The resource http://localhost:3000/_next/static/css/app/layout.css?v=1777587667295 was preloaded using link preload but not used within a few seconds from the window's load event. Please make sure it has an appropriate `as` value and it is preloaded intentionally. @ http://localhost:3000/master:0
[  175351ms] [WARNING] The resource http://localhost:3000/_next/static/css/app/layout.css?v=1777587550906 was preloaded using link preload but not used within a few seconds from the window's load event. Please make sure it has an appropriate `as` value and it is preloaded intentionally. @ http://localhost:3000/master:0
[  175351ms] [WARNING] The resource http://localhost:3000/_next/static/css/app/layout.css?v=1777587564426 was preloaded using link preload but not used within a few seconds from the window's load event. Please make sure it has an appropriate `as` value and it is preloaded intentionally. @ http://localhost:3000/master:0
[  175351ms] [WARNING] The resource http://localhost:3000/_next/static/css/app/layout.css?v=1777587668838 was preloaded using link preload but not used within a few seconds from the window's load event. Please make sure it has an appropriate `as` value and it is preloaded intentionally. @ http://localhost:3000/master:0
[  175351ms] [WARNING] The resource http://localhost:3000/_next/static/css/app/layout.css?v=1777587685430 was preloaded using link preload but not used within a few seconds from the window's load event. Please make sure it has an appropriate `as` value and it is preloaded intentionally. @ http://localhost:3000/master:0
[  175351ms] [WARNING] The resource http://localhost:3000/_next/static/css/app/layout.css?v=1777587683950 was preloaded using link preload but not used within a few seconds from the window's load event. Please make sure it has an appropriate `as` value and it is preloaded intentionally. @ http://localhost:3000/master:0
[  175351ms] [WARNING] The resource http://localhost:3000/_next/static/css/app/layout.css?v=1777587569598 was preloaded using link preload but not used within a few seconds from the window's load event. Please make sure it has an appropriate `as` value and it is preloaded intentionally. @ http://localhost:3000/master:0
[  175351ms] [WARNING] The resource http://localhost:3000/_next/static/css/app/layout.css?v=1777587538629 was preloaded using link preload but not used within a few seconds from the window's load event. Please make sure it has an appropriate `as` value and it is preloaded intentionally. @ http://localhost:3000/master:0
[  175351ms] [WARNING] The resource http://localhost:3000/_next/static/css/app/layout.css?v=1777587685125 was preloaded using link preload but not used within a few seconds from the window's load event. Please make sure it has an appropriate `as` value and it is preloaded intentionally. @ http://localhost:3000/master:0
[  175351ms] [WARNING] The resource http://localhost:3000/_next/static/css/app/layout.css?v=1777587593975 was preloaded using link preload but not used within a few seconds from the window's load event. Please make sure it has an appropriate `as` value and it is preloaded intentionally. @ http://localhost:3000/master:0
[  175351ms] [WARNING] The resource http://localhost:3000/_next/static/css/app/layout.css?v=1777587568600 was preloaded using link preload but not used within a few seconds from the window's load event. Please make sure it has an appropriate `as` value and it is preloaded intentionally. @ http://localhost:3000/master:0
[  175351ms] [WARNING] The resource http://localhost:3000/_next/static/css/app/layout.css?v=1777587589318 was preloaded using link preload but not used within a few seconds from the window's load event. Please make sure it has an appropriate `as` value and it is preloaded intentionally. @ http://localhost:3000/master:0
[  175351ms] [WARNING] The resource http://localhost:3000/_next/static/css/app/layout.css?v=1777587664206 was preloaded using link preload but not used within a few seconds from the window's load event. Please make sure it has an appropriate `as` value and it is preloaded intentionally. @ http://localhost:3000/master:0
[  175351ms] [WARNING] The resource http://localhost:3000/_next/static/css/app/layout.css?v=1777587539626 was preloaded using link preload but not used within a few seconds from the window's load event. Please make sure it has an appropriate `as` value and it is preloaded intentionally. @ http://localhost:3000/master:0
[  175351ms] [WARNING] The resource http://localhost:3000/_next/static/css/app/layout.css?v=1777587657807 was preloaded using link preload but not used within a few seconds from the window's load event. Please make sure it has an appropriate `as` value and it is preloaded intentionally. @ http://localhost:3000/master:0
[  175352ms] [WARNING] The resource http://localhost:3000/_next/static/css/app/layout.css?v=1777587547068 was preloaded using link preload but not used within a few seconds from the window's load event. Please make sure it has an appropriate `as` value and it is preloaded intentionally. @ http://localhost:3000/master:0
[  175352ms] [WARNING] The resource http://localhost:3000/_next/static/css/app/layout.css?v=1777587548248 was preloaded using link preload but not used within a few seconds from the window's load event. Please make sure it has an appropriate `as` value and it is preloaded intentionally. @ http://localhost:3000/master:0
[  175352ms] [WARNING] The resource http://localhost:3000/_next/static/css/app/layout.css?v=1777587552495 was preloaded using link preload but not used within a few seconds from the window's load event. Please make sure it has an appropriate `as` value and it is preloaded intentionally. @ http://localhost:3000/master:0
[  175352ms] [WARNING] The resource http://localhost:3000/_next/static/css/app/layout.css?v=1777587665867 was preloaded using link preload but not used within a few seconds from the window's load event. Please make sure it has an appropriate `as` value and it is preloaded intentionally. @ http://localhost:3000/master:0
[  175352ms] [WARNING] The resource http://localhost:3000/_next/static/css/app/layout.css?v=1777587667061 was preloaded using link preload but not used within a few seconds from the window's load event. Please make sure it has an appropriate `as` value and it is preloaded intentionally. @ http://localhost:3000/master:0
[  175352ms] [WARNING] The resource http://localhost:3000/_next/static/css/app/layout.css?v=1777587670729 was preloaded using link preload but not used within a few seconds from the window's load event. Please make sure it has an appropriate `as` value and it is preloaded intentionally. @ http://localhost:3000/master:0
[  175352ms] [WARNING] The resource http://localhost:3000/_next/static/css/app/layout.css?v=1777587549727 was preloaded using link preload but not used within a few seconds from the window's load event. Please make sure it has an appropriate `as` value and it is preloaded intentionally. @ http://localhost:3000/master:0
[  175352ms] [WARNING] The resource http://localhost:3000/_next/static/css/app/layout.css?v=1777587544234 was preloaded using link preload but not used within a few seconds from the window's load event. Please make sure it has an appropriate `as` value and it is preloaded intentionally. @ http://localhost:3000/master:0
[  175352ms] [WARNING] The resource http://localhost:3000/_next/static/css/app/layout.css?v=1777587553010 was preloaded using link preload but not used within a few seconds from the window's load event. Please make sure it has an appropriate `as` value and it is preloaded intentionally. @ http://localhost:3000/master:0
[  175352ms] [WARNING] The resource http://localhost:3000/_next/static/css/app/layout.css?v=1777587550607 was preloaded using link preload but not used within a few seconds from the window's load event. Please make sure it has an appropriate `as` value and it is preloaded intentionally. @ http://localhost:3000/master:0
[  175352ms] [WARNING] The resource http://localhost:3000/_next/static/css/app/layout.css?v=1777587652693 was preloaded using link preload but not used within a few seconds from the window's load event. Please make sure it has an appropriate `as` value and it is preloaded intentionally. @ http://localhost:3000/master:0
[  175352ms] [WARNING] The resource http://localhost:3000/_next/static/css/app/layout.css?v=1777587554295 was preloaded using link preload but not used within a few seconds from the window's load event. Please make sure it has an appropriate `as` value and it is preloaded intentionally. @ http://localhost:3000/master:0
[  175352ms] [WARNING] The resource http://localhost:3000/_next/static/css/app/layout.css?v=1777587567351 was preloaded using link preload but not used within a few seconds from the window's load event. Please make sure it has an appropriate `as` value and it is preloaded intentionally. @ http://localhost:3000/master:0
[  175352ms] [WARNING] The resource http://localhost:3000/_next/static/css/app/layout.css?v=1777587684852 was preloaded using link preload but not used within a few seconds from the window's load event. Please make sure it has an appropriate `as` value and it is preloaded intentionally. @ http://localhost:3000/master:0
[  175354ms] [WARNING] The resource http://localhost:3000/_next/static/css/app/layout.css?v=1777587562251 was preloaded using link preload but not used within a few seconds from the window's load event. Please make sure it has an appropriate `as` value and it is preloaded intentionally. @ http://localhost:3000/master:0
[  175354ms] [WARNING] The resource http://localhost:3000/_next/static/css/app/layout.css?v=1777587663717 was preloaded using link preload but not used within a few seconds from the window's load event. Please make sure it has an appropriate `as` value and it is preloaded intentionally. @ http://localhost:3000/master:0
[  175354ms] [WARNING] The resource http://localhost:3000/_next/static/css/app/layout.css?v=1777587677347 was preloaded using link preload but not used within a few seconds from the window's load event. Please make sure it has an appropriate `as` value and it is preloaded intentionally. @ http://localhost:3000/master:0
[  175354ms] [WARNING] The resource http://localhost:3000/_next/static/css/app/layout.css?v=1777587545666 was preloaded using link preload but not used within a few seconds from the window's load event. Please make sure it has an appropriate `as` value and it is preloaded intentionally. @ http://localhost:3000/master:0
[  175354ms] [WARNING] The resource http://localhost:3000/_next/static/css/app/layout.css?v=1777587538266 was preloaded using link preload but not used within a few seconds from the window's load event. Please make sure it has an appropriate `as` value and it is preloaded intentionally. @ http://localhost:3000/master:0
[  175354ms] [WARNING] The resource http://localhost:3000/_next/static/css/app/layout.css?v=1777587669601 was preloaded using link preload but not used within a few seconds from the window's load event. Please make sure it has an appropriate `as` value and it is preloaded intentionally. @ http://localhost:3000/master:0
[  175354ms] [WARNING] The resource http://localhost:3000/_next/static/css/app/layout.css?v=1777587556356 was preloaded using link preload but not used within a few seconds from the window's load event. Please make sure it has an appropriate `as` value and it is preloaded intentionally. @ http://localhost:3000/master:0
[  175354ms] [WARNING] The resource http://localhost:3000/_next/static/css/app/layout.css?v=1777587537585 was preloaded using link preload but not used within a few seconds from the window's load event. Please make sure it has an appropriate `as` value and it is preloaded intentionally. @ http://localhost:3000/master:0
[  175354ms] [WARNING] The resource http://localhost:3000/_next/static/css/app/layout.css?v=1777587540543 was preloaded using link preload but not used within a few seconds from the window's load event. Please make sure it has an appropriate `as` value and it is preloaded intentionally. @ http://localhost:3000/master:0
[  175354ms] [WARNING] The resource http://localhost:3000/_next/static/css/app/layout.css?v=1777587543347 was preloaded using link preload but not used within a few seconds from the window's load event. Please make sure it has an appropriate `as` value and it is preloaded intentionally. @ http://localhost:3000/master:0
[  175355ms] [WARNING] The resource http://localhost:3000/_next/static/css/app/layout.css?v=1777587552755 was preloaded using link preload but not used within a few seconds from the window's load event. Please make sure it has an appropriate `as` value and it is preloaded intentionally. @ http://localhost:3000/master:0
[  175355ms] [WARNING] The resource http://localhost:3000/_next/static/css/app/layout.css?v=1777587543147 was preloaded using link preload but not used within a few seconds from the window's load event. Please make sure it has an appropriate `as` value and it is preloaded intentionally. @ http://localhost:3000/master:0
[  175355ms] [WARNING] The resource http://localhost:3000/_next/static/css/app/layout.css?v=1777587546843 was preloaded using link preload but not used within a few seconds from the window's load event. Please make sure it has an appropriate `as` value and it is preloaded intentionally. @ http://localhost:3000/master:0
[  175355ms] [WARNING] The resource http://localhost:3000/_next/static/css/app/layout.css?v=1777587543773 was preloaded using link preload but not used within a few seconds from the window's load event. Please make sure it has an appropriate `as` value and it is preloaded intentionally. @ http://localhost:3000/master:0
[  175355ms] [WARNING] The resource http://localhost:3000/_next/static/css/app/layout.css?v=1777587669361 was preloaded using link preload but not used within a few seconds from the window's load event. Please make sure it has an appropriate `as` value and it is preloaded intentionally. @ http://localhost:3000/master:0
[  175355ms] [WARNING] The resource http://localhost:3000/_next/static/css/app/layout.css?v=1777587550250 was preloaded using link preload but not used within a few seconds from the window's load event. Please make sure it has an appropriate `as` value and it is preloaded intentionally. @ http://localhost:3000/master:0
[  175355ms] [WARNING] The resource http://localhost:3000/_next/static/css/app/layout.css?v=1777587565861 was preloaded using link preload but not used within a few seconds from the window's load event. Please make sure it has an appropriate `as` value and it is preloaded intentionally. @ http://localhost:3000/master:0
[  175355ms] [WARNING] The resource http://localhost:3000/_next/static/css/app/layout.css?v=1777587668962 was preloaded using link preload but not used within a few seconds from the window's load event. Please make sure it has an appropriate `as` value and it is preloaded intentionally. @ http://localhost:3000/master:0
[  175355ms] [WARNING] The resource http://localhost:3000/_next/static/css/app/layout.css?v=1777587563274 was preloaded using link preload but not used within a few seconds from the window's load event. Please make sure it has an appropriate `as` value and it is preloaded intentionally. @ http://localhost:3000/master:0
[  175355ms] [WARNING] The resource http://localhost:3000/_next/static/css/app/layout.css?v=1777587553242 was preloaded using link preload but not used within a few seconds from the window's load event. Please make sure it has an appropriate `as` value and it is preloaded intentionally. @ http://localhost:3000/master:0
[  175355ms] [WARNING] The resource http://localhost:3000/_next/static/css/app/layout.css?v=1777587682756 was preloaded using link preload but not used within a few seconds from the window's load event. Please make sure it has an appropriate `as` value and it is preloaded intentionally. @ http://localhost:3000/master:0
[  175355ms] [WARNING] The resource http://localhost:3000/_next/static/css/app/layout.css?v=1777587671226 was preloaded using link preload but not used within a few seconds from the window's load event. Please make sure it has an appropriate `as` value and it is preloaded intentionally. @ http://localhost:3000/master:0
[  175355ms] [WARNING] The resource http://localhost:3000/_next/static/css/app/layout.css?v=1777587662695 was preloaded using link preload but not used within a few seconds from the window's load event. Please make sure it has an appropriate `as` value and it is preloaded intentionally. @ http://localhost:3000/master:0
[  175355ms] [WARNING] The resource http://localhost:3000/_next/static/css/app/layout.css?v=1777587664859 was preloaded using link preload but not used within a few seconds from the window's load event. Please make sure it has an appropriate `as` value and it is preloaded intentionally. @ http://localhost:3000/master:0
[  175355ms] [WARNING] The resource http://localhost:3000/_next/static/css/app/layout.css?v=1777587540732 was preloaded using link preload but not used within a few seconds from the window's load event. Please make sure it has an appropriate `as` value and it is preloaded intentionally. @ http://localhost:3000/master:0
[  175355ms] [WARNING] The resource http://localhost:3000/_next/static/css/app/layout.css?v=1777587544632 was preloaded using link preload but not used within a few seconds from the window's load event. Please make sure it has an appropriate `as` value and it is preloaded intentionally. @ http://localhost:3000/master:0
[  175355ms] [WARNING] The resource http://localhost:3000/_next/static/css/app/layout.css?v=1777587667893 was preloaded using link preload but not used within a few seconds from the window's load event. Please make sure it has an appropriate `as` value and it is preloaded intentionally. @ http://localhost:3000/master:0
[  175355ms] [WARNING] The resource http://localhost:3000/_next/static/css/app/layout.css?v=1777587686210 was preloaded using link preload but not used within a few seconds from the window's load event. Please make sure it has an appropriate `as` value and it is preloaded intentionally. @ http://localhost:3000/master:0
[  175355ms] [WARNING] The resource http://localhost:3000/_next/static/css/app/layout.css?v=1777587540112 was preloaded using link preload but not used within a few seconds from the window's load event. Please make sure it has an appropriate `as` value and it is preloaded intentionally. @ http://localhost:3000/master:0
[  175355ms] [WARNING] The resource http://localhost:3000/_next/static/css/app/layout.css?v=1777587670417 was preloaded using link preload but not used within a few seconds from the window's load event. Please make sure it has an appropriate `as` value and it is preloaded intentionally. @ http://localhost:3000/master:0
[  175355ms] [WARNING] The resource http://localhost:3000/_next/static/css/app/layout.css?v=1777587540386 was preloaded using link preload but not used within a few seconds from the window's load event. Please make sure it has an appropriate `as` value and it is preloaded intentionally. @ http://localhost:3000/master:0
[  175355ms] [WARNING] The resource http://localhost:3000/_next/static/css/app/layout.css?v=1777587546459 was preloaded using link preload but not used within a few seconds from the window's load event. Please make sure it has an appropriate `as` value and it is preloaded intentionally. @ http://localhost:3000/master:0
[  175355ms] [WARNING] The resource http://localhost:3000/_next/static/css/app/layout.css?v=1777587541946 was preloaded using link preload but not used within a few seconds from the window's load event. Please make sure it has an appropriate `as` value and it is preloaded intentionally. @ http://localhost:3000/master:0
[  175355ms] [WARNING] The resource http://localhost:3000/_next/static/css/app/layout.css?v=1777587555667 was preloaded using link preload but not used within a few seconds from the window's load event. Please make sure it has an appropriate `as` value and it is preloaded intentionally. @ http://localhost:3000/master:0
[  175356ms] [WARNING] The resource http://localhost:3000/_next/static/css/app/layout.css?v=1777587659696 was preloaded using link preload but not used within a few seconds from the window's load event. Please make sure it has an appropriate `as` value and it is preloaded intentionally. @ http://localhost:3000/master:0
[  175356ms] [WARNING] The resource http://localhost:3000/_next/static/css/app/layout.css?v=1777587679959 was preloaded using link preload but not used within a few seconds from the window's load event. Please make sure it has an appropriate `as` value and it is preloaded intentionally. @ http://localhost:3000/master:0
[  175356ms] [WARNING] The resource http://localhost:3000/_next/static/css/app/layout.css?v=1777587553871 was preloaded using link preload but not used within a few seconds from the window's load event. Please make sure it has an appropriate `as` value and it is preloaded intentionally. @ http://localhost:3000/master:0
[  175356ms] [WARNING] The resource http://localhost:3000/_next/static/css/app/layout.css?v=1777587667553 was preloaded using link preload but not used within a few seconds from the window's load event. Please make sure it has an appropriate `as` value and it is preloaded intentionally. @ http://localhost:3000/master:0
[  175356ms] [WARNING] The resource http://localhost:3000/_next/static/css/app/layout.css?v=1777587543979 was preloaded using link preload but not used within a few seconds from the window's load event. Please make sure it has an appropriate `as` value and it is preloaded intentionally. @ http://localhost:3000/master:0
[  175356ms] [WARNING] The resource http://localhost:3000/_next/static/css/app/layout.css?v=1777587666451 was preloaded using link preload but not used within a few seconds from the window's load event. Please make sure it has an appropriate `as` value and it is preloaded intentionally. @ http://localhost:3000/master:0
[  175356ms] [WARNING] The resource http://localhost:3000/_next/static/css/app/layout.css?v=1777587543545 was preloaded using link preload but not used within a few seconds from the window's load event. Please make sure it has an appropriate `as` value and it is preloaded intentionally. @ http://localhost:3000/master:0
[  175356ms] [WARNING] The resource http://localhost:3000/_next/static/css/app/layout.css?v=1777587683207 was preloaded using link preload but not used within a few seconds from the window's load event. Please make sure it has an appropriate `as` value and it is preloaded intentionally. @ http://localhost:3000/master:0
[  175356ms] [WARNING] The resource http://localhost:3000/_next/static/css/app/layout.css?v=1777587541315 was preloaded using link preload but not used within a few seconds from the window's load event. Please make sure it has an appropriate `as` value and it is preloaded intentionally. @ http://localhost:3000/master:0
[  175356ms] [WARNING] The resource http://localhost:3000/_next/static/css/app/layout.css?v=1777587544468 was preloaded using link preload but not used within a few seconds from the window's load event. Please make sure it has an appropriate `as` value and it is preloaded intentionally. @ http://localhost:3000/master:0
[  175356ms] [WARNING] The resource http://localhost:3000/_next/static/css/app/layout.css?v=1777587684267 was preloaded using link preload but not used within a few seconds from the window's load event. Please make sure it has an appropriate `as` value and it is preloaded intentionally. @ http://localhost:3000/master:0
[  175356ms] [WARNING] The resource http://localhost:3000/_next/static/css/app/layout.css?v=1777587659017 was preloaded using link preload but not used within a few seconds from the window's load event. Please make sure it has an appropriate `as` value and it is preloaded intentionally. @ http://localhost:3000/master:0
[  175356ms] [WARNING] The resource http://localhost:3000/_next/static/css/app/layout.css?v=1777587670005 was preloaded using link preload but not used within a few seconds from the window's load event. Please make sure it has an appropriate `as` value and it is preloaded intentionally. @ http://localhost:3000/master:0
[  175356ms] [WARNING] The resource http://localhost:3000/_next/static/css/app/layout.css?v=1777587665423 was preloaded using link preload but not used within a few seconds from the window's load event. Please make sure it has an appropriate `as` value and it is preloaded intentionally. @ http://localhost:3000/master:0
[  175356ms] [WARNING] The resource http://localhost:3000/_next/static/css/app/layout.css?v=1777587553506 was preloaded using link preload but not used within a few seconds from the window's load event. Please make sure it has an appropriate `as` value and it is preloaded intentionally. @ http://localhost:3000/master:0
[  175356ms] [WARNING] The resource http://localhost:3000/_next/static/css/app/layout.css?v=1777587552088 was preloaded using link preload but not used within a few seconds from the window's load event. Please make sure it has an appropriate `as` value and it is preloaded intentionally. @ http://localhost:3000/master:0
[  175356ms] [WARNING] The resource http://localhost:3000/_next/static/css/app/layout.css?v=1777587666810 was preloaded using link preload but not used within a few seconds from the window's load event. Please make sure it has an appropriate `as` value and it is preloaded intentionally. @ http://localhost:3000/master:0
[  175356ms] [WARNING] The resource http://localhost:3000/_next/static/css/app/layout.css?v=1777587551202 was preloaded using link preload but not used within a few seconds from the window's load event. Please make sure it has an appropriate `as` value and it is preloaded intentionally. @ http://localhost:3000/master:0
[  175356ms] [WARNING] The resource http://localhost:3000/_next/static/css/app/layout.css?v=1777587564918 was preloaded using link preload but not used within a few seconds from the window's load event. Please make sure it has an appropriate `as` value and it is preloaded intentionally. @ http://localhost:3000/master:0
[  175356ms] [WARNING] The resource http://localhost:3000/_next/static/css/app/layout.css?v=1777587654852 was preloaded using link preload but not used within a few seconds from the window's load event. Please make sure it has an appropriate `as` value and it is preloaded intentionally. @ http://localhost:3000/master:0
[  180917ms] [LOG] [Fast Refresh] rebuilding @ webpack-internal:///(app-pages-browser)/./node_modules/.pnpm/next@15.5.14_@babel+core@7.29.0_@playwright+test@1.52.0_react-dom@19.1.0_react@19.1.0__react@19.1.0/node_modules/next/dist/client/dev/hot-reloader/app/hot-reloader-app.js:196
[  181624ms] [LOG] [Fast Refresh] done in 706ms @ webpack-internal:///(app-pages-browser)/./node_modules/.pnpm/next@15.5.14_@babel+core@7.29.0_@playwright+test@1.52.0_react-dom@19.1.0_react@19.1.0__react@19.1.0/node_modules/next/dist/client/dev/report-hmr-latency.js:13
[  184665ms] [WARNING] The resource http://localhost:3000/_next/static/css/app/layout.css?v=1777587563975 was preloaded using link preload but not used within a few seconds from the window's load event. Please make sure it has an appropriate `as` value and it is preloaded intentionally. @ http://localhost:3000/master:0
[  184665ms] [WARNING] The resource http://localhost:3000/_next/static/css/app/layout.css?v=1777587681241 was preloaded using link preload but not used within a few seconds from the window's load event. Please make sure it has an appropriate `as` value and it is preloaded intentionally. @ http://localhost:3000/master:0
[  184665ms] [WARNING] The resource http://localhost:3000/_next/static/css/app/layout.css?v=1777587660361 was preloaded using link preload but not used within a few seconds from the window's load event. Please make sure it has an appropriate `as` value and it is preloaded intentionally. @ http://localhost:3000/master:0
[  184665ms] [WARNING] The resource http://localhost:3000/_next/static/css/app/layout.css?v=1777587574582 was preloaded using link preload but not used within a few seconds from the window's load event. Please make sure it has an appropriate `as` value and it is preloaded intentionally. @ http://localhost:3000/master:0
[  184665ms] [WARNING] The resource http://localhost:3000/_next/static/css/app/layout.css?v=1777587656291 was preloaded using link preload but not used within a few seconds from the window's load event. Please make sure it has an appropriate `as` value and it is preloaded intentionally. @ http://localhost:3000/master:0
[  184665ms] [WARNING] The resource http://localhost:3000/_next/static/css/app/layout.css?v=1777587668602 was preloaded using link preload but not used within a few seconds from the window's load event. Please make sure it has an appropriate `as` value and it is preloaded intentionally. @ http://localhost:3000/master:0
[  184665ms] [WARNING] The resource http://localhost:3000/_next/static/css/app/layout.css?v=1777587673183 was preloaded using link preload but not used within a few seconds from the window's load event. Please make sure it has an appropriate `as` value and it is preloaded intentionally. @ http://localhost:3000/master:0
[  184665ms] [WARNING] The resource http://localhost:3000/_next/static/css/app/layout.css?v=1777587667295 was preloaded using link preload but not used within a few seconds from the window's load event. Please make sure it has an appropriate `as` value and it is preloaded intentionally. @ http://localhost:3000/master:0
[  184666ms] [WARNING] The resource http://localhost:3000/_next/static/css/app/layout.css?v=1777587550906 was preloaded using link preload but not used within a few seconds from the window's load event. Please make sure it has an appropriate `as` value and it is preloaded intentionally. @ http://localhost:3000/master:0
[  184666ms] [WARNING] The resource http://localhost:3000/_next/static/css/app/layout.css?v=1777587564426 was preloaded using link preload but not used within a few seconds from the window's load event. Please make sure it has an appropriate `as` value and it is preloaded intentionally. @ http://localhost:3000/master:0
[  184666ms] [WARNING] The resource http://localhost:3000/_next/static/css/app/layout.css?v=1777587668838 was preloaded using link preload but not used within a few seconds from the window's load event. Please make sure it has an appropriate `as` value and it is preloaded intentionally. @ http://localhost:3000/master:0
[  184666ms] [WARNING] The resource http://localhost:3000/_next/static/css/app/layout.css?v=1777587685430 was preloaded using link preload but not used within a few seconds from the window's load event. Please make sure it has an appropriate `as` value and it is preloaded intentionally. @ http://localhost:3000/master:0
[  184666ms] [WARNING] The resource http://localhost:3000/_next/static/css/app/layout.css?v=1777587683950 was preloaded using link preload but not used within a few seconds from the window's load event. Please make sure it has an appropriate `as` value and it is preloaded intentionally. @ http://localhost:3000/master:0
[  184666ms] [WARNING] The resource http://localhost:3000/_next/static/css/app/layout.css?v=1777587569598 was preloaded using link preload but not used within a few seconds from the window's load event. Please make sure it has an appropriate `as` value and it is preloaded intentionally. @ http://localhost:3000/master:0
[  184666ms] [WARNING] The resource http://localhost:3000/_next/static/css/app/layout.css?v=1777587538629 was preloaded using link preload but not used within a few seconds from the window's load event. Please make sure it has an appropriate `as` value and it is preloaded intentionally. @ http://localhost:3000/master:0
[  184666ms] [WARNING] The resource http://localhost:3000/_next/static/css/app/layout.css?v=1777587685125 was preloaded using link preload but not used within a few seconds from the window's load event. Please make sure it has an appropriate `as` value and it is preloaded intentionally. @ http://localhost:3000/master:0
[  184666ms] [WARNING] The resource http://localhost:3000/_next/static/css/app/layout.css?v=1777587593975 was preloaded using link preload but not used within a few seconds from the window's load event. Please make sure it has an appropriate `as` value and it is preloaded intentionally. @ http://localhost:3000/master:0
[  184666ms] [WARNING] The resource http://localhost:3000/_next/static/css/app/layout.css?v=1777587568600 was preloaded using link preload but not used within a few seconds from the window's load event. Please make sure it has an appropriate `as` value and it is preloaded intentionally. @ http://localhost:3000/master:0
[  184666ms] [WARNING] The resource http://localhost:3000/_next/static/css/app/layout.css?v=1777587589318 was preloaded using link preload but not used within a few seconds from the window's load event. Please make sure it has an appropriate `as` value and it is preloaded intentionally. @ http://localhost:3000/master:0
[  184666ms] [WARNING] The resource http://localhost:3000/_next/static/css/app/layout.css?v=1777587664206 was preloaded using link preload but not used within a few seconds from the window's load event. Please make sure it has an appropriate `as` value and it is preloaded intentionally. @ http://localhost:3000/master:0
[  184666ms] [WARNING] The resource http://localhost:3000/_next/static/css/app/layout.css?v=1777587539626 was preloaded using link preload but not used within a few seconds from the window's load event. Please make sure it has an appropriate `as` value and it is preloaded intentionally. @ http://localhost:3000/master:0
[  184666ms] [WARNING] The resource http://localhost:3000/_next/static/css/app/layout.css?v=1777587657807 was preloaded using link preload but not used within a few seconds from the window's load event. Please make sure it has an appropriate `as` value and it is preloaded intentionally. @ http://localhost:3000/master:0
[  184666ms] [WARNING] The resource http://localhost:3000/_next/static/css/app/layout.css?v=1777587547068 was preloaded using link preload but not used within a few seconds from the window's load event. Please make sure it has an appropriate `as` value and it is preloaded intentionally. @ http://localhost:3000/master:0
[  184666ms] [WARNING] The resource http://localhost:3000/_next/static/css/app/layout.css?v=1777587548248 was preloaded using link preload but not used within a few seconds from the window's load event. Please make sure it has an appropriate `as` value and it is preloaded intentionally. @ http://localhost:3000/master:0
[  184666ms] [WARNING] The resource http://localhost:3000/_next/static/css/app/layout.css?v=1777587552495 was preloaded using link preload but not used within a few seconds from the window's load event. Please make sure it has an appropriate `as` value and it is preloaded intentionally. @ http://localhost:3000/master:0
[  184666ms] [WARNING] The resource http://localhost:3000/_next/static/css/app/layout.css?v=1777587665867 was preloaded using link preload but not used within a few seconds from the window's load event. Please make sure it has an appropriate `as` value and it is preloaded intentionally. @ http://localhost:3000/master:0
[  184666ms] [WARNING] The resource http://localhost:3000/_next/static/css/app/layout.css?v=1777587667061 was preloaded using link preload but not used within a few seconds from the window's load event. Please make sure it has an appropriate `as` value and it is preloaded intentionally. @ http://localhost:3000/master:0
[  184666ms] [WARNING] The resource http://localhost:3000/_next/static/css/app/layout.css?v=1777587670729 was preloaded using link preload but not used within a few seconds from the window's load event. Please make sure it has an appropriate `as` value and it is preloaded intentionally. @ http://localhost:3000/master:0
[  184666ms] [WARNING] The resource http://localhost:3000/_next/static/css/app/layout.css?v=1777587549727 was preloaded using link preload but not used within a few seconds from the window's load event. Please make sure it has an appropriate `as` value and it is preloaded intentionally. @ http://localhost:3000/master:0
[  184666ms] [WARNING] The resource http://localhost:3000/_next/static/css/app/layout.css?v=1777587544234 was preloaded using link preload but not used within a few seconds from the window's load event. Please make sure it has an appropriate `as` value and it is preloaded intentionally. @ http://localhost:3000/master:0
[  184666ms] [WARNING] The resource http://localhost:3000/_next/static/css/app/layout.css?v=1777587553010 was preloaded using link preload but not used within a few seconds from the window's load event. Please make sure it has an appropriate `as` value and it is preloaded intentionally. @ http://localhost:3000/master:0
[  184666ms] [WARNING] The resource http://localhost:3000/_next/static/css/app/layout.css?v=1777587550607 was preloaded using link preload but not used within a few seconds from the window's load event. Please make sure it has an appropriate `as` value and it is preloaded intentionally. @ http://localhost:3000/master:0
[  184666ms] [WARNING] The resource http://localhost:3000/_next/static/css/app/layout.css?v=1777587652693 was preloaded using link preload but not used within a few seconds from the window's load event. Please make sure it has an appropriate `as` value and it is preloaded intentionally. @ http://localhost:3000/master:0
[  184666ms] [WARNING] The resource http://localhost:3000/_next/static/css/app/layout.css?v=1777587554295 was preloaded using link preload but not used within a few seconds from the window's load event. Please make sure it has an appropriate `as` value and it is preloaded intentionally. @ http://localhost:3000/master:0
[  184666ms] [WARNING] The resource http://localhost:3000/_next/static/css/app/layout.css?v=1777587567351 was preloaded using link preload but not used within a few seconds from the window's load event. Please make sure it has an appropriate `as` value and it is preloaded intentionally. @ http://localhost:3000/master:0
[  184666ms] [WARNING] The resource http://localhost:3000/_next/static/css/app/layout.css?v=1777587684852 was preloaded using link preload but not used within a few seconds from the window's load event. Please make sure it has an appropriate `as` value and it is preloaded intentionally. @ http://localhost:3000/master:0
[  184666ms] [WARNING] The resource http://localhost:3000/_next/static/css/app/layout.css?v=1777587562251 was preloaded using link preload but not used within a few seconds from the window's load event. Please make sure it has an appropriate `as` value and it is preloaded intentionally. @ http://localhost:3000/master:0
[  184666ms] [WARNING] The resource http://localhost:3000/_next/static/css/app/layout.css?v=1777587663717 was preloaded using link preload but not used within a few seconds from the window's load event. Please make sure it has an appropriate `as` value and it is preloaded intentionally. @ http://localhost:3000/master:0
[  184666ms] [WARNING] The resource http://localhost:3000/_next/static/css/app/layout.css?v=1777587677347 was preloaded using link preload but not used within a few seconds from the window's load event. Please make sure it has an appropriate `as` value and it is preloaded intentionally. @ http://localhost:3000/master:0
[  184666ms] [WARNING] The resource http://localhost:3000/_next/static/css/app/layout.css?v=1777587545666 was preloaded using link preload but not used within a few seconds from the window's load event. Please make sure it has an appropriate `as` value and it is preloaded intentionally. @ http://localhost:3000/master:0
[  184666ms] [WARNING] The resource http://localhost:3000/_next/static/css/app/layout.css?v=1777587538266 was preloaded using link preload but not used within a few seconds from the window's load event. Please make sure it has an appropriate `as` value and it is preloaded intentionally. @ http://localhost:3000/master:0
[  184666ms] [WARNING] The resource http://localhost:3000/_next/static/css/app/layout.css?v=1777587669601 was preloaded using link preload but not used within a few seconds from the window's load event. Please make sure it has an appropriate `as` value and it is preloaded intentionally. @ http://localhost:3000/master:0
[  184666ms] [WARNING] The resource http://localhost:3000/_next/static/css/app/layout.css?v=1777587556356 was preloaded using link preload but not used within a few seconds from the window's load event. Please make sure it has an appropriate `as` value and it is preloaded intentionally. @ http://localhost:3000/master:0
[  184666ms] [WARNING] The resource http://localhost:3000/_next/static/css/app/layout.css?v=1777587537585 was preloaded using link preload but not used within a few seconds from the window's load event. Please make sure it has an appropriate `as` value and it is preloaded intentionally. @ http://localhost:3000/master:0
[  184666ms] [WARNING] The resource http://localhost:3000/_next/static/css/app/layout.css?v=1777587540543 was preloaded using link preload but not used within a few seconds from the window's load event. Please make sure it has an appropriate `as` value and it is preloaded intentionally. @ http://localhost:3000/master:0
[  184666ms] [WARNING] The resource http://localhost:3000/_next/static/css/app/layout.css?v=1777587543347 was preloaded using link preload but not used within a few seconds from the window's load event. Please make sure it has an appropriate `as` value and it is preloaded intentionally. @ http://localhost:3000/master:0
[  184666ms] [WARNING] The resource http://localhost:3000/_next/static/css/app/layout.css?v=1777587552755 was preloaded using link preload but not used within a few seconds from the window's load event. Please make sure it has an appropriate `as` value and it is preloaded intentionally. @ http://localhost:3000/master:0
[  184666ms] [WARNING] The resource http://localhost:3000/_next/static/css/app/layout.css?v=1777587543147 was preloaded using link preload but not used within a few seconds from the window's load event. Please make sure it has an appropriate `as` value and it is preloaded intentionally. @ http://localhost:3000/master:0
[  184666ms] [WARNING] The resource http://localhost:3000/_next/static/css/app/layout.css?v=1777587546843 was preloaded using link preload but not used within a few seconds from the window's load event. Please make sure it has an appropriate `as` value and it is preloaded intentionally. @ http://localhost:3000/master:0
[  184666ms] [WARNING] The resource http://localhost:3000/_next/static/css/app/layout.css?v=1777587543773 was preloaded using link preload but not used within a few seconds from the window's load event. Please make sure it has an appropriate `as` value and it is preloaded intentionally. @ http://localhost:3000/master:0
[  184666ms] [WARNING] The resource http://localhost:3000/_next/static/css/app/layout.css?v=1777587669361 was preloaded using link preload but not used within a few seconds from the window's load event. Please make sure it has an appropriate `as` value and it is preloaded intentionally. @ http://localhost:3000/master:0
[  184666ms] [WARNING] The resource http://localhost:3000/_next/static/css/app/layout.css?v=1777587550250 was preloaded using link preload but not used within a few seconds from the window's load event. Please make sure it has an appropriate `as` value and it is preloaded intentionally. @ http://localhost:3000/master:0
[  184666ms] [WARNING] The resource http://localhost:3000/_next/static/css/app/layout.css?v=1777587565861 was preloaded using link preload but not used within a few seconds from the window's load event. Please make sure it has an appropriate `as` value and it is preloaded intentionally. @ http://localhost:3000/master:0
[  184666ms] [WARNING] The resource http://localhost:3000/_next/static/css/app/layout.css?v=1777587668962 was preloaded using link preload but not used within a few seconds from the window's load event. Please make sure it has an appropriate `as` value and it is preloaded intentionally. @ http://localhost:3000/master:0
[  184666ms] [WARNING] The resource http://localhost:3000/_next/static/css/app/layout.css?v=1777587563274 was preloaded using link preload but not used within a few seconds from the window's load event. Please make sure it has an appropriate `as` value and it is preloaded intentionally. @ http://localhost:3000/master:0
[  184666ms] [WARNING] The resource http://localhost:3000/_next/static/css/app/layout.css?v=1777587553242 was preloaded using link preload but not used within a few seconds from the window's load event. Please make sure it has an appropriate `as` value and it is preloaded intentionally. @ http://localhost:3000/master:0
[  184666ms] [WARNING] The resource http://localhost:3000/_next/static/css/app/layout.css?v=1777587682756 was preloaded using link preload but not used within a few seconds from the window's load event. Please make sure it has an appropriate `as` value and it is preloaded intentionally. @ http://localhost:3000/master:0
[  184666ms] [WARNING] The resource http://localhost:3000/_next/static/css/app/layout.css?v=1777587671226 was preloaded using link preload but not used within a few seconds from the window's load event. Please make sure it has an appropriate `as` value and it is preloaded intentionally. @ http://localhost:3000/master:0
[  184667ms] [WARNING] The resource http://localhost:3000/_next/static/css/app/layout.css?v=1777587662695 was preloaded using link preload but not used within a few seconds from the window's load event. Please make sure it has an appropriate `as` value and it is preloaded intentionally. @ http://localhost:3000/master:0
[  184667ms] [WARNING] The resource http://localhost:3000/_next/static/css/app/layout.css?v=1777587664859 was preloaded using link preload but not used within a few seconds from the window's load event. Please make sure it has an appropriate `as` value and it is preloaded intentionally. @ http://localhost:3000/master:0
[  184667ms] [WARNING] The resource http://localhost:3000/_next/static/css/app/layout.css?v=1777587540732 was preloaded using link preload but not used within a few seconds from the window's load event. Please make sure it has an appropriate `as` value and it is preloaded intentionally. @ http://localhost:3000/master:0
[  184667ms] [WARNING] The resource http://localhost:3000/_next/static/css/app/layout.css?v=1777587544632 was preloaded using link preload but not used within a few seconds from the window's load event. Please make sure it has an appropriate `as` value and it is preloaded intentionally. @ http://localhost:3000/master:0
[  184667ms] [WARNING] The resource http://localhost:3000/_next/static/css/app/layout.css?v=1777587667893 was preloaded using link preload but not used within a few seconds from the window's load event. Please make sure it has an appropriate `as` value and it is preloaded intentionally. @ http://localhost:3000/master:0
[  184667ms] [WARNING] The resource http://localhost:3000/_next/static/css/app/layout.css?v=1777587686210 was preloaded using link preload but not used within a few seconds from the window's load event. Please make sure it has an appropriate `as` value and it is preloaded intentionally. @ http://localhost:3000/master:0
[  184667ms] [WARNING] The resource http://localhost:3000/_next/static/css/app/layout.css?v=1777587540112 was preloaded using link preload but not used within a few seconds from the window's load event. Please make sure it has an appropriate `as` value and it is preloaded intentionally. @ http://localhost:3000/master:0
[  184667ms] [WARNING] The resource http://localhost:3000/_next/static/css/app/layout.css?v=1777587670417 was preloaded using link preload but not used within a few seconds from the window's load event. Please make sure it has an appropriate `as` value and it is preloaded intentionally. @ http://localhost:3000/master:0
[  184667ms] [WARNING] The resource http://localhost:3000/_next/static/css/app/layout.css?v=1777587540386 was preloaded using link preload but not used within a few seconds from the window's load event. Please make sure it has an appropriate `as` value and it is preloaded intentionally. @ http://localhost:3000/master:0
[  184667ms] [WARNING] The resource http://localhost:3000/_next/static/css/app/layout.css?v=1777587546459 was preloaded using link preload but not used within a few seconds from the window's load event. Please make sure it has an appropriate `as` value and it is preloaded intentionally. @ http://localhost:3000/master:0
[  184667ms] [WARNING] The resource http://localhost:3000/_next/static/css/app/layout.css?v=1777587541946 was preloaded using link preload but not used within a few seconds from the window's load event. Please make sure it has an appropriate `as` value and it is preloaded intentionally. @ http://localhost:3000/master:0
[  184667ms] [WARNING] The resource http://localhost:3000/_next/static/css/app/layout.css?v=1777587555667 was preloaded using link preload but not used within a few seconds from the window's load event. Please make sure it has an appropriate `as` value and it is preloaded intentionally. @ http://localhost:3000/master:0
[  184667ms] [WARNING] The resource http://localhost:3000/_next/static/css/app/layout.css?v=1777587659696 was preloaded using link preload but not used within a few seconds from the window's load event. Please make sure it has an appropriate `as` value and it is preloaded intentionally. @ http://localhost:3000/master:0
[  184667ms] [WARNING] The resource http://localhost:3000/_next/static/css/app/layout.css?v=1777587679959 was preloaded using link preload but not used within a few seconds from the window's load event. Please make sure it has an appropriate `as` value and it is preloaded intentionally. @ http://localhost:3000/master:0
[  184667ms] [WARNING] The resource http://localhost:3000/_next/static/css/app/layout.css?v=1777587553871 was preloaded using link preload but not used within a few seconds from the window's load event. Please make sure it has an appropriate `as` value and it is preloaded intentionally. @ http://localhost:3000/master:0
[  184667ms] [WARNING] The resource http://localhost:3000/_next/static/css/app/layout.css?v=1777587667553 was preloaded using link preload but not used within a few seconds from the window's load event. Please make sure it has an appropriate `as` value and it is preloaded intentionally. @ http://localhost:3000/master:0
[  184667ms] [WARNING] The resource http://localhost:3000/_next/static/css/app/layout.css?v=1777587543979 was preloaded using link preload but not used within a few seconds from the window's load event. Please make sure it has an appropriate `as` value and it is preloaded intentionally. @ http://localhost:3000/master:0
[  184667ms] [WARNING] The resource http://localhost:3000/_next/static/css/app/layout.css?v=1777587666451 was preloaded using link preload but not used within a few seconds from the window's load event. Please make sure it has an appropriate `as` value and it is preloaded intentionally. @ http://localhost:3000/master:0
[  184667ms] [WARNING] The resource http://localhost:3000/_next/static/css/app/layout.css?v=1777587543545 was preloaded using link preload but not used within a few seconds from the window's load event. Please make sure it has an appropriate `as` value and it is preloaded intentionally. @ http://localhost:3000/master:0
[  184667ms] [WARNING] The resource http://localhost:3000/_next/static/css/app/layout.css?v=1777587683207 was preloaded using link preload but not used within a few seconds from the window's load event. Please make sure it has an appropriate `as` value and it is preloaded intentionally. @ http://localhost:3000/master:0
[  184667ms] [WARNING] The resource http://localhost:3000/_next/static/css/app/layout.css?v=1777587541315 was preloaded using link preload but not used within a few seconds from the window's load event. Please make sure it has an appropriate `as` value and it is preloaded intentionally. @ http://localhost:3000/master:0
[  184667ms] [WARNING] The resource http://localhost:3000/_next/static/css/app/layout.css?v=1777587544468 was preloaded using link preload but not used within a few seconds from the window's load event. Please make sure it has an appropriate `as` value and it is preloaded intentionally. @ http://localhost:3000/master:0
[  184667ms] [WARNING] The resource http://localhost:3000/_next/static/css/app/layout.css?v=1777587684267 was preloaded using link preload but not used within a few seconds from the window's load event. Please make sure it has an appropriate `as` value and it is preloaded intentionally. @ http://localhost:3000/master:0
[  184667ms] [WARNING] The resource http://localhost:3000/_next/static/css/app/layout.css?v=1777587659017 was preloaded using link preload but not used within a few seconds from the window's load event. Please make sure it has an appropriate `as` value and it is preloaded intentionally. @ http://localhost:3000/master:0
[  184667ms] [WARNING] The resource http://localhost:3000/_next/static/css/app/layout.css?v=1777587670005 was preloaded using link preload but not used within a few seconds from the window's load event. Please make sure it has an appropriate `as` value and it is preloaded intentionally. @ http://localhost:3000/master:0
[  184667ms] [WARNING] The resource http://localhost:3000/_next/static/css/app/layout.css?v=1777587665423 was preloaded using link preload but not used within a few seconds from the window's load event. Please make sure it has an appropriate `as` value and it is preloaded intentionally. @ http://localhost:3000/master:0
[  184667ms] [WARNING] The resource http://localhost:3000/_next/static/css/app/layout.css?v=1777587553506 was preloaded using link preload but not used within a few seconds from the window's load event. Please make sure it has an appropriate `as` value and it is preloaded intentionally. @ http://localhost:3000/master:0
[  184667ms] [WARNING] The resource http://localhost:3000/_next/static/css/app/layout.css?v=1777587552088 was preloaded using link preload but not used within a few seconds from the window's load event. Please make sure it has an appropriate `as` value and it is preloaded intentionally. @ http://localhost:3000/master:0
[  184667ms] [WARNING] The resource http://localhost:3000/_next/static/css/app/layout.css?v=1777587666810 was preloaded using link preload but not used within a few seconds from the window's load event. Please make sure it has an appropriate `as` value and it is preloaded intentionally. @ http://localhost:3000/master:0
[  184667ms] [WARNING] The resource http://localhost:3000/_next/static/css/app/layout.css?v=1777587551202 was preloaded using link preload but not used within a few seconds from the window's load event. Please make sure it has an appropriate `as` value and it is preloaded intentionally. @ http://localhost:3000/master:0
[  184667ms] [WARNING] The resource http://localhost:3000/_next/static/css/app/layout.css?v=1777587564918 was preloaded using link preload but not used within a few seconds from the window's load event. Please make sure it has an appropriate `as` value and it is preloaded intentionally. @ http://localhost:3000/master:0
[  184667ms] [WARNING] The resource http://localhost:3000/_next/static/css/app/layout.css?v=1777587654852 was preloaded using link preload but not used within a few seconds from the window's load event. Please make sure it has an appropriate `as` value and it is preloaded intentionally. @ http://localhost:3000/master:0
[  185064ms] [LOG] [Fast Refresh] rebuilding @ webpack-internal:///(app-pages-browser)/./node_modules/.pnpm/next@15.5.14_@babel+core@7.29.0_@playwright+test@1.52.0_react-dom@19.1.0_react@19.1.0__react@19.1.0/node_modules/next/dist/client/dev/hot-reloader/app/hot-reloader-app.js:196
[  188550ms] [WARNING] The resource http://localhost:3000/_next/static/css/app/layout.css?v=1777587563975 was preloaded using link preload but not used within a few seconds from the window's load event. Please make sure it has an appropriate `as` value and it is preloaded intentionally. @ http://localhost:3000/master:0
[  188551ms] [WARNING] The resource http://localhost:3000/_next/static/css/app/layout.css?v=1777587681241 was preloaded using link preload but not used within a few seconds from the window's load event. Please make sure it has an appropriate `as` value and it is preloaded intentionally. @ http://localhost:3000/master:0
[  188551ms] [WARNING] The resource http://localhost:3000/_next/static/css/app/layout.css?v=1777587660361 was preloaded using link preload but not used within a few seconds from the window's load event. Please make sure it has an appropriate `as` value and it is preloaded intentionally. @ http://localhost:3000/master:0
[  188551ms] [WARNING] The resource http://localhost:3000/_next/static/css/app/layout.css?v=1777587574582 was preloaded using link preload but not used within a few seconds from the window's load event. Please make sure it has an appropriate `as` value and it is preloaded intentionally. @ http://localhost:3000/master:0
[  188551ms] [WARNING] The resource http://localhost:3000/_next/static/css/app/layout.css?v=1777587656291 was preloaded using link preload but not used within a few seconds from the window's load event. Please make sure it has an appropriate `as` value and it is preloaded intentionally. @ http://localhost:3000/master:0
[  188551ms] [WARNING] The resource http://localhost:3000/_next/static/css/app/layout.css?v=1777587668602 was preloaded using link preload but not used within a few seconds from the window's load event. Please make sure it has an appropriate `as` value and it is preloaded intentionally. @ http://localhost:3000/master:0
[  188551ms] [WARNING] The resource http://localhost:3000/_next/static/css/app/layout.css?v=1777587673183 was preloaded using link preload but not used within a few seconds from the window's load event. Please make sure it has an appropriate `as` value and it is preloaded intentionally. @ http://localhost:3000/master:0
[  188551ms] [WARNING] The resource http://localhost:3000/_next/static/css/app/layout.css?v=1777587667295 was preloaded using link preload but not used within a few seconds from the window's load event. Please make sure it has an appropriate `as` value and it is preloaded intentionally. @ http://localhost:3000/master:0
[  188551ms] [WARNING] The resource http://localhost:3000/_next/static/css/app/layout.css?v=1777587550906 was preloaded using link preload but not used within a few seconds from the window's load event. Please make sure it has an appropriate `as` value and it is preloaded intentionally. @ http://localhost:3000/master:0
[  188551ms] [WARNING] The resource http://localhost:3000/_next/static/css/app/layout.css?v=1777587564426 was preloaded using link preload but not used within a few seconds from the window's load event. Please make sure it has an appropriate `as` value and it is preloaded intentionally. @ http://localhost:3000/master:0
[  188551ms] [WARNING] The resource http://localhost:3000/_next/static/css/app/layout.css?v=1777587715289 was preloaded using link preload but not used within a few seconds from the window's load event. Please make sure it has an appropriate `as` value and it is preloaded intentionally. @ http://localhost:3000/master:0
[  188551ms] [WARNING] The resource http://localhost:3000/_next/static/css/app/layout.css?v=1777587668838 was preloaded using link preload but not used within a few seconds from the window's load event. Please make sure it has an appropriate `as` value and it is preloaded intentionally. @ http://localhost:3000/master:0
[  188551ms] [WARNING] The resource http://localhost:3000/_next/static/css/app/layout.css?v=1777587685430 was preloaded using link preload but not used within a few seconds from the window's load event. Please make sure it has an appropriate `as` value and it is preloaded intentionally. @ http://localhost:3000/master:0
[  188559ms] [WARNING] The resource http://localhost:3000/_next/static/css/app/layout.css?v=1777587683950 was preloaded using link preload but not used within a few seconds from the window's load event. Please make sure it has an appropriate `as` value and it is preloaded intentionally. @ http://localhost:3000/master:0
[  188559ms] [WARNING] The resource http://localhost:3000/_next/static/css/app/layout.css?v=1777587569598 was preloaded using link preload but not used within a few seconds from the window's load event. Please make sure it has an appropriate `as` value and it is preloaded intentionally. @ http://localhost:3000/master:0
[  188559ms] [WARNING] The resource http://localhost:3000/_next/static/css/app/layout.css?v=1777587538629 was preloaded using link preload but not used within a few seconds from the window's load event. Please make sure it has an appropriate `as` value and it is preloaded intentionally. @ http://localhost:3000/master:0
[  188559ms] [WARNING] The resource http://localhost:3000/_next/static/css/app/layout.css?v=1777587685125 was preloaded using link preload but not used within a few seconds from the window's load event. Please make sure it has an appropriate `as` value and it is preloaded intentionally. @ http://localhost:3000/master:0
[  188559ms] [WARNING] The resource http://localhost:3000/_next/static/css/app/layout.css?v=1777587593975 was preloaded using link preload but not used within a few seconds from the window's load event. Please make sure it has an appropriate `as` value and it is preloaded intentionally. @ http://localhost:3000/master:0
[  188559ms] [WARNING] The resource http://localhost:3000/_next/static/css/app/layout.css?v=1777587568600 was preloaded using link preload but not used within a few seconds from the window's load event. Please make sure it has an appropriate `as` value and it is preloaded intentionally. @ http://localhost:3000/master:0
[  188559ms] [WARNING] The resource http://localhost:3000/_next/static/css/app/layout.css?v=1777587589318 was preloaded using link preload but not used within a few seconds from the window's load event. Please make sure it has an appropriate `as` value and it is preloaded intentionally. @ http://localhost:3000/master:0
[  188559ms] [WARNING] The resource http://localhost:3000/_next/static/css/app/layout.css?v=1777587664206 was preloaded using link preload but not used within a few seconds from the window's load event. Please make sure it has an appropriate `as` value and it is preloaded intentionally. @ http://localhost:3000/master:0
[  188559ms] [WARNING] The resource http://localhost:3000/_next/static/css/app/layout.css?v=1777587539626 was preloaded using link preload but not used within a few seconds from the window's load event. Please make sure it has an appropriate `as` value and it is preloaded intentionally. @ http://localhost:3000/master:0
[  188559ms] [WARNING] The resource http://localhost:3000/_next/static/css/app/layout.css?v=1777587657807 was preloaded using link preload but not used within a few seconds from the window's load event. Please make sure it has an appropriate `as` value and it is preloaded intentionally. @ http://localhost:3000/master:0
[  188559ms] [WARNING] The resource http://localhost:3000/_next/static/css/app/layout.css?v=1777587547068 was preloaded using link preload but not used within a few seconds from the window's load event. Please make sure it has an appropriate `as` value and it is preloaded intentionally. @ http://localhost:3000/master:0
[  188559ms] [WARNING] The resource http://localhost:3000/_next/static/css/app/layout.css?v=1777587548248 was preloaded using link preload but not used within a few seconds from the window's load event. Please make sure it has an appropriate `as` value and it is preloaded intentionally. @ http://localhost:3000/master:0
[  188559ms] [WARNING] The resource http://localhost:3000/_next/static/css/app/layout.css?v=1777587552495 was preloaded using link preload but not used within a few seconds from the window's load event. Please make sure it has an appropriate `as` value and it is preloaded intentionally. @ http://localhost:3000/master:0
[  188559ms] [WARNING] The resource http://localhost:3000/_next/static/css/app/layout.css?v=1777587665867 was preloaded using link preload but not used within a few seconds from the window's load event. Please make sure it has an appropriate `as` value and it is preloaded intentionally. @ http://localhost:3000/master:0
[  188559ms] [WARNING] The resource http://localhost:3000/_next/static/css/app/layout.css?v=1777587667061 was preloaded using link preload but not used within a few seconds from the window's load event. Please make sure it has an appropriate `as` value and it is preloaded intentionally. @ http://localhost:3000/master:0
[  188559ms] [WARNING] The resource http://localhost:3000/_next/static/css/app/layout.css?v=1777587670729 was preloaded using link preload but not used within a few seconds from the window's load event. Please make sure it has an appropriate `as` value and it is preloaded intentionally. @ http://localhost:3000/master:0
[  188559ms] [WARNING] The resource http://localhost:3000/_next/static/css/app/layout.css?v=1777587549727 was preloaded using link preload but not used within a few seconds from the window's load event. Please make sure it has an appropriate `as` value and it is preloaded intentionally. @ http://localhost:3000/master:0
[  188560ms] [WARNING] The resource http://localhost:3000/_next/static/css/app/layout.css?v=1777587544234 was preloaded using link preload but not used within a few seconds from the window's load event. Please make sure it has an appropriate `as` value and it is preloaded intentionally. @ http://localhost:3000/master:0
[  188560ms] [WARNING] The resource http://localhost:3000/_next/static/css/app/layout.css?v=1777587553010 was preloaded using link preload but not used within a few seconds from the window's load event. Please make sure it has an appropriate `as` value and it is preloaded intentionally. @ http://localhost:3000/master:0
[  188560ms] [WARNING] The resource http://localhost:3000/_next/static/css/app/layout.css?v=1777587550607 was preloaded using link preload but not used within a few seconds from the window's load event. Please make sure it has an appropriate `as` value and it is preloaded intentionally. @ http://localhost:3000/master:0
[  188560ms] [WARNING] The resource http://localhost:3000/_next/static/css/app/layout.css?v=1777587652693 was preloaded using link preload but not used within a few seconds from the window's load event. Please make sure it has an appropriate `as` value and it is preloaded intentionally. @ http://localhost:3000/master:0
[  188560ms] [WARNING] The resource http://localhost:3000/_next/static/css/app/layout.css?v=1777587554295 was preloaded using link preload but not used within a few seconds from the window's load event. Please make sure it has an appropriate `as` value and it is preloaded intentionally. @ http://localhost:3000/master:0
[  188560ms] [WARNING] The resource http://localhost:3000/_next/static/css/app/layout.css?v=1777587567351 was preloaded using link preload but not used within a few seconds from the window's load event. Please make sure it has an appropriate `as` value and it is preloaded intentionally. @ http://localhost:3000/master:0
[  188560ms] [WARNING] The resource http://localhost:3000/_next/static/css/app/layout.css?v=1777587684852 was preloaded using link preload but not used within a few seconds from the window's load event. Please make sure it has an appropriate `as` value and it is preloaded intentionally. @ http://localhost:3000/master:0
[  188560ms] [WARNING] The resource http://localhost:3000/_next/static/css/app/layout.css?v=1777587562251 was preloaded using link preload but not used within a few seconds from the window's load event. Please make sure it has an appropriate `as` value and it is preloaded intentionally. @ http://localhost:3000/master:0
[  188560ms] [WARNING] The resource http://localhost:3000/_next/static/css/app/layout.css?v=1777587663717 was preloaded using link preload but not used within a few seconds from the window's load event. Please make sure it has an appropriate `as` value and it is preloaded intentionally. @ http://localhost:3000/master:0
[  188560ms] [WARNING] The resource http://localhost:3000/_next/static/css/app/layout.css?v=1777587677347 was preloaded using link preload but not used within a few seconds from the window's load event. Please make sure it has an appropriate `as` value and it is preloaded intentionally. @ http://localhost:3000/master:0
[  188560ms] [WARNING] The resource http://localhost:3000/_next/static/css/app/layout.css?v=1777587545666 was preloaded using link preload but not used within a few seconds from the window's load event. Please make sure it has an appropriate `as` value and it is preloaded intentionally. @ http://localhost:3000/master:0
[  188560ms] [WARNING] The resource http://localhost:3000/_next/static/css/app/layout.css?v=1777587538266 was preloaded using link preload but not used within a few seconds from the window's load event. Please make sure it has an appropriate `as` value and it is preloaded intentionally. @ http://localhost:3000/master:0
[  188560ms] [WARNING] The resource http://localhost:3000/_next/static/css/app/layout.css?v=1777587669601 was preloaded using link preload but not used within a few seconds from the window's load event. Please make sure it has an appropriate `as` value and it is preloaded intentionally. @ http://localhost:3000/master:0
[  188560ms] [WARNING] The resource http://localhost:3000/_next/static/css/app/layout.css?v=1777587556356 was preloaded using link preload but not used within a few seconds from the window's load event. Please make sure it has an appropriate `as` value and it is preloaded intentionally. @ http://localhost:3000/master:0
[  188560ms] [WARNING] The resource http://localhost:3000/_next/static/css/app/layout.css?v=1777587537585 was preloaded using link preload but not used within a few seconds from the window's load event. Please make sure it has an appropriate `as` value and it is preloaded intentionally. @ http://localhost:3000/master:0
[  188560ms] [WARNING] The resource http://localhost:3000/_next/static/css/app/layout.css?v=1777587540543 was preloaded using link preload but not used within a few seconds from the window's load event. Please make sure it has an appropriate `as` value and it is preloaded intentionally. @ http://localhost:3000/master:0
[  188560ms] [WARNING] The resource http://localhost:3000/_next/static/css/app/layout.css?v=1777587543347 was preloaded using link preload but not used within a few seconds from the window's load event. Please make sure it has an appropriate `as` value and it is preloaded intentionally. @ http://localhost:3000/master:0
[  188560ms] [WARNING] The resource http://localhost:3000/_next/static/css/app/layout.css?v=1777587552755 was preloaded using link preload but not used within a few seconds from the window's load event. Please make sure it has an appropriate `as` value and it is preloaded intentionally. @ http://localhost:3000/master:0
[  188560ms] [WARNING] The resource http://localhost:3000/_next/static/css/app/layout.css?v=1777587543147 was preloaded using link preload but not used within a few seconds from the window's load event. Please make sure it has an appropriate `as` value and it is preloaded intentionally. @ http://localhost:3000/master:0
[  188560ms] [WARNING] The resource http://localhost:3000/_next/static/css/app/layout.css?v=1777587546843 was preloaded using link preload but not used within a few seconds from the window's load event. Please make sure it has an appropriate `as` value and it is preloaded intentionally. @ http://localhost:3000/master:0
[  188561ms] [WARNING] The resource http://localhost:3000/_next/static/css/app/layout.css?v=1777587543773 was preloaded using link preload but not used within a few seconds from the window's load event. Please make sure it has an appropriate `as` value and it is preloaded intentionally. @ http://localhost:3000/master:0
[  188561ms] [WARNING] The resource http://localhost:3000/_next/static/css/app/layout.css?v=1777587669361 was preloaded using link preload but not used within a few seconds from the window's load event. Please make sure it has an appropriate `as` value and it is preloaded intentionally. @ http://localhost:3000/master:0
[  188561ms] [WARNING] The resource http://localhost:3000/_next/static/css/app/layout.css?v=1777587550250 was preloaded using link preload but not used within a few seconds from the window's load event. Please make sure it has an appropriate `as` value and it is preloaded intentionally. @ http://localhost:3000/master:0
[  188561ms] [WARNING] The resource http://localhost:3000/_next/static/css/app/layout.css?v=1777587565861 was preloaded using link preload but not used within a few seconds from the window's load event. Please make sure it has an appropriate `as` value and it is preloaded intentionally. @ http://localhost:3000/master:0
[  188561ms] [WARNING] The resource http://localhost:3000/_next/static/css/app/layout.css?v=1777587668962 was preloaded using link preload but not used within a few seconds from the window's load event. Please make sure it has an appropriate `as` value and it is preloaded intentionally. @ http://localhost:3000/master:0
[  188561ms] [WARNING] The resource http://localhost:3000/_next/static/css/app/layout.css?v=1777587563274 was preloaded using link preload but not used within a few seconds from the window's load event. Please make sure it has an appropriate `as` value and it is preloaded intentionally. @ http://localhost:3000/master:0
[  188561ms] [WARNING] The resource http://localhost:3000/_next/static/css/app/layout.css?v=1777587553242 was preloaded using link preload but not used within a few seconds from the window's load event. Please make sure it has an appropriate `as` value and it is preloaded intentionally. @ http://localhost:3000/master:0
[  188561ms] [WARNING] The resource http://localhost:3000/_next/static/css/app/layout.css?v=1777587682756 was preloaded using link preload but not used within a few seconds from the window's load event. Please make sure it has an appropriate `as` value and it is preloaded intentionally. @ http://localhost:3000/master:0
[  188561ms] [WARNING] The resource http://localhost:3000/_next/static/css/app/layout.css?v=1777587671226 was preloaded using link preload but not used within a few seconds from the window's load event. Please make sure it has an appropriate `as` value and it is preloaded intentionally. @ http://localhost:3000/master:0
[  188561ms] [WARNING] The resource http://localhost:3000/_next/static/css/app/layout.css?v=1777587662695 was preloaded using link preload but not used within a few seconds from the window's load event. Please make sure it has an appropriate `as` value and it is preloaded intentionally. @ http://localhost:3000/master:0
[  188561ms] [WARNING] The resource http://localhost:3000/_next/static/css/app/layout.css?v=1777587664859 was preloaded using link preload but not used within a few seconds from the window's load event. Please make sure it has an appropriate `as` value and it is preloaded intentionally. @ http://localhost:3000/master:0
[  188561ms] [WARNING] The resource http://localhost:3000/_next/static/css/app/layout.css?v=1777587540732 was preloaded using link preload but not used within a few seconds from the window's load event. Please make sure it has an appropriate `as` value and it is preloaded intentionally. @ http://localhost:3000/master:0
[  188561ms] [WARNING] The resource http://localhost:3000/_next/static/css/app/layout.css?v=1777587544632 was preloaded using link preload but not used within a few seconds from the window's load event. Please make sure it has an appropriate `as` value and it is preloaded intentionally. @ http://localhost:3000/master:0
[  188561ms] [WARNING] The resource http://localhost:3000/_next/static/css/app/layout.css?v=1777587667893 was preloaded using link preload but not used within a few seconds from the window's load event. Please make sure it has an appropriate `as` value and it is preloaded intentionally. @ http://localhost:3000/master:0
[  188561ms] [WARNING] The resource http://localhost:3000/_next/static/css/app/layout.css?v=1777587686210 was preloaded using link preload but not used within a few seconds from the window's load event. Please make sure it has an appropriate `as` value and it is preloaded intentionally. @ http://localhost:3000/master:0
[  188561ms] [WARNING] The resource http://localhost:3000/_next/static/css/app/layout.css?v=1777587540112 was preloaded using link preload but not used within a few seconds from the window's load event. Please make sure it has an appropriate `as` value and it is preloaded intentionally. @ http://localhost:3000/master:0
[  188561ms] [WARNING] The resource http://localhost:3000/_next/static/css/app/layout.css?v=1777587670417 was preloaded using link preload but not used within a few seconds from the window's load event. Please make sure it has an appropriate `as` value and it is preloaded intentionally. @ http://localhost:3000/master:0
[  188561ms] [WARNING] The resource http://localhost:3000/_next/static/css/app/layout.css?v=1777587540386 was preloaded using link preload but not used within a few seconds from the window's load event. Please make sure it has an appropriate `as` value and it is preloaded intentionally. @ http://localhost:3000/master:0
[  188561ms] [WARNING] The resource http://localhost:3000/_next/static/css/app/layout.css?v=1777587546459 was preloaded using link preload but not used within a few seconds from the window's load event. Please make sure it has an appropriate `as` value and it is preloaded intentionally. @ http://localhost:3000/master:0
[  188561ms] [WARNING] The resource http://localhost:3000/_next/static/css/app/layout.css?v=1777587541946 was preloaded using link preload but not used within a few seconds from the window's load event. Please make sure it has an appropriate `as` value and it is preloaded intentionally. @ http://localhost:3000/master:0
[  188561ms] [WARNING] The resource http://localhost:3000/_next/static/css/app/layout.css?v=1777587555667 was preloaded using link preload but not used within a few seconds from the window's load event. Please make sure it has an appropriate `as` value and it is preloaded intentionally. @ http://localhost:3000/master:0
[  188561ms] [WARNING] The resource http://localhost:3000/_next/static/css/app/layout.css?v=1777587659696 was preloaded using link preload but not used within a few seconds from the window's load event. Please make sure it has an appropriate `as` value and it is preloaded intentionally. @ http://localhost:3000/master:0
[  188561ms] [WARNING] The resource http://localhost:3000/_next/static/css/app/layout.css?v=1777587679959 was preloaded using link preload but not used within a few seconds from the window's load event. Please make sure it has an appropriate `as` value and it is preloaded intentionally. @ http://localhost:3000/master:0
[  188561ms] [WARNING] The resource http://localhost:3000/_next/static/css/app/layout.css?v=1777587553871 was preloaded using link preload but not used within a few seconds from the window's load event. Please make sure it has an appropriate `as` value and it is preloaded intentionally. @ http://localhost:3000/master:0
[  188562ms] [WARNING] The resource http://localhost:3000/_next/static/css/app/layout.css?v=1777587667553 was preloaded using link preload but not used within a few seconds from the window's load event. Please make sure it has an appropriate `as` value and it is preloaded intentionally. @ http://localhost:3000/master:0
[  188562ms] [WARNING] The resource http://localhost:3000/_next/static/css/app/layout.css?v=1777587543979 was preloaded using link preload but not used within a few seconds from the window's load event. Please make sure it has an appropriate `as` value and it is preloaded intentionally. @ http://localhost:3000/master:0
[  188562ms] [WARNING] The resource http://localhost:3000/_next/static/css/app/layout.css?v=1777587666451 was preloaded using link preload but not used within a few seconds from the window's load event. Please make sure it has an appropriate `as` value and it is preloaded intentionally. @ http://localhost:3000/master:0
[  188562ms] [WARNING] The resource http://localhost:3000/_next/static/css/app/layout.css?v=1777587543545 was preloaded using link preload but not used within a few seconds from the window's load event. Please make sure it has an appropriate `as` value and it is preloaded intentionally. @ http://localhost:3000/master:0
[  188562ms] [WARNING] The resource http://localhost:3000/_next/static/css/app/layout.css?v=1777587683207 was preloaded using link preload but not used within a few seconds from the window's load event. Please make sure it has an appropriate `as` value and it is preloaded intentionally. @ http://localhost:3000/master:0
[  188562ms] [WARNING] The resource http://localhost:3000/_next/static/css/app/layout.css?v=1777587541315 was preloaded using link preload but not used within a few seconds from the window's load event. Please make sure it has an appropriate `as` value and it is preloaded intentionally. @ http://localhost:3000/master:0
[  188562ms] [WARNING] The resource http://localhost:3000/_next/static/css/app/layout.css?v=1777587544468 was preloaded using link preload but not used within a few seconds from the window's load event. Please make sure it has an appropriate `as` value and it is preloaded intentionally. @ http://localhost:3000/master:0
[  188562ms] [WARNING] The resource http://localhost:3000/_next/static/css/app/layout.css?v=1777587684267 was preloaded using link preload but not used within a few seconds from the window's load event. Please make sure it has an appropriate `as` value and it is preloaded intentionally. @ http://localhost:3000/master:0
[  188562ms] [WARNING] The resource http://localhost:3000/_next/static/css/app/layout.css?v=1777587659017 was preloaded using link preload but not used within a few seconds from the window's load event. Please make sure it has an appropriate `as` value and it is preloaded intentionally. @ http://localhost:3000/master:0
[  188562ms] [WARNING] The resource http://localhost:3000/_next/static/css/app/layout.css?v=1777587670005 was preloaded using link preload but not used within a few seconds from the window's load event. Please make sure it has an appropriate `as` value and it is preloaded intentionally. @ http://localhost:3000/master:0
[  188562ms] [WARNING] The resource http://localhost:3000/_next/static/css/app/layout.css?v=1777587665423 was preloaded using link preload but not used within a few seconds from the window's load event. Please make sure it has an appropriate `as` value and it is preloaded intentionally. @ http://localhost:3000/master:0
[  188562ms] [WARNING] The resource http://localhost:3000/_next/static/css/app/layout.css?v=1777587553506 was preloaded using link preload but not used within a few seconds from the window's load event. Please make sure it has an appropriate `as` value and it is preloaded intentionally. @ http://localhost:3000/master:0
[  188562ms] [WARNING] The resource http://localhost:3000/_next/static/css/app/layout.css?v=1777587552088 was preloaded using link preload but not used within a few seconds from the window's load event. Please make sure it has an appropriate `as` value and it is preloaded intentionally. @ http://localhost:3000/master:0
[  188562ms] [WARNING] The resource http://localhost:3000/_next/static/css/app/layout.css?v=1777587666810 was preloaded using link preload but not used within a few seconds from the window's load event. Please make sure it has an appropriate `as` value and it is preloaded intentionally. @ http://localhost:3000/master:0
[  188562ms] [WARNING] The resource http://localhost:3000/_next/static/css/app/layout.css?v=1777587551202 was preloaded using link preload but not used within a few seconds from the window's load event. Please make sure it has an appropriate `as` value and it is preloaded intentionally. @ http://localhost:3000/master:0
[  188562ms] [WARNING] The resource http://localhost:3000/_next/static/css/app/layout.css?v=1777587564918 was preloaded using link preload but not used within a few seconds from the window's load event. Please make sure it has an appropriate `as` value and it is preloaded intentionally. @ http://localhost:3000/master:0
[  188562ms] [WARNING] The resource http://localhost:3000/_next/static/css/app/layout.css?v=1777587654852 was preloaded using link preload but not used within a few seconds from the window's load event. Please make sure it has an appropriate `as` value and it is preloaded intentionally. @ http://localhost:3000/master:0
[  191472ms] [LOG] [Fast Refresh] done in 6408ms @ webpack-internal:///(app-pages-browser)/./node_modules/.pnpm/next@15.5.14_@babel+core@7.29.0_@playwright+test@1.52.0_react-dom@19.1.0_react@19.1.0__react@19.1.0/node_modules/next/dist/client/dev/report-hmr-latency.js:13
[  194496ms] [WARNING] The resource http://localhost:3000/_next/static/css/app/layout.css?v=1777587563975 was preloaded using link preload but not used within a few seconds from the window's load event. Please make sure it has an appropriate `as` value and it is preloaded intentionally. @ http://localhost:3000/master:0
[  194496ms] [WARNING] The resource http://localhost:3000/_next/static/css/app/layout.css?v=1777587681241 was preloaded using link preload but not used within a few seconds from the window's load event. Please make sure it has an appropriate `as` value and it is preloaded intentionally. @ http://localhost:3000/master:0
[  194496ms] [WARNING] The resource http://localhost:3000/_next/static/css/app/layout.css?v=1777587660361 was preloaded using link preload but not used within a few seconds from the window's load event. Please make sure it has an appropriate `as` value and it is preloaded intentionally. @ http://localhost:3000/master:0
[  194496ms] [WARNING] The resource http://localhost:3000/_next/static/css/app/layout.css?v=1777587574582 was preloaded using link preload but not used within a few seconds from the window's load event. Please make sure it has an appropriate `as` value and it is preloaded intentionally. @ http://localhost:3000/master:0
[  194496ms] [WARNING] The resource http://localhost:3000/_next/static/css/app/layout.css?v=1777587656291 was preloaded using link preload but not used within a few seconds from the window's load event. Please make sure it has an appropriate `as` value and it is preloaded intentionally. @ http://localhost:3000/master:0
[  194496ms] [WARNING] The resource http://localhost:3000/_next/static/css/app/layout.css?v=1777587668602 was preloaded using link preload but not used within a few seconds from the window's load event. Please make sure it has an appropriate `as` value and it is preloaded intentionally. @ http://localhost:3000/master:0
[  194496ms] [WARNING] The resource http://localhost:3000/_next/static/css/app/layout.css?v=1777587673183 was preloaded using link preload but not used within a few seconds from the window's load event. Please make sure it has an appropriate `as` value and it is preloaded intentionally. @ http://localhost:3000/master:0
[  194496ms] [WARNING] The resource http://localhost:3000/_next/static/css/app/layout.css?v=1777587667295 was preloaded using link preload but not used within a few seconds from the window's load event. Please make sure it has an appropriate `as` value and it is preloaded intentionally. @ http://localhost:3000/master:0
[  194496ms] [WARNING] The resource http://localhost:3000/_next/static/css/app/layout.css?v=1777587550906 was preloaded using link preload but not used within a few seconds from the window's load event. Please make sure it has an appropriate `as` value and it is preloaded intentionally. @ http://localhost:3000/master:0
[  194496ms] [WARNING] The resource http://localhost:3000/_next/static/css/app/layout.css?v=1777587564426 was preloaded using link preload but not used within a few seconds from the window's load event. Please make sure it has an appropriate `as` value and it is preloaded intentionally. @ http://localhost:3000/master:0
[  194496ms] [WARNING] The resource http://localhost:3000/_next/static/css/app/layout.css?v=1777587715289 was preloaded using link preload but not used within a few seconds from the window's load event. Please make sure it has an appropriate `as` value and it is preloaded intentionally. @ http://localhost:3000/master:0
[  194496ms] [WARNING] The resource http://localhost:3000/_next/static/css/app/layout.css?v=1777587668838 was preloaded using link preload but not used within a few seconds from the window's load event. Please make sure it has an appropriate `as` value and it is preloaded intentionally. @ http://localhost:3000/master:0
[  194496ms] [WARNING] The resource http://localhost:3000/_next/static/css/app/layout.css?v=1777587685430 was preloaded using link preload but not used within a few seconds from the window's load event. Please make sure it has an appropriate `as` value and it is preloaded intentionally. @ http://localhost:3000/master:0
[  194496ms] [WARNING] The resource http://localhost:3000/_next/static/css/app/layout.css?v=1777587683950 was preloaded using link preload but not used within a few seconds from the window's load event. Please make sure it has an appropriate `as` value and it is preloaded intentionally. @ http://localhost:3000/master:0
[  194496ms] [WARNING] The resource http://localhost:3000/_next/static/css/app/layout.css?v=1777587569598 was preloaded using link preload but not used within a few seconds from the window's load event. Please make sure it has an appropriate `as` value and it is preloaded intentionally. @ http://localhost:3000/master:0
[  194496ms] [WARNING] The resource http://localhost:3000/_next/static/css/app/layout.css?v=1777587538629 was preloaded using link preload but not used within a few seconds from the window's load event. Please make sure it has an appropriate `as` value and it is preloaded intentionally. @ http://localhost:3000/master:0
[  194496ms] [WARNING] The resource http://localhost:3000/_next/static/css/app/layout.css?v=1777587685125 was preloaded using link preload but not used within a few seconds from the window's load event. Please make sure it has an appropriate `as` value and it is preloaded intentionally. @ http://localhost:3000/master:0
[  194496ms] [WARNING] The resource http://localhost:3000/_next/static/css/app/layout.css?v=1777587593975 was preloaded using link preload but not used within a few seconds from the window's load event. Please make sure it has an appropriate `as` value and it is preloaded intentionally. @ http://localhost:3000/master:0
[  194496ms] [WARNING] The resource http://localhost:3000/_next/static/css/app/layout.css?v=1777587568600 was preloaded using link preload but not used within a few seconds from the window's load event. Please make sure it has an appropriate `as` value and it is preloaded intentionally. @ http://localhost:3000/master:0
[  194496ms] [WARNING] The resource http://localhost:3000/_next/static/css/app/layout.css?v=1777587589318 was preloaded using link preload but not used within a few seconds from the window's load event. Please make sure it has an appropriate `as` value and it is preloaded intentionally. @ http://localhost:3000/master:0
[  194496ms] [WARNING] The resource http://localhost:3000/_next/static/css/app/layout.css?v=1777587664206 was preloaded using link preload but not used within a few seconds from the window's load event. Please make sure it has an appropriate `as` value and it is preloaded intentionally. @ http://localhost:3000/master:0
[  194496ms] [WARNING] The resource http://localhost:3000/_next/static/css/app/layout.css?v=1777587539626 was preloaded using link preload but not used within a few seconds from the window's load event. Please make sure it has an appropriate `as` value and it is preloaded intentionally. @ http://localhost:3000/master:0
[  194496ms] [WARNING] The resource http://localhost:3000/_next/static/css/app/layout.css?v=1777587657807 was preloaded using link preload but not used within a few seconds from the window's load event. Please make sure it has an appropriate `as` value and it is preloaded intentionally. @ http://localhost:3000/master:0
[  194496ms] [WARNING] The resource http://localhost:3000/_next/static/css/app/layout.css?v=1777587547068 was preloaded using link preload but not used within a few seconds from the window's load event. Please make sure it has an appropriate `as` value and it is preloaded intentionally. @ http://localhost:3000/master:0
[  194496ms] [WARNING] The resource http://localhost:3000/_next/static/css/app/layout.css?v=1777587548248 was preloaded using link preload but not used within a few seconds from the window's load event. Please make sure it has an appropriate `as` value and it is preloaded intentionally. @ http://localhost:3000/master:0
[  194496ms] [WARNING] The resource http://localhost:3000/_next/static/css/app/layout.css?v=1777587724027 was preloaded using link preload but not used within a few seconds from the window's load event. Please make sure it has an appropriate `as` value and it is preloaded intentionally. @ http://localhost:3000/master:0
[  194496ms] [WARNING] The resource http://localhost:3000/_next/static/css/app/layout.css?v=1777587552495 was preloaded using link preload but not used within a few seconds from the window's load event. Please make sure it has an appropriate `as` value and it is preloaded intentionally. @ http://localhost:3000/master:0
[  194496ms] [WARNING] The resource http://localhost:3000/_next/static/css/app/layout.css?v=1777587665867 was preloaded using link preload but not used within a few seconds from the window's load event. Please make sure it has an appropriate `as` value and it is preloaded intentionally. @ http://localhost:3000/master:0
[  194496ms] [WARNING] The resource http://localhost:3000/_next/static/css/app/layout.css?v=1777587667061 was preloaded using link preload but not used within a few seconds from the window's load event. Please make sure it has an appropriate `as` value and it is preloaded intentionally. @ http://localhost:3000/master:0
[  194496ms] [WARNING] The resource http://localhost:3000/_next/static/css/app/layout.css?v=1777587670729 was preloaded using link preload but not used within a few seconds from the window's load event. Please make sure it has an appropriate `as` value and it is preloaded intentionally. @ http://localhost:3000/master:0
[  194496ms] [WARNING] The resource http://localhost:3000/_next/static/css/app/layout.css?v=1777587549727 was preloaded using link preload but not used within a few seconds from the window's load event. Please make sure it has an appropriate `as` value and it is preloaded intentionally. @ http://localhost:3000/master:0
[  194496ms] [WARNING] The resource http://localhost:3000/_next/static/css/app/layout.css?v=1777587544234 was preloaded using link preload but not used within a few seconds from the window's load event. Please make sure it has an appropriate `as` value and it is preloaded intentionally. @ http://localhost:3000/master:0
[  194496ms] [WARNING] The resource http://localhost:3000/_next/static/css/app/layout.css?v=1777587553010 was preloaded using link preload but not used within a few seconds from the window's load event. Please make sure it has an appropriate `as` value and it is preloaded intentionally. @ http://localhost:3000/master:0
[  194496ms] [WARNING] The resource http://localhost:3000/_next/static/css/app/layout.css?v=1777587550607 was preloaded using link preload but not used within a few seconds from the window's load event. Please make sure it has an appropriate `as` value and it is preloaded intentionally. @ http://localhost:3000/master:0
[  194496ms] [WARNING] The resource http://localhost:3000/_next/static/css/app/layout.css?v=1777587652693 was preloaded using link preload but not used within a few seconds from the window's load event. Please make sure it has an appropriate `as` value and it is preloaded intentionally. @ http://localhost:3000/master:0
[  194496ms] [WARNING] The resource http://localhost:3000/_next/static/css/app/layout.css?v=1777587554295 was preloaded using link preload but not used within a few seconds from the window's load event. Please make sure it has an appropriate `as` value and it is preloaded intentionally. @ http://localhost:3000/master:0
[  194496ms] [WARNING] The resource http://localhost:3000/_next/static/css/app/layout.css?v=1777587567351 was preloaded using link preload but not used within a few seconds from the window's load event. Please make sure it has an appropriate `as` value and it is preloaded intentionally. @ http://localhost:3000/master:0
[  194496ms] [WARNING] The resource http://localhost:3000/_next/static/css/app/layout.css?v=1777587684852 was preloaded using link preload but not used within a few seconds from the window's load event. Please make sure it has an appropriate `as` value and it is preloaded intentionally. @ http://localhost:3000/master:0
[  194497ms] [WARNING] The resource http://localhost:3000/_next/static/css/app/layout.css?v=1777587562251 was preloaded using link preload but not used within a few seconds from the window's load event. Please make sure it has an appropriate `as` value and it is preloaded intentionally. @ http://localhost:3000/master:0
[  194497ms] [WARNING] The resource http://localhost:3000/_next/static/css/app/layout.css?v=1777587663717 was preloaded using link preload but not used within a few seconds from the window's load event. Please make sure it has an appropriate `as` value and it is preloaded intentionally. @ http://localhost:3000/master:0
[  194497ms] [WARNING] The resource http://localhost:3000/_next/static/css/app/layout.css?v=1777587677347 was preloaded using link preload but not used within a few seconds from the window's load event. Please make sure it has an appropriate `as` value and it is preloaded intentionally. @ http://localhost:3000/master:0
[  194497ms] [WARNING] The resource http://localhost:3000/_next/static/css/app/layout.css?v=1777587545666 was preloaded using link preload but not used within a few seconds from the window's load event. Please make sure it has an appropriate `as` value and it is preloaded intentionally. @ http://localhost:3000/master:0
[  194497ms] [WARNING] The resource http://localhost:3000/_next/static/css/app/layout.css?v=1777587538266 was preloaded using link preload but not used within a few seconds from the window's load event. Please make sure it has an appropriate `as` value and it is preloaded intentionally. @ http://localhost:3000/master:0
[  194497ms] [WARNING] The resource http://localhost:3000/_next/static/css/app/layout.css?v=1777587669601 was preloaded using link preload but not used within a few seconds from the window's load event. Please make sure it has an appropriate `as` value and it is preloaded intentionally. @ http://localhost:3000/master:0
[  194497ms] [WARNING] The resource http://localhost:3000/_next/static/css/app/layout.css?v=1777587556356 was preloaded using link preload but not used within a few seconds from the window's load event. Please make sure it has an appropriate `as` value and it is preloaded intentionally. @ http://localhost:3000/master:0
[  194497ms] [WARNING] The resource http://localhost:3000/_next/static/css/app/layout.css?v=1777587537585 was preloaded using link preload but not used within a few seconds from the window's load event. Please make sure it has an appropriate `as` value and it is preloaded intentionally. @ http://localhost:3000/master:0
[  194497ms] [WARNING] The resource http://localhost:3000/_next/static/css/app/layout.css?v=1777587540543 was preloaded using link preload but not used within a few seconds from the window's load event. Please make sure it has an appropriate `as` value and it is preloaded intentionally. @ http://localhost:3000/master:0
[  194497ms] [WARNING] The resource http://localhost:3000/_next/static/css/app/layout.css?v=1777587543347 was preloaded using link preload but not used within a few seconds from the window's load event. Please make sure it has an appropriate `as` value and it is preloaded intentionally. @ http://localhost:3000/master:0
[  194497ms] [WARNING] The resource http://localhost:3000/_next/static/css/app/layout.css?v=1777587552755 was preloaded using link preload but not used within a few seconds from the window's load event. Please make sure it has an appropriate `as` value and it is preloaded intentionally. @ http://localhost:3000/master:0
[  194497ms] [WARNING] The resource http://localhost:3000/_next/static/css/app/layout.css?v=1777587543147 was preloaded using link preload but not used within a few seconds from the window's load event. Please make sure it has an appropriate `as` value and it is preloaded intentionally. @ http://localhost:3000/master:0
[  194497ms] [WARNING] The resource http://localhost:3000/_next/static/css/app/layout.css?v=1777587546843 was preloaded using link preload but not used within a few seconds from the window's load event. Please make sure it has an appropriate `as` value and it is preloaded intentionally. @ http://localhost:3000/master:0
[  194497ms] [WARNING] The resource http://localhost:3000/_next/static/css/app/layout.css?v=1777587543773 was preloaded using link preload but not used within a few seconds from the window's load event. Please make sure it has an appropriate `as` value and it is preloaded intentionally. @ http://localhost:3000/master:0
[  194497ms] [WARNING] The resource http://localhost:3000/_next/static/css/app/layout.css?v=1777587669361 was preloaded using link preload but not used within a few seconds from the window's load event. Please make sure it has an appropriate `as` value and it is preloaded intentionally. @ http://localhost:3000/master:0
[  194497ms] [WARNING] The resource http://localhost:3000/_next/static/css/app/layout.css?v=1777587550250 was preloaded using link preload but not used within a few seconds from the window's load event. Please make sure it has an appropriate `as` value and it is preloaded intentionally. @ http://localhost:3000/master:0
[  194497ms] [WARNING] The resource http://localhost:3000/_next/static/css/app/layout.css?v=1777587565861 was preloaded using link preload but not used within a few seconds from the window's load event. Please make sure it has an appropriate `as` value and it is preloaded intentionally. @ http://localhost:3000/master:0
[  194497ms] [WARNING] The resource http://localhost:3000/_next/static/css/app/layout.css?v=1777587668962 was preloaded using link preload but not used within a few seconds from the window's load event. Please make sure it has an appropriate `as` value and it is preloaded intentionally. @ http://localhost:3000/master:0
[  194497ms] [WARNING] The resource http://localhost:3000/_next/static/css/app/layout.css?v=1777587563274 was preloaded using link preload but not used within a few seconds from the window's load event. Please make sure it has an appropriate `as` value and it is preloaded intentionally. @ http://localhost:3000/master:0
[  194497ms] [WARNING] The resource http://localhost:3000/_next/static/css/app/layout.css?v=1777587553242 was preloaded using link preload but not used within a few seconds from the window's load event. Please make sure it has an appropriate `as` value and it is preloaded intentionally. @ http://localhost:3000/master:0
[  194497ms] [WARNING] The resource http://localhost:3000/_next/static/css/app/layout.css?v=1777587682756 was preloaded using link preload but not used within a few seconds from the window's load event. Please make sure it has an appropriate `as` value and it is preloaded intentionally. @ http://localhost:3000/master:0
[  194497ms] [WARNING] The resource http://localhost:3000/_next/static/css/app/layout.css?v=1777587671226 was preloaded using link preload but not used within a few seconds from the window's load event. Please make sure it has an appropriate `as` value and it is preloaded intentionally. @ http://localhost:3000/master:0
[  194497ms] [WARNING] The resource http://localhost:3000/_next/static/css/app/layout.css?v=1777587662695 was preloaded using link preload but not used within a few seconds from the window's load event. Please make sure it has an appropriate `as` value and it is preloaded intentionally. @ http://localhost:3000/master:0
[  194497ms] [WARNING] The resource http://localhost:3000/_next/static/css/app/layout.css?v=1777587664859 was preloaded using link preload but not used within a few seconds from the window's load event. Please make sure it has an appropriate `as` value and it is preloaded intentionally. @ http://localhost:3000/master:0
[  194497ms] [WARNING] The resource http://localhost:3000/_next/static/css/app/layout.css?v=1777587540732 was preloaded using link preload but not used within a few seconds from the window's load event. Please make sure it has an appropriate `as` value and it is preloaded intentionally. @ http://localhost:3000/master:0
[  194497ms] [WARNING] The resource http://localhost:3000/_next/static/css/app/layout.css?v=1777587544632 was preloaded using link preload but not used within a few seconds from the window's load event. Please make sure it has an appropriate `as` value and it is preloaded intentionally. @ http://localhost:3000/master:0
[  194497ms] [WARNING] The resource http://localhost:3000/_next/static/css/app/layout.css?v=1777587667893 was preloaded using link preload but not used within a few seconds from the window's load event. Please make sure it has an appropriate `as` value and it is preloaded intentionally. @ http://localhost:3000/master:0
[  194497ms] [WARNING] The resource http://localhost:3000/_next/static/css/app/layout.css?v=1777587686210 was preloaded using link preload but not used within a few seconds from the window's load event. Please make sure it has an appropriate `as` value and it is preloaded intentionally. @ http://localhost:3000/master:0
[  194497ms] [WARNING] The resource http://localhost:3000/_next/static/css/app/layout.css?v=1777587540112 was preloaded using link preload but not used within a few seconds from the window's load event. Please make sure it has an appropriate `as` value and it is preloaded intentionally. @ http://localhost:3000/master:0
[  194497ms] [WARNING] The resource http://localhost:3000/_next/static/css/app/layout.css?v=1777587670417 was preloaded using link preload but not used within a few seconds from the window's load event. Please make sure it has an appropriate `as` value and it is preloaded intentionally. @ http://localhost:3000/master:0
[  194497ms] [WARNING] The resource http://localhost:3000/_next/static/css/app/layout.css?v=1777587540386 was preloaded using link preload but not used within a few seconds from the window's load event. Please make sure it has an appropriate `as` value and it is preloaded intentionally. @ http://localhost:3000/master:0
[  194497ms] [WARNING] The resource http://localhost:3000/_next/static/css/app/layout.css?v=1777587546459 was preloaded using link preload but not used within a few seconds from the window's load event. Please make sure it has an appropriate `as` value and it is preloaded intentionally. @ http://localhost:3000/master:0
[  194497ms] [WARNING] The resource http://localhost:3000/_next/static/css/app/layout.css?v=1777587541946 was preloaded using link preload but not used within a few seconds from the window's load event. Please make sure it has an appropriate `as` value and it is preloaded intentionally. @ http://localhost:3000/master:0
[  194497ms] [WARNING] The resource http://localhost:3000/_next/static/css/app/layout.css?v=1777587555667 was preloaded using link preload but not used within a few seconds from the window's load event. Please make sure it has an appropriate `as` value and it is preloaded intentionally. @ http://localhost:3000/master:0
[  194497ms] [WARNING] The resource http://localhost:3000/_next/static/css/app/layout.css?v=1777587659696 was preloaded using link preload but not used within a few seconds from the window's load event. Please make sure it has an appropriate `as` value and it is preloaded intentionally. @ http://localhost:3000/master:0
[  194497ms] [WARNING] The resource http://localhost:3000/_next/static/css/app/layout.css?v=1777587679959 was preloaded using link preload but not used within a few seconds from the window's load event. Please make sure it has an appropriate `as` value and it is preloaded intentionally. @ http://localhost:3000/master:0
[  194497ms] [WARNING] The resource http://localhost:3000/_next/static/css/app/layout.css?v=1777587553871 was preloaded using link preload but not used within a few seconds from the window's load event. Please make sure it has an appropriate `as` value and it is preloaded intentionally. @ http://localhost:3000/master:0
[  194497ms] [WARNING] The resource http://localhost:3000/_next/static/css/app/layout.css?v=1777587667553 was preloaded using link preload but not used within a few seconds from the window's load event. Please make sure it has an appropriate `as` value and it is preloaded intentionally. @ http://localhost:3000/master:0
[  194497ms] [WARNING] The resource http://localhost:3000/_next/static/css/app/layout.css?v=1777587543979 was preloaded using link preload but not used within a few seconds from the window's load event. Please make sure it has an appropriate `as` value and it is preloaded intentionally. @ http://localhost:3000/master:0
[  194497ms] [WARNING] The resource http://localhost:3000/_next/static/css/app/layout.css?v=1777587666451 was preloaded using link preload but not used within a few seconds from the window's load event. Please make sure it has an appropriate `as` value and it is preloaded intentionally. @ http://localhost:3000/master:0
[  194497ms] [WARNING] The resource http://localhost:3000/_next/static/css/app/layout.css?v=1777587543545 was preloaded using link preload but not used within a few seconds from the window's load event. Please make sure it has an appropriate `as` value and it is preloaded intentionally. @ http://localhost:3000/master:0
[  194497ms] [WARNING] The resource http://localhost:3000/_next/static/css/app/layout.css?v=1777587683207 was preloaded using link preload but not used within a few seconds from the window's load event. Please make sure it has an appropriate `as` value and it is preloaded intentionally. @ http://localhost:3000/master:0
[  194497ms] [WARNING] The resource http://localhost:3000/_next/static/css/app/layout.css?v=1777587541315 was preloaded using link preload but not used within a few seconds from the window's load event. Please make sure it has an appropriate `as` value and it is preloaded intentionally. @ http://localhost:3000/master:0
[  194497ms] [WARNING] The resource http://localhost:3000/_next/static/css/app/layout.css?v=1777587544468 was preloaded using link preload but not used within a few seconds from the window's load event. Please make sure it has an appropriate `as` value and it is preloaded intentionally. @ http://localhost:3000/master:0
[  194497ms] [WARNING] The resource http://localhost:3000/_next/static/css/app/layout.css?v=1777587684267 was preloaded using link preload but not used within a few seconds from the window's load event. Please make sure it has an appropriate `as` value and it is preloaded intentionally. @ http://localhost:3000/master:0
[  194497ms] [WARNING] The resource http://localhost:3000/_next/static/css/app/layout.css?v=1777587659017 was preloaded using link preload but not used within a few seconds from the window's load event. Please make sure it has an appropriate `as` value and it is preloaded intentionally. @ http://localhost:3000/master:0
[  194497ms] [WARNING] The resource http://localhost:3000/_next/static/css/app/layout.css?v=1777587670005 was preloaded using link preload but not used within a few seconds from the window's load event. Please make sure it has an appropriate `as` value and it is preloaded intentionally. @ http://localhost:3000/master:0
[  194497ms] [WARNING] The resource http://localhost:3000/_next/static/css/app/layout.css?v=1777587665423 was preloaded using link preload but not used within a few seconds from the window's load event. Please make sure it has an appropriate `as` value and it is preloaded intentionally. @ http://localhost:3000/master:0
[  194498ms] [WARNING] The resource http://localhost:3000/_next/static/css/app/layout.css?v=1777587553506 was preloaded using link preload but not used within a few seconds from the window's load event. Please make sure it has an appropriate `as` value and it is preloaded intentionally. @ http://localhost:3000/master:0
[  194498ms] [WARNING] The resource http://localhost:3000/_next/static/css/app/layout.css?v=1777587552088 was preloaded using link preload but not used within a few seconds from the window's load event. Please make sure it has an appropriate `as` value and it is preloaded intentionally. @ http://localhost:3000/master:0
[  194498ms] [WARNING] The resource http://localhost:3000/_next/static/css/app/layout.css?v=1777587666810 was preloaded using link preload but not used within a few seconds from the window's load event. Please make sure it has an appropriate `as` value and it is preloaded intentionally. @ http://localhost:3000/master:0
[  194498ms] [WARNING] The resource http://localhost:3000/_next/static/css/app/layout.css?v=1777587551202 was preloaded using link preload but not used within a few seconds from the window's load event. Please make sure it has an appropriate `as` value and it is preloaded intentionally. @ http://localhost:3000/master:0
[  194498ms] [WARNING] The resource http://localhost:3000/_next/static/css/app/layout.css?v=1777587564918 was preloaded using link preload but not used within a few seconds from the window's load event. Please make sure it has an appropriate `as` value and it is preloaded intentionally. @ http://localhost:3000/master:0
[  194498ms] [WARNING] The resource http://localhost:3000/_next/static/css/app/layout.css?v=1777587654852 was preloaded using link preload but not used within a few seconds from the window's load event. Please make sure it has an appropriate `as` value and it is preloaded intentionally. @ http://localhost:3000/master:0
[  195818ms] [LOG] [Fast Refresh] rebuilding @ webpack-internal:///(app-pages-browser)/./node_modules/.pnpm/next@15.5.14_@babel+core@7.29.0_@playwright+test@1.52.0_react-dom@19.1.0_react@19.1.0__react@19.1.0/node_modules/next/dist/client/dev/hot-reloader/app/hot-reloader-app.js:196
[  198484ms] [LOG] [Fast Refresh] done in 2666ms @ webpack-internal:///(app-pages-browser)/./node_modules/.pnpm/next@15.5.14_@babel+core@7.29.0_@playwright+test@1.52.0_react-dom@19.1.0_react@19.1.0__react@19.1.0/node_modules/next/dist/client/dev/report-hmr-latency.js:13
[  200092ms] [LOG] [Fast Refresh] rebuilding @ webpack-internal:///(app-pages-browser)/./node_modules/.pnpm/next@15.5.14_@babel+core@7.29.0_@playwright+test@1.52.0_react-dom@19.1.0_react@19.1.0__react@19.1.0/node_modules/next/dist/client/dev/hot-reloader/app/hot-reloader-app.js:196
[  200533ms] [LOG] [Fast Refresh] done in 440ms @ webpack-internal:///(app-pages-browser)/./node_modules/.pnpm/next@15.5.14_@babel+core@7.29.0_@playwright+test@1.52.0_react-dom@19.1.0_react@19.1.0__react@19.1.0/node_modules/next/dist/client/dev/report-hmr-latency.js:13
[  201740ms] [LOG] [Fast Refresh] rebuilding @ webpack-internal:///(app-pages-browser)/./node_modules/.pnpm/next@15.5.14_@babel+core@7.29.0_@playwright+test@1.52.0_react-dom@19.1.0_react@19.1.0__react@19.1.0/node_modules/next/dist/client/dev/hot-reloader/app/hot-reloader-app.js:196
[  201983ms] [LOG] [Fast Refresh] done in 244ms @ webpack-internal:///(app-pages-browser)/./node_modules/.pnpm/next@15.5.14_@babel+core@7.29.0_@playwright+test@1.52.0_react-dom@19.1.0_react@19.1.0__react@19.1.0/node_modules/next/dist/client/dev/report-hmr-latency.js:13
[  203097ms] [LOG] [Fast Refresh] rebuilding @ webpack-internal:///(app-pages-browser)/./node_modules/.pnpm/next@15.5.14_@babel+core@7.29.0_@playwright+test@1.52.0_react-dom@19.1.0_react@19.1.0__react@19.1.0/node_modules/next/dist/client/dev/hot-reloader/app/hot-reloader-app.js:196
[  203449ms] [LOG] [Fast Refresh] done in 352ms @ webpack-internal:///(app-pages-browser)/./node_modules/.pnpm/next@15.5.14_@babel+core@7.29.0_@playwright+test@1.52.0_react-dom@19.1.0_react@19.1.0__react@19.1.0/node_modules/next/dist/client/dev/report-hmr-latency.js:13
[  205125ms] [LOG] [Fast Refresh] rebuilding @ webpack-internal:///(app-pages-browser)/./node_modules/.pnpm/next@15.5.14_@babel+core@7.29.0_@playwright+test@1.52.0_react-dom@19.1.0_react@19.1.0__react@19.1.0/node_modules/next/dist/client/dev/hot-reloader/app/hot-reloader-app.js:196
[  205273ms] [LOG] [Fast Refresh] done in 148ms @ webpack-internal:///(app-pages-browser)/./node_modules/.pnpm/next@15.5.14_@babel+core@7.29.0_@playwright+test@1.52.0_react-dom@19.1.0_react@19.1.0__react@19.1.0/node_modules/next/dist/client/dev/report-hmr-latency.js:13
[  206032ms] [LOG] [Fast Refresh] rebuilding @ webpack-internal:///(app-pages-browser)/./node_modules/.pnpm/next@15.5.14_@babel+core@7.29.0_@playwright+test@1.52.0_react-dom@19.1.0_react@19.1.0__react@19.1.0/node_modules/next/dist/client/dev/hot-reloader/app/hot-reloader-app.js:196
[  206149ms] [LOG] [Fast Refresh] done in 117ms @ webpack-internal:///(app-pages-browser)/./node_modules/.pnpm/next@15.5.14_@babel+core@7.29.0_@playwright+test@1.52.0_react-dom@19.1.0_react@19.1.0__react@19.1.0/node_modules/next/dist/client/dev/report-hmr-latency.js:13
[  209190ms] [WARNING] The resource http://localhost:3000/_next/static/css/app/layout.css?v=1777587563975 was preloaded using link preload but not used within a few seconds from the window's load event. Please make sure it has an appropriate `as` value and it is preloaded intentionally. @ http://localhost:3000/master:0
[  209191ms] [WARNING] The resource http://localhost:3000/_next/static/css/app/layout.css?v=1777587681241 was preloaded using link preload but not used within a few seconds from the window's load event. Please make sure it has an appropriate `as` value and it is preloaded intentionally. @ http://localhost:3000/master:0
[  209191ms] [WARNING] The resource http://localhost:3000/_next/static/css/app/layout.css?v=1777587660361 was preloaded using link preload but not used within a few seconds from the window's load event. Please make sure it has an appropriate `as` value and it is preloaded intentionally. @ http://localhost:3000/master:0
[  209191ms] [WARNING] The resource http://localhost:3000/_next/static/css/app/layout.css?v=1777587574582 was preloaded using link preload but not used within a few seconds from the window's load event. Please make sure it has an appropriate `as` value and it is preloaded intentionally. @ http://localhost:3000/master:0
[  209191ms] [WARNING] The resource http://localhost:3000/_next/static/css/app/layout.css?v=1777587656291 was preloaded using link preload but not used within a few seconds from the window's load event. Please make sure it has an appropriate `as` value and it is preloaded intentionally. @ http://localhost:3000/master:0
[  209191ms] [WARNING] The resource http://localhost:3000/_next/static/css/app/layout.css?v=1777587668602 was preloaded using link preload but not used within a few seconds from the window's load event. Please make sure it has an appropriate `as` value and it is preloaded intentionally. @ http://localhost:3000/master:0
[  209191ms] [WARNING] The resource http://localhost:3000/_next/static/css/app/layout.css?v=1777587673183 was preloaded using link preload but not used within a few seconds from the window's load event. Please make sure it has an appropriate `as` value and it is preloaded intentionally. @ http://localhost:3000/master:0
[  209191ms] [WARNING] The resource http://localhost:3000/_next/static/css/app/layout.css?v=1777587667295 was preloaded using link preload but not used within a few seconds from the window's load event. Please make sure it has an appropriate `as` value and it is preloaded intentionally. @ http://localhost:3000/master:0
[  209191ms] [WARNING] The resource http://localhost:3000/_next/static/css/app/layout.css?v=1777587550906 was preloaded using link preload but not used within a few seconds from the window's load event. Please make sure it has an appropriate `as` value and it is preloaded intentionally. @ http://localhost:3000/master:0
[  209191ms] [WARNING] The resource http://localhost:3000/_next/static/css/app/layout.css?v=1777587564426 was preloaded using link preload but not used within a few seconds from the window's load event. Please make sure it has an appropriate `as` value and it is preloaded intentionally. @ http://localhost:3000/master:0
[  209191ms] [WARNING] The resource http://localhost:3000/_next/static/css/app/layout.css?v=1777587715289 was preloaded using link preload but not used within a few seconds from the window's load event. Please make sure it has an appropriate `as` value and it is preloaded intentionally. @ http://localhost:3000/master:0
[  209191ms] [WARNING] The resource http://localhost:3000/_next/static/css/app/layout.css?v=1777587668838 was preloaded using link preload but not used within a few seconds from the window's load event. Please make sure it has an appropriate `as` value and it is preloaded intentionally. @ http://localhost:3000/master:0
[  209191ms] [WARNING] The resource http://localhost:3000/_next/static/css/app/layout.css?v=1777587685430 was preloaded using link preload but not used within a few seconds from the window's load event. Please make sure it has an appropriate `as` value and it is preloaded intentionally. @ http://localhost:3000/master:0
[  209191ms] [WARNING] The resource http://localhost:3000/_next/static/css/app/layout.css?v=1777587683950 was preloaded using link preload but not used within a few seconds from the window's load event. Please make sure it has an appropriate `as` value and it is preloaded intentionally. @ http://localhost:3000/master:0
[  209191ms] [WARNING] The resource http://localhost:3000/_next/static/css/app/layout.css?v=1777587569598 was preloaded using link preload but not used within a few seconds from the window's load event. Please make sure it has an appropriate `as` value and it is preloaded intentionally. @ http://localhost:3000/master:0
[  209191ms] [WARNING] The resource http://localhost:3000/_next/static/css/app/layout.css?v=1777587538629 was preloaded using link preload but not used within a few seconds from the window's load event. Please make sure it has an appropriate `as` value and it is preloaded intentionally. @ http://localhost:3000/master:0
[  209191ms] [WARNING] The resource http://localhost:3000/_next/static/css/app/layout.css?v=1777587685125 was preloaded using link preload but not used within a few seconds from the window's load event. Please make sure it has an appropriate `as` value and it is preloaded intentionally. @ http://localhost:3000/master:0
[  209191ms] [WARNING] The resource http://localhost:3000/_next/static/css/app/layout.css?v=1777587593975 was preloaded using link preload but not used within a few seconds from the window's load event. Please make sure it has an appropriate `as` value and it is preloaded intentionally. @ http://localhost:3000/master:0
[  209191ms] [WARNING] The resource http://localhost:3000/_next/static/css/app/layout.css?v=1777587568600 was preloaded using link preload but not used within a few seconds from the window's load event. Please make sure it has an appropriate `as` value and it is preloaded intentionally. @ http://localhost:3000/master:0
[  209191ms] [WARNING] The resource http://localhost:3000/_next/static/css/app/layout.css?v=1777587589318 was preloaded using link preload but not used within a few seconds from the window's load event. Please make sure it has an appropriate `as` value and it is preloaded intentionally. @ http://localhost:3000/master:0
[  209191ms] [WARNING] The resource http://localhost:3000/_next/static/css/app/layout.css?v=1777587664206 was preloaded using link preload but not used within a few seconds from the window's load event. Please make sure it has an appropriate `as` value and it is preloaded intentionally. @ http://localhost:3000/master:0
[  209191ms] [WARNING] The resource http://localhost:3000/_next/static/css/app/layout.css?v=1777587539626 was preloaded using link preload but not used within a few seconds from the window's load event. Please make sure it has an appropriate `as` value and it is preloaded intentionally. @ http://localhost:3000/master:0
[  209191ms] [WARNING] The resource http://localhost:3000/_next/static/css/app/layout.css?v=1777587657807 was preloaded using link preload but not used within a few seconds from the window's load event. Please make sure it has an appropriate `as` value and it is preloaded intentionally. @ http://localhost:3000/master:0
[  209191ms] [WARNING] The resource http://localhost:3000/_next/static/css/app/layout.css?v=1777587547068 was preloaded using link preload but not used within a few seconds from the window's load event. Please make sure it has an appropriate `as` value and it is preloaded intentionally. @ http://localhost:3000/master:0
[  209191ms] [WARNING] The resource http://localhost:3000/_next/static/css/app/layout.css?v=1777587548248 was preloaded using link preload but not used within a few seconds from the window's load event. Please make sure it has an appropriate `as` value and it is preloaded intentionally. @ http://localhost:3000/master:0
[  209191ms] [WARNING] The resource http://localhost:3000/_next/static/css/app/layout.css?v=1777587724027 was preloaded using link preload but not used within a few seconds from the window's load event. Please make sure it has an appropriate `as` value and it is preloaded intentionally. @ http://localhost:3000/master:0
[  209191ms] [WARNING] The resource http://localhost:3000/_next/static/css/app/layout.css?v=1777587552495 was preloaded using link preload but not used within a few seconds from the window's load event. Please make sure it has an appropriate `as` value and it is preloaded intentionally. @ http://localhost:3000/master:0
[  209191ms] [WARNING] The resource http://localhost:3000/_next/static/css/app/layout.css?v=1777587665867 was preloaded using link preload but not used within a few seconds from the window's load event. Please make sure it has an appropriate `as` value and it is preloaded intentionally. @ http://localhost:3000/master:0
[  209191ms] [WARNING] The resource http://localhost:3000/_next/static/css/app/layout.css?v=1777587667061 was preloaded using link preload but not used within a few seconds from the window's load event. Please make sure it has an appropriate `as` value and it is preloaded intentionally. @ http://localhost:3000/master:0
[  209191ms] [WARNING] The resource http://localhost:3000/_next/static/css/app/layout.css?v=1777587670729 was preloaded using link preload but not used within a few seconds from the window's load event. Please make sure it has an appropriate `as` value and it is preloaded intentionally. @ http://localhost:3000/master:0
[  209191ms] [WARNING] The resource http://localhost:3000/_next/static/css/app/layout.css?v=1777587549727 was preloaded using link preload but not used within a few seconds from the window's load event. Please make sure it has an appropriate `as` value and it is preloaded intentionally. @ http://localhost:3000/master:0
[  209191ms] [WARNING] The resource http://localhost:3000/_next/static/css/app/layout.css?v=1777587544234 was preloaded using link preload but not used within a few seconds from the window's load event. Please make sure it has an appropriate `as` value and it is preloaded intentionally. @ http://localhost:3000/master:0
[  209191ms] [WARNING] The resource http://localhost:3000/_next/static/css/app/layout.css?v=1777587553010 was preloaded using link preload but not used within a few seconds from the window's load event. Please make sure it has an appropriate `as` value and it is preloaded intentionally. @ http://localhost:3000/master:0
[  209192ms] [WARNING] The resource http://localhost:3000/_next/static/css/app/layout.css?v=1777587550607 was preloaded using link preload but not used within a few seconds from the window's load event. Please make sure it has an appropriate `as` value and it is preloaded intentionally. @ http://localhost:3000/master:0
[  209192ms] [WARNING] The resource http://localhost:3000/_next/static/css/app/layout.css?v=1777587652693 was preloaded using link preload but not used within a few seconds from the window's load event. Please make sure it has an appropriate `as` value and it is preloaded intentionally. @ http://localhost:3000/master:0
[  209192ms] [WARNING] The resource http://localhost:3000/_next/static/css/app/layout.css?v=1777587554295 was preloaded using link preload but not used within a few seconds from the window's load event. Please make sure it has an appropriate `as` value and it is preloaded intentionally. @ http://localhost:3000/master:0
[  209192ms] [WARNING] The resource http://localhost:3000/_next/static/css/app/layout.css?v=1777587567351 was preloaded using link preload but not used within a few seconds from the window's load event. Please make sure it has an appropriate `as` value and it is preloaded intentionally. @ http://localhost:3000/master:0
[  209192ms] [WARNING] The resource http://localhost:3000/_next/static/css/app/layout.css?v=1777587684852 was preloaded using link preload but not used within a few seconds from the window's load event. Please make sure it has an appropriate `as` value and it is preloaded intentionally. @ http://localhost:3000/master:0
[  209192ms] [WARNING] The resource http://localhost:3000/_next/static/css/app/layout.css?v=1777587562251 was preloaded using link preload but not used within a few seconds from the window's load event. Please make sure it has an appropriate `as` value and it is preloaded intentionally. @ http://localhost:3000/master:0
[  209192ms] [WARNING] The resource http://localhost:3000/_next/static/css/app/layout.css?v=1777587663717 was preloaded using link preload but not used within a few seconds from the window's load event. Please make sure it has an appropriate `as` value and it is preloaded intentionally. @ http://localhost:3000/master:0
[  209192ms] [WARNING] The resource http://localhost:3000/_next/static/css/app/layout.css?v=1777587677347 was preloaded using link preload but not used within a few seconds from the window's load event. Please make sure it has an appropriate `as` value and it is preloaded intentionally. @ http://localhost:3000/master:0
[  209192ms] [WARNING] The resource http://localhost:3000/_next/static/css/app/layout.css?v=1777587545666 was preloaded using link preload but not used within a few seconds from the window's load event. Please make sure it has an appropriate `as` value and it is preloaded intentionally. @ http://localhost:3000/master:0
[  209192ms] [WARNING] The resource http://localhost:3000/_next/static/css/app/layout.css?v=1777587538266 was preloaded using link preload but not used within a few seconds from the window's load event. Please make sure it has an appropriate `as` value and it is preloaded intentionally. @ http://localhost:3000/master:0
[  209192ms] [WARNING] The resource http://localhost:3000/_next/static/css/app/layout.css?v=1777587669601 was preloaded using link preload but not used within a few seconds from the window's load event. Please make sure it has an appropriate `as` value and it is preloaded intentionally. @ http://localhost:3000/master:0
[  209192ms] [WARNING] The resource http://localhost:3000/_next/static/css/app/layout.css?v=1777587556356 was preloaded using link preload but not used within a few seconds from the window's load event. Please make sure it has an appropriate `as` value and it is preloaded intentionally. @ http://localhost:3000/master:0
[  209192ms] [WARNING] The resource http://localhost:3000/_next/static/css/app/layout.css?v=1777587537585 was preloaded using link preload but not used within a few seconds from the window's load event. Please make sure it has an appropriate `as` value and it is preloaded intentionally. @ http://localhost:3000/master:0
[  209192ms] [WARNING] The resource http://localhost:3000/_next/static/css/app/layout.css?v=1777587540543 was preloaded using link preload but not used within a few seconds from the window's load event. Please make sure it has an appropriate `as` value and it is preloaded intentionally. @ http://localhost:3000/master:0
[  209192ms] [WARNING] The resource http://localhost:3000/_next/static/css/app/layout.css?v=1777587543347 was preloaded using link preload but not used within a few seconds from the window's load event. Please make sure it has an appropriate `as` value and it is preloaded intentionally. @ http://localhost:3000/master:0
[  209192ms] [WARNING] The resource http://localhost:3000/_next/static/css/app/layout.css?v=1777587730363 was preloaded using link preload but not used within a few seconds from the window's load event. Please make sure it has an appropriate `as` value and it is preloaded intentionally. @ http://localhost:3000/master:0
[  209192ms] [WARNING] The resource http://localhost:3000/_next/static/css/app/layout.css?v=1777587552755 was preloaded using link preload but not used within a few seconds from the window's load event. Please make sure it has an appropriate `as` value and it is preloaded intentionally. @ http://localhost:3000/master:0
[  209192ms] [WARNING] The resource http://localhost:3000/_next/static/css/app/layout.css?v=1777587543147 was preloaded using link preload but not used within a few seconds from the window's load event. Please make sure it has an appropriate `as` value and it is preloaded intentionally. @ http://localhost:3000/master:0
[  209192ms] [WARNING] The resource http://localhost:3000/_next/static/css/app/layout.css?v=1777587546843 was preloaded using link preload but not used within a few seconds from the window's load event. Please make sure it has an appropriate `as` value and it is preloaded intentionally. @ http://localhost:3000/master:0
[  209192ms] [WARNING] The resource http://localhost:3000/_next/static/css/app/layout.css?v=1777587543773 was preloaded using link preload but not used within a few seconds from the window's load event. Please make sure it has an appropriate `as` value and it is preloaded intentionally. @ http://localhost:3000/master:0
[  209192ms] [WARNING] The resource http://localhost:3000/_next/static/css/app/layout.css?v=1777587669361 was preloaded using link preload but not used within a few seconds from the window's load event. Please make sure it has an appropriate `as` value and it is preloaded intentionally. @ http://localhost:3000/master:0
[  209192ms] [WARNING] The resource http://localhost:3000/_next/static/css/app/layout.css?v=1777587550250 was preloaded using link preload but not used within a few seconds from the window's load event. Please make sure it has an appropriate `as` value and it is preloaded intentionally. @ http://localhost:3000/master:0
[  209192ms] [WARNING] The resource http://localhost:3000/_next/static/css/app/layout.css?v=1777587565861 was preloaded using link preload but not used within a few seconds from the window's load event. Please make sure it has an appropriate `as` value and it is preloaded intentionally. @ http://localhost:3000/master:0
[  209192ms] [WARNING] The resource http://localhost:3000/_next/static/css/app/layout.css?v=1777587668962 was preloaded using link preload but not used within a few seconds from the window's load event. Please make sure it has an appropriate `as` value and it is preloaded intentionally. @ http://localhost:3000/master:0
[  209192ms] [WARNING] The resource http://localhost:3000/_next/static/css/app/layout.css?v=1777587563274 was preloaded using link preload but not used within a few seconds from the window's load event. Please make sure it has an appropriate `as` value and it is preloaded intentionally. @ http://localhost:3000/master:0
[  209192ms] [WARNING] The resource http://localhost:3000/_next/static/css/app/layout.css?v=1777587553242 was preloaded using link preload but not used within a few seconds from the window's load event. Please make sure it has an appropriate `as` value and it is preloaded intentionally. @ http://localhost:3000/master:0
[  209192ms] [WARNING] The resource http://localhost:3000/_next/static/css/app/layout.css?v=1777587682756 was preloaded using link preload but not used within a few seconds from the window's load event. Please make sure it has an appropriate `as` value and it is preloaded intentionally. @ http://localhost:3000/master:0
[  209192ms] [WARNING] The resource http://localhost:3000/_next/static/css/app/layout.css?v=1777587671226 was preloaded using link preload but not used within a few seconds from the window's load event. Please make sure it has an appropriate `as` value and it is preloaded intentionally. @ http://localhost:3000/master:0
[  209192ms] [WARNING] The resource http://localhost:3000/_next/static/css/app/layout.css?v=1777587662695 was preloaded using link preload but not used within a few seconds from the window's load event. Please make sure it has an appropriate `as` value and it is preloaded intentionally. @ http://localhost:3000/master:0
[  209192ms] [WARNING] The resource http://localhost:3000/_next/static/css/app/layout.css?v=1777587664859 was preloaded using link preload but not used within a few seconds from the window's load event. Please make sure it has an appropriate `as` value and it is preloaded intentionally. @ http://localhost:3000/master:0
[  209192ms] [WARNING] The resource http://localhost:3000/_next/static/css/app/layout.css?v=1777587540732 was preloaded using link preload but not used within a few seconds from the window's load event. Please make sure it has an appropriate `as` value and it is preloaded intentionally. @ http://localhost:3000/master:0
[  209192ms] [WARNING] The resource http://localhost:3000/_next/static/css/app/layout.css?v=1777587544632 was preloaded using link preload but not used within a few seconds from the window's load event. Please make sure it has an appropriate `as` value and it is preloaded intentionally. @ http://localhost:3000/master:0
[  209192ms] [WARNING] The resource http://localhost:3000/_next/static/css/app/layout.css?v=1777587667893 was preloaded using link preload but not used within a few seconds from the window's load event. Please make sure it has an appropriate `as` value and it is preloaded intentionally. @ http://localhost:3000/master:0
[  209192ms] [WARNING] The resource http://localhost:3000/_next/static/css/app/layout.css?v=1777587686210 was preloaded using link preload but not used within a few seconds from the window's load event. Please make sure it has an appropriate `as` value and it is preloaded intentionally. @ http://localhost:3000/master:0
[  209192ms] [WARNING] The resource http://localhost:3000/_next/static/css/app/layout.css?v=1777587540112 was preloaded using link preload but not used within a few seconds from the window's load event. Please make sure it has an appropriate `as` value and it is preloaded intentionally. @ http://localhost:3000/master:0
[  209192ms] [WARNING] The resource http://localhost:3000/_next/static/css/app/layout.css?v=1777587670417 was preloaded using link preload but not used within a few seconds from the window's load event. Please make sure it has an appropriate `as` value and it is preloaded intentionally. @ http://localhost:3000/master:0
[  209192ms] [WARNING] The resource http://localhost:3000/_next/static/css/app/layout.css?v=1777587540386 was preloaded using link preload but not used within a few seconds from the window's load event. Please make sure it has an appropriate `as` value and it is preloaded intentionally. @ http://localhost:3000/master:0
[  209192ms] [WARNING] The resource http://localhost:3000/_next/static/css/app/layout.css?v=1777587546459 was preloaded using link preload but not used within a few seconds from the window's load event. Please make sure it has an appropriate `as` value and it is preloaded intentionally. @ http://localhost:3000/master:0
[  209192ms] [WARNING] The resource http://localhost:3000/_next/static/css/app/layout.css?v=1777587541946 was preloaded using link preload but not used within a few seconds from the window's load event. Please make sure it has an appropriate `as` value and it is preloaded intentionally. @ http://localhost:3000/master:0
[  209192ms] [WARNING] The resource http://localhost:3000/_next/static/css/app/layout.css?v=1777587555667 was preloaded using link preload but not used within a few seconds from the window's load event. Please make sure it has an appropriate `as` value and it is preloaded intentionally. @ http://localhost:3000/master:0
[  209192ms] [WARNING] The resource http://localhost:3000/_next/static/css/app/layout.css?v=1777587659696 was preloaded using link preload but not used within a few seconds from the window's load event. Please make sure it has an appropriate `as` value and it is preloaded intentionally. @ http://localhost:3000/master:0
[  209192ms] [WARNING] The resource http://localhost:3000/_next/static/css/app/layout.css?v=1777587679959 was preloaded using link preload but not used within a few seconds from the window's load event. Please make sure it has an appropriate `as` value and it is preloaded intentionally. @ http://localhost:3000/master:0
[  209192ms] [WARNING] The resource http://localhost:3000/_next/static/css/app/layout.css?v=1777587553871 was preloaded using link preload but not used within a few seconds from the window's load event. Please make sure it has an appropriate `as` value and it is preloaded intentionally. @ http://localhost:3000/master:0
[  209192ms] [WARNING] The resource http://localhost:3000/_next/static/css/app/layout.css?v=1777587667553 was preloaded using link preload but not used within a few seconds from the window's load event. Please make sure it has an appropriate `as` value and it is preloaded intentionally. @ http://localhost:3000/master:0
[  209193ms] [WARNING] The resource http://localhost:3000/_next/static/css/app/layout.css?v=1777587543979 was preloaded using link preload but not used within a few seconds from the window's load event. Please make sure it has an appropriate `as` value and it is preloaded intentionally. @ http://localhost:3000/master:0
[  209193ms] [WARNING] The resource http://localhost:3000/_next/static/css/app/layout.css?v=1777587732848 was preloaded using link preload but not used within a few seconds from the window's load event. Please make sure it has an appropriate `as` value and it is preloaded intentionally. @ http://localhost:3000/master:0
[  209204ms] [WARNING] The resource http://localhost:3000/_next/static/css/app/layout.css?v=1777587666451 was preloaded using link preload but not used within a few seconds from the window's load event. Please make sure it has an appropriate `as` value and it is preloaded intentionally. @ http://localhost:3000/master:0
[  209205ms] [WARNING] The resource http://localhost:3000/_next/static/css/app/layout.css?v=1777587543545 was preloaded using link preload but not used within a few seconds from the window's load event. Please make sure it has an appropriate `as` value and it is preloaded intentionally. @ http://localhost:3000/master:0
[  209205ms] [WARNING] The resource http://localhost:3000/_next/static/css/app/layout.css?v=1777587683207 was preloaded using link preload but not used within a few seconds from the window's load event. Please make sure it has an appropriate `as` value and it is preloaded intentionally. @ http://localhost:3000/master:0
[  209205ms] [WARNING] The resource http://localhost:3000/_next/static/css/app/layout.css?v=1777587541315 was preloaded using link preload but not used within a few seconds from the window's load event. Please make sure it has an appropriate `as` value and it is preloaded intentionally. @ http://localhost:3000/master:0
[  209205ms] [WARNING] The resource http://localhost:3000/_next/static/css/app/layout.css?v=1777587544468 was preloaded using link preload but not used within a few seconds from the window's load event. Please make sure it has an appropriate `as` value and it is preloaded intentionally. @ http://localhost:3000/master:0
[  209205ms] [WARNING] The resource http://localhost:3000/_next/static/css/app/layout.css?v=1777587684267 was preloaded using link preload but not used within a few seconds from the window's load event. Please make sure it has an appropriate `as` value and it is preloaded intentionally. @ http://localhost:3000/master:0
[  209205ms] [WARNING] The resource http://localhost:3000/_next/static/css/app/layout.css?v=1777587659017 was preloaded using link preload but not used within a few seconds from the window's load event. Please make sure it has an appropriate `as` value and it is preloaded intentionally. @ http://localhost:3000/master:0
[  209205ms] [WARNING] The resource http://localhost:3000/_next/static/css/app/layout.css?v=1777587670005 was preloaded using link preload but not used within a few seconds from the window's load event. Please make sure it has an appropriate `as` value and it is preloaded intentionally. @ http://localhost:3000/master:0
[  209205ms] [WARNING] The resource http://localhost:3000/_next/static/css/app/layout.css?v=1777587665423 was preloaded using link preload but not used within a few seconds from the window's load event. Please make sure it has an appropriate `as` value and it is preloaded intentionally. @ http://localhost:3000/master:0
[  209205ms] [WARNING] The resource http://localhost:3000/_next/static/css/app/layout.css?v=1777587553506 was preloaded using link preload but not used within a few seconds from the window's load event. Please make sure it has an appropriate `as` value and it is preloaded intentionally. @ http://localhost:3000/master:0
[  209205ms] [WARNING] The resource http://localhost:3000/_next/static/css/app/layout.css?v=1777587552088 was preloaded using link preload but not used within a few seconds from the window's load event. Please make sure it has an appropriate `as` value and it is preloaded intentionally. @ http://localhost:3000/master:0
[  209205ms] [WARNING] The resource http://localhost:3000/_next/static/css/app/layout.css?v=1777587666810 was preloaded using link preload but not used within a few seconds from the window's load event. Please make sure it has an appropriate `as` value and it is preloaded intentionally. @ http://localhost:3000/master:0
[  209205ms] [WARNING] The resource http://localhost:3000/_next/static/css/app/layout.css?v=1777587551202 was preloaded using link preload but not used within a few seconds from the window's load event. Please make sure it has an appropriate `as` value and it is preloaded intentionally. @ http://localhost:3000/master:0
[  209205ms] [WARNING] The resource http://localhost:3000/_next/static/css/app/layout.css?v=1777587564918 was preloaded using link preload but not used within a few seconds from the window's load event. Please make sure it has an appropriate `as` value and it is preloaded intentionally. @ http://localhost:3000/master:0
[  209206ms] [WARNING] The resource http://localhost:3000/_next/static/css/app/layout.css?v=1777587654852 was preloaded using link preload but not used within a few seconds from the window's load event. Please make sure it has an appropriate `as` value and it is preloaded intentionally. @ http://localhost:3000/master:0
[  210019ms] [LOG] [Fast Refresh] rebuilding @ webpack-internal:///(app-pages-browser)/./node_modules/.pnpm/next@15.5.14_@babel+core@7.29.0_@playwright+test@1.52.0_react-dom@19.1.0_react@19.1.0__react@19.1.0/node_modules/next/dist/client/dev/hot-reloader/app/hot-reloader-app.js:196
[  210159ms] [LOG] [Fast Refresh] done in 140ms @ webpack-internal:///(app-pages-browser)/./node_modules/.pnpm/next@15.5.14_@babel+core@7.29.0_@playwright+test@1.52.0_react-dom@19.1.0_react@19.1.0__react@19.1.0/node_modules/next/dist/client/dev/report-hmr-latency.js:13
[  211240ms] [LOG] [Fast Refresh] rebuilding @ webpack-internal:///(app-pages-browser)/./node_modules/.pnpm/next@15.5.14_@babel+core@7.29.0_@playwright+test@1.52.0_react-dom@19.1.0_react@19.1.0__react@19.1.0/node_modules/next/dist/client/dev/hot-reloader/app/hot-reloader-app.js:196
[  212252ms] [INFO] [analysis:deep:upload-start] +0.0s @ webpack-internal:///(app-pages-browser)/./src/lib/analysis-stage/emitter.ts:49
[  212275ms] [ERROR] Failed to load resource: net::ERR_CONNECTION_REFUSED @ http://localhost:8000/analyze/deep:0
[  212280ms] [ERROR] {"message":"Couldn't reach the analysis service","url":"http://localhost:8000/analyze/deep","status":"network error","raw":"TypeError: Failed to fetch\n    at fetchOrThrow (webpack-internal:///(app-pages-browser)/./src/lib/api/deep-analysis.ts:46:26)\n    at startDeepAnalysis (webpack-internal:///(app-pages-browser)/./src/lib/api/deep-analysis.ts:85:28)\n    at DeepMastering.useCallback[runAnalyze] (webpack-internal:///(app-pages-browser)/./src/components/mastering/DeepMastering.tsx:168:114)\n    at onClick (webpack-internal:///(app-pages-browser)/./src/components/mastering/DeepMastering.tsx:374:43)\n    at executeDispatch (webpack-internal:///(app-pages-browser)/./node_modules/.pnpm/next@15.5.14_@babel+core@7.29.0_@playwright+test@1.52.0_react-dom@19.1.0_react@19.1.0__react@19.1.0/node_modules/next/dist/compiled/react-dom/cjs/react-dom-client.development.js:16971:9)\n    at runWithFiberInDEV (webpack-internal:///(app-pages-browser)/./node_modules/.pnpm/next@15.5.14_@babel+core@7.29.0_@playwright+test@1.52.0_react-dom@19.1.0_react@19.1.0__react@19.1.0/node_modules/next/dist/compiled/react-dom/cjs/react-dom-client.development.js:872:30)\n    at processDispatchQueue (webpack-internal:///(app-pages-browser)/./node_modules/.pnpm/next@15.5.14_@babel+core@7.29.0_@playwright+test@1.52.0_react-dom@19.1.0_react@19.1.0__react@19.1.0/node_modules/next/dist/compiled/react-dom/cjs/react-dom-client.development.js:17021:19)\n    at eval (webpack-internal:///(app-pages-browser)/./node_modules/.pnpm/next@15.5.14_@babel+core@7.29.0_@playwright+test@1.52.0_react-dom@19.1.0_react@19.1.0__react@19.1.0/node_modules/next/dist/compiled/react-dom/cjs/react-dom-client.development.js:17622:9)\n    at batchedUpdates$1 (webpack-internal:///(app-pages-browser)/./node_modules/.pnpm/next@15.5.14_@babel+core@7.29.0_@playwright+test@1.52.0_react-dom@19.1.0_react@19.1.0__react@19.1.0/node_modules/next/dist/compiled/react-dom/cjs/react-dom-client.development.js:3312:40)\n    at dispatchEventForPluginEventSystem (webpack-internal:///(app-pages-browser)/./node_modules/.pnpm/next@15.5.14_@babel+core@7.29.0_@playwright+test@1.52.0_react-dom@19.1.0_react@19.1.0__react@19.1.0/node_modules/next/dist/compiled/react-dom/cjs/react-dom-client.development.js:17175:7)\n    at dispatchEvent (webpack-internal:///(app-pages-browser)/./node_modules/.pnpm/next@15.5.14_@babel+core@7.29.0_@playwright+test@1.52.0_react-dom@19.1.0_react@19.1.0__react@19.1.0/node_modules/next/dist/compiled/react-dom/cjs/react-dom-client.development.js:21358:11)\n    at dispatchDiscreteEvent (webpack-internal:///(app-pages-browser)/./node_modules/.pnpm/next@15.5.14_@babel+core@7.29.0_@playwright+test@1.52.0_react-dom@19.1.0_react@19.1.0__react@19.1.0/node_modules/next/dist/compiled/react-dom/cjs/react-dom-client.development.js:21326:11)","at":"2026-04-30T22:22:23.976Z"} @ webpack-internal:///(app-pages-browser)/./node_modules/.pnpm/next@15.5.14_@babel+core@7.29.0_@playwright+test@1.52.0_react-dom@19.1.0_react@19.1.0__react@19.1.0/node_modules/next/dist/next-devtools/userspace/app/errors/intercept-console-error.js:56
[  212283ms] [ERROR] [analysis:deep:error] {"flow":"deep","runId":"405af699-be03-46bf-8cd9-fb42bfd2c6c6","error":"Couldn't reach the analysis service","durationMs":32,"stages":[{"stage":"upload-start","phase":"start","atOffsetMs":0},{"stage":"error","phase":"error","atOffsetMs":32,"note":"Couldn't reach the analysis service"}]} @ webpack-internal:///(app-pages-browser)/./node_modules/.pnpm/next@15.5.14_@babel+core@7.29.0_@playwright+test@1.52.0_react-dom@19.1.0_react@19.1.0__react@19.1.0/node_modules/next/dist/next-devtools/userspace/app/errors/intercept-console-error.js:56
[  212367ms] [LOG] [Fast Refresh] done in 1128ms @ webpack-internal:///(app-pages-browser)/./node_modules/.pnpm/next@15.5.14_@babel+core@7.29.0_@playwright+test@1.52.0_react-dom@19.1.0_react@19.1.0__react@19.1.0/node_modules/next/dist/client/dev/report-hmr-latency.js:13
[  214282ms] [LOG] [Fast Refresh] rebuilding @ webpack-internal:///(app-pages-browser)/./node_modules/.pnpm/next@15.5.14_@babel+core@7.29.0_@playwright+test@1.52.0_react-dom@19.1.0_react@19.1.0__react@19.1.0/node_modules/next/dist/client/dev/hot-reloader/app/hot-reloader-app.js:196
[  214884ms] [LOG] [Fast Refresh] done in 601ms @ webpack-internal:///(app-pages-browser)/./node_modules/.pnpm/next@15.5.14_@babel+core@7.29.0_@playwright+test@1.52.0_react-dom@19.1.0_react@19.1.0__react@19.1.0/node_modules/next/dist/client/dev/report-hmr-latency.js:13
[  217908ms] [WARNING] The resource http://localhost:3000/_next/static/css/app/layout.css?v=1777587563975 was preloaded using link preload but not used within a few seconds from the window's load event. Please make sure it has an appropriate `as` value and it is preloaded intentionally. @ http://localhost:3000/master:0
[  217908ms] [WARNING] The resource http://localhost:3000/_next/static/css/app/layout.css?v=1777587681241 was preloaded using link preload but not used within a few seconds from the window's load event. Please make sure it has an appropriate `as` value and it is preloaded intentionally. @ http://localhost:3000/master:0
[  217908ms] [WARNING] The resource http://localhost:3000/_next/static/css/app/layout.css?v=1777587660361 was preloaded using link preload but not used within a few seconds from the window's load event. Please make sure it has an appropriate `as` value and it is preloaded intentionally. @ http://localhost:3000/master:0
[  217908ms] [WARNING] The resource http://localhost:3000/_next/static/css/app/layout.css?v=1777587574582 was preloaded using link preload but not used within a few seconds from the window's load event. Please make sure it has an appropriate `as` value and it is preloaded intentionally. @ http://localhost:3000/master:0
[  217908ms] [WARNING] The resource http://localhost:3000/_next/static/css/app/layout.css?v=1777587656291 was preloaded using link preload but not used within a few seconds from the window's load event. Please make sure it has an appropriate `as` value and it is preloaded intentionally. @ http://localhost:3000/master:0
[  217908ms] [WARNING] The resource http://localhost:3000/_next/static/css/app/layout.css?v=1777587668602 was preloaded using link preload but not used within a few seconds from the window's load event. Please make sure it has an appropriate `as` value and it is preloaded intentionally. @ http://localhost:3000/master:0
[  217908ms] [WARNING] The resource http://localhost:3000/_next/static/css/app/layout.css?v=1777587673183 was preloaded using link preload but not used within a few seconds from the window's load event. Please make sure it has an appropriate `as` value and it is preloaded intentionally. @ http://localhost:3000/master:0
[  217908ms] [WARNING] The resource http://localhost:3000/_next/static/css/app/layout.css?v=1777587667295 was preloaded using link preload but not used within a few seconds from the window's load event. Please make sure it has an appropriate `as` value and it is preloaded intentionally. @ http://localhost:3000/master:0
[  217908ms] [WARNING] The resource http://localhost:3000/_next/static/css/app/layout.css?v=1777587550906 was preloaded using link preload but not used within a few seconds from the window's load event. Please make sure it has an appropriate `as` value and it is preloaded intentionally. @ http://localhost:3000/master:0
[  217908ms] [WARNING] The resource http://localhost:3000/_next/static/css/app/layout.css?v=1777587564426 was preloaded using link preload but not used within a few seconds from the window's load event. Please make sure it has an appropriate `as` value and it is preloaded intentionally. @ http://localhost:3000/master:0
[  217908ms] [WARNING] The resource http://localhost:3000/_next/static/css/app/layout.css?v=1777587715289 was preloaded using link preload but not used within a few seconds from the window's load event. Please make sure it has an appropriate `as` value and it is preloaded intentionally. @ http://localhost:3000/master:0
[  217908ms] [WARNING] The resource http://localhost:3000/_next/static/css/app/layout.css?v=1777587668838 was preloaded using link preload but not used within a few seconds from the window's load event. Please make sure it has an appropriate `as` value and it is preloaded intentionally. @ http://localhost:3000/master:0
[  217908ms] [WARNING] The resource http://localhost:3000/_next/static/css/app/layout.css?v=1777587685430 was preloaded using link preload but not used within a few seconds from the window's load event. Please make sure it has an appropriate `as` value and it is preloaded intentionally. @ http://localhost:3000/master:0
[  217908ms] [WARNING] The resource http://localhost:3000/_next/static/css/app/layout.css?v=1777587683950 was preloaded using link preload but not used within a few seconds from the window's load event. Please make sure it has an appropriate `as` value and it is preloaded intentionally. @ http://localhost:3000/master:0
[  217908ms] [WARNING] The resource http://localhost:3000/_next/static/css/app/layout.css?v=1777587569598 was preloaded using link preload but not used within a few seconds from the window's load event. Please make sure it has an appropriate `as` value and it is preloaded intentionally. @ http://localhost:3000/master:0
[  217908ms] [WARNING] The resource http://localhost:3000/_next/static/css/app/layout.css?v=1777587538629 was preloaded using link preload but not used within a few seconds from the window's load event. Please make sure it has an appropriate `as` value and it is preloaded intentionally. @ http://localhost:3000/master:0
[  217908ms] [WARNING] The resource http://localhost:3000/_next/static/css/app/layout.css?v=1777587685125 was preloaded using link preload but not used within a few seconds from the window's load event. Please make sure it has an appropriate `as` value and it is preloaded intentionally. @ http://localhost:3000/master:0
[  217908ms] [WARNING] The resource http://localhost:3000/_next/static/css/app/layout.css?v=1777587593975 was preloaded using link preload but not used within a few seconds from the window's load event. Please make sure it has an appropriate `as` value and it is preloaded intentionally. @ http://localhost:3000/master:0
[  217908ms] [WARNING] The resource http://localhost:3000/_next/static/css/app/layout.css?v=1777587568600 was preloaded using link preload but not used within a few seconds from the window's load event. Please make sure it has an appropriate `as` value and it is preloaded intentionally. @ http://localhost:3000/master:0
[  217908ms] [WARNING] The resource http://localhost:3000/_next/static/css/app/layout.css?v=1777587589318 was preloaded using link preload but not used within a few seconds from the window's load event. Please make sure it has an appropriate `as` value and it is preloaded intentionally. @ http://localhost:3000/master:0
[  217909ms] [WARNING] The resource http://localhost:3000/_next/static/css/app/layout.css?v=1777587664206 was preloaded using link preload but not used within a few seconds from the window's load event. Please make sure it has an appropriate `as` value and it is preloaded intentionally. @ http://localhost:3000/master:0
[  217909ms] [WARNING] The resource http://localhost:3000/_next/static/css/app/layout.css?v=1777587744395 was preloaded using link preload but not used within a few seconds from the window's load event. Please make sure it has an appropriate `as` value and it is preloaded intentionally. @ http://localhost:3000/master:0
[  217909ms] [WARNING] The resource http://localhost:3000/_next/static/css/app/layout.css?v=1777587539626 was preloaded using link preload but not used within a few seconds from the window's load event. Please make sure it has an appropriate `as` value and it is preloaded intentionally. @ http://localhost:3000/master:0
[  217909ms] [WARNING] The resource http://localhost:3000/_next/static/css/app/layout.css?v=1777587657807 was preloaded using link preload but not used within a few seconds from the window's load event. Please make sure it has an appropriate `as` value and it is preloaded intentionally. @ http://localhost:3000/master:0
[  217909ms] [WARNING] The resource http://localhost:3000/_next/static/css/app/layout.css?v=1777587547068 was preloaded using link preload but not used within a few seconds from the window's load event. Please make sure it has an appropriate `as` value and it is preloaded intentionally. @ http://localhost:3000/master:0
[  217909ms] [WARNING] The resource http://localhost:3000/_next/static/css/app/layout.css?v=1777587548248 was preloaded using link preload but not used within a few seconds from the window's load event. Please make sure it has an appropriate `as` value and it is preloaded intentionally. @ http://localhost:3000/master:0
[  217909ms] [WARNING] The resource http://localhost:3000/_next/static/css/app/layout.css?v=1777587724027 was preloaded using link preload but not used within a few seconds from the window's load event. Please make sure it has an appropriate `as` value and it is preloaded intentionally. @ http://localhost:3000/master:0
[  217909ms] [WARNING] The resource http://localhost:3000/_next/static/css/app/layout.css?v=1777587552495 was preloaded using link preload but not used within a few seconds from the window's load event. Please make sure it has an appropriate `as` value and it is preloaded intentionally. @ http://localhost:3000/master:0
[  217909ms] [WARNING] The resource http://localhost:3000/_next/static/css/app/layout.css?v=1777587665867 was preloaded using link preload but not used within a few seconds from the window's load event. Please make sure it has an appropriate `as` value and it is preloaded intentionally. @ http://localhost:3000/master:0
[  217909ms] [WARNING] The resource http://localhost:3000/_next/static/css/app/layout.css?v=1777587667061 was preloaded using link preload but not used within a few seconds from the window's load event. Please make sure it has an appropriate `as` value and it is preloaded intentionally. @ http://localhost:3000/master:0
[  217909ms] [WARNING] The resource http://localhost:3000/_next/static/css/app/layout.css?v=1777587670729 was preloaded using link preload but not used within a few seconds from the window's load event. Please make sure it has an appropriate `as` value and it is preloaded intentionally. @ http://localhost:3000/master:0
[  217909ms] [WARNING] The resource http://localhost:3000/_next/static/css/app/layout.css?v=1777587549727 was preloaded using link preload but not used within a few seconds from the window's load event. Please make sure it has an appropriate `as` value and it is preloaded intentionally. @ http://localhost:3000/master:0
[  217909ms] [WARNING] The resource http://localhost:3000/_next/static/css/app/layout.css?v=1777587544234 was preloaded using link preload but not used within a few seconds from the window's load event. Please make sure it has an appropriate `as` value and it is preloaded intentionally. @ http://localhost:3000/master:0
[  217909ms] [WARNING] The resource http://localhost:3000/_next/static/css/app/layout.css?v=1777587553010 was preloaded using link preload but not used within a few seconds from the window's load event. Please make sure it has an appropriate `as` value and it is preloaded intentionally. @ http://localhost:3000/master:0
[  217909ms] [WARNING] The resource http://localhost:3000/_next/static/css/app/layout.css?v=1777587550607 was preloaded using link preload but not used within a few seconds from the window's load event. Please make sure it has an appropriate `as` value and it is preloaded intentionally. @ http://localhost:3000/master:0
[  217909ms] [WARNING] The resource http://localhost:3000/_next/static/css/app/layout.css?v=1777587652693 was preloaded using link preload but not used within a few seconds from the window's load event. Please make sure it has an appropriate `as` value and it is preloaded intentionally. @ http://localhost:3000/master:0
[  217909ms] [WARNING] The resource http://localhost:3000/_next/static/css/app/layout.css?v=1777587554295 was preloaded using link preload but not used within a few seconds from the window's load event. Please make sure it has an appropriate `as` value and it is preloaded intentionally. @ http://localhost:3000/master:0
[  217909ms] [WARNING] The resource http://localhost:3000/_next/static/css/app/layout.css?v=1777587567351 was preloaded using link preload but not used within a few seconds from the window's load event. Please make sure it has an appropriate `as` value and it is preloaded intentionally. @ http://localhost:3000/master:0
[  217909ms] [WARNING] The resource http://localhost:3000/_next/static/css/app/layout.css?v=1777587684852 was preloaded using link preload but not used within a few seconds from the window's load event. Please make sure it has an appropriate `as` value and it is preloaded intentionally. @ http://localhost:3000/master:0
[  217909ms] [WARNING] The resource http://localhost:3000/_next/static/css/app/layout.css?v=1777587562251 was preloaded using link preload but not used within a few seconds from the window's load event. Please make sure it has an appropriate `as` value and it is preloaded intentionally. @ http://localhost:3000/master:0
[  217909ms] [WARNING] The resource http://localhost:3000/_next/static/css/app/layout.css?v=1777587663717 was preloaded using link preload but not used within a few seconds from the window's load event. Please make sure it has an appropriate `as` value and it is preloaded intentionally. @ http://localhost:3000/master:0
[  217909ms] [WARNING] The resource http://localhost:3000/_next/static/css/app/layout.css?v=1777587677347 was preloaded using link preload but not used within a few seconds from the window's load event. Please make sure it has an appropriate `as` value and it is preloaded intentionally. @ http://localhost:3000/master:0
[  217909ms] [WARNING] The resource http://localhost:3000/_next/static/css/app/layout.css?v=1777587545666 was preloaded using link preload but not used within a few seconds from the window's load event. Please make sure it has an appropriate `as` value and it is preloaded intentionally. @ http://localhost:3000/master:0
[  217909ms] [WARNING] The resource http://localhost:3000/_next/static/css/app/layout.css?v=1777587538266 was preloaded using link preload but not used within a few seconds from the window's load event. Please make sure it has an appropriate `as` value and it is preloaded intentionally. @ http://localhost:3000/master:0
[  217909ms] [WARNING] The resource http://localhost:3000/_next/static/css/app/layout.css?v=1777587669601 was preloaded using link preload but not used within a few seconds from the window's load event. Please make sure it has an appropriate `as` value and it is preloaded intentionally. @ http://localhost:3000/master:0
[  217909ms] [WARNING] The resource http://localhost:3000/_next/static/css/app/layout.css?v=1777587556356 was preloaded using link preload but not used within a few seconds from the window's load event. Please make sure it has an appropriate `as` value and it is preloaded intentionally. @ http://localhost:3000/master:0
[  217909ms] [WARNING] The resource http://localhost:3000/_next/static/css/app/layout.css?v=1777587537585 was preloaded using link preload but not used within a few seconds from the window's load event. Please make sure it has an appropriate `as` value and it is preloaded intentionally. @ http://localhost:3000/master:0
[  217909ms] [WARNING] The resource http://localhost:3000/_next/static/css/app/layout.css?v=1777587540543 was preloaded using link preload but not used within a few seconds from the window's load event. Please make sure it has an appropriate `as` value and it is preloaded intentionally. @ http://localhost:3000/master:0
[  217909ms] [WARNING] The resource http://localhost:3000/_next/static/css/app/layout.css?v=1777587543347 was preloaded using link preload but not used within a few seconds from the window's load event. Please make sure it has an appropriate `as` value and it is preloaded intentionally. @ http://localhost:3000/master:0
[  217909ms] [WARNING] The resource http://localhost:3000/_next/static/css/app/layout.css?v=1777587730363 was preloaded using link preload but not used within a few seconds from the window's load event. Please make sure it has an appropriate `as` value and it is preloaded intentionally. @ http://localhost:3000/master:0
[  217909ms] [WARNING] The resource http://localhost:3000/_next/static/css/app/layout.css?v=1777587552755 was preloaded using link preload but not used within a few seconds from the window's load event. Please make sure it has an appropriate `as` value and it is preloaded intentionally. @ http://localhost:3000/master:0
[  217909ms] [WARNING] The resource http://localhost:3000/_next/static/css/app/layout.css?v=1777587543147 was preloaded using link preload but not used within a few seconds from the window's load event. Please make sure it has an appropriate `as` value and it is preloaded intentionally. @ http://localhost:3000/master:0
[  217909ms] [WARNING] The resource http://localhost:3000/_next/static/css/app/layout.css?v=1777587546843 was preloaded using link preload but not used within a few seconds from the window's load event. Please make sure it has an appropriate `as` value and it is preloaded intentionally. @ http://localhost:3000/master:0
[  217909ms] [WARNING] The resource http://localhost:3000/_next/static/css/app/layout.css?v=1777587543773 was preloaded using link preload but not used within a few seconds from the window's load event. Please make sure it has an appropriate `as` value and it is preloaded intentionally. @ http://localhost:3000/master:0
[  217909ms] [WARNING] The resource http://localhost:3000/_next/static/css/app/layout.css?v=1777587669361 was preloaded using link preload but not used within a few seconds from the window's load event. Please make sure it has an appropriate `as` value and it is preloaded intentionally. @ http://localhost:3000/master:0
[  217909ms] [WARNING] The resource http://localhost:3000/_next/static/css/app/layout.css?v=1777587550250 was preloaded using link preload but not used within a few seconds from the window's load event. Please make sure it has an appropriate `as` value and it is preloaded intentionally. @ http://localhost:3000/master:0
[  217909ms] [WARNING] The resource http://localhost:3000/_next/static/css/app/layout.css?v=1777587565861 was preloaded using link preload but not used within a few seconds from the window's load event. Please make sure it has an appropriate `as` value and it is preloaded intentionally. @ http://localhost:3000/master:0
[  217909ms] [WARNING] The resource http://localhost:3000/_next/static/css/app/layout.css?v=1777587668962 was preloaded using link preload but not used within a few seconds from the window's load event. Please make sure it has an appropriate `as` value and it is preloaded intentionally. @ http://localhost:3000/master:0
[  217910ms] [WARNING] The resource http://localhost:3000/_next/static/css/app/layout.css?v=1777587563274 was preloaded using link preload but not used within a few seconds from the window's load event. Please make sure it has an appropriate `as` value and it is preloaded intentionally. @ http://localhost:3000/master:0
[  217910ms] [WARNING] The resource http://localhost:3000/_next/static/css/app/layout.css?v=1777587553242 was preloaded using link preload but not used within a few seconds from the window's load event. Please make sure it has an appropriate `as` value and it is preloaded intentionally. @ http://localhost:3000/master:0
[  217910ms] [WARNING] The resource http://localhost:3000/_next/static/css/app/layout.css?v=1777587682756 was preloaded using link preload but not used within a few seconds from the window's load event. Please make sure it has an appropriate `as` value and it is preloaded intentionally. @ http://localhost:3000/master:0
[  217910ms] [WARNING] The resource http://localhost:3000/_next/static/css/app/layout.css?v=1777587671226 was preloaded using link preload but not used within a few seconds from the window's load event. Please make sure it has an appropriate `as` value and it is preloaded intentionally. @ http://localhost:3000/master:0
[  217910ms] [WARNING] The resource http://localhost:3000/_next/static/css/app/layout.css?v=1777587662695 was preloaded using link preload but not used within a few seconds from the window's load event. Please make sure it has an appropriate `as` value and it is preloaded intentionally. @ http://localhost:3000/master:0
[  217910ms] [WARNING] The resource http://localhost:3000/_next/static/css/app/layout.css?v=1777587664859 was preloaded using link preload but not used within a few seconds from the window's load event. Please make sure it has an appropriate `as` value and it is preloaded intentionally. @ http://localhost:3000/master:0
[  217910ms] [WARNING] The resource http://localhost:3000/_next/static/css/app/layout.css?v=1777587540732 was preloaded using link preload but not used within a few seconds from the window's load event. Please make sure it has an appropriate `as` value and it is preloaded intentionally. @ http://localhost:3000/master:0
[  217910ms] [WARNING] The resource http://localhost:3000/_next/static/css/app/layout.css?v=1777587544632 was preloaded using link preload but not used within a few seconds from the window's load event. Please make sure it has an appropriate `as` value and it is preloaded intentionally. @ http://localhost:3000/master:0
[  217910ms] [WARNING] The resource http://localhost:3000/_next/static/css/app/layout.css?v=1777587667893 was preloaded using link preload but not used within a few seconds from the window's load event. Please make sure it has an appropriate `as` value and it is preloaded intentionally. @ http://localhost:3000/master:0
[  217910ms] [WARNING] The resource http://localhost:3000/_next/static/css/app/layout.css?v=1777587686210 was preloaded using link preload but not used within a few seconds from the window's load event. Please make sure it has an appropriate `as` value and it is preloaded intentionally. @ http://localhost:3000/master:0
[  217910ms] [WARNING] The resource http://localhost:3000/_next/static/css/app/layout.css?v=1777587540112 was preloaded using link preload but not used within a few seconds from the window's load event. Please make sure it has an appropriate `as` value and it is preloaded intentionally. @ http://localhost:3000/master:0
[  217910ms] [WARNING] The resource http://localhost:3000/_next/static/css/app/layout.css?v=1777587670417 was preloaded using link preload but not used within a few seconds from the window's load event. Please make sure it has an appropriate `as` value and it is preloaded intentionally. @ http://localhost:3000/master:0
[  217910ms] [WARNING] The resource http://localhost:3000/_next/static/css/app/layout.css?v=1777587540386 was preloaded using link preload but not used within a few seconds from the window's load event. Please make sure it has an appropriate `as` value and it is preloaded intentionally. @ http://localhost:3000/master:0
[  217910ms] [WARNING] The resource http://localhost:3000/_next/static/css/app/layout.css?v=1777587546459 was preloaded using link preload but not used within a few seconds from the window's load event. Please make sure it has an appropriate `as` value and it is preloaded intentionally. @ http://localhost:3000/master:0
[  217910ms] [WARNING] The resource http://localhost:3000/_next/static/css/app/layout.css?v=1777587541946 was preloaded using link preload but not used within a few seconds from the window's load event. Please make sure it has an appropriate `as` value and it is preloaded intentionally. @ http://localhost:3000/master:0
[  217910ms] [WARNING] The resource http://localhost:3000/_next/static/css/app/layout.css?v=1777587555667 was preloaded using link preload but not used within a few seconds from the window's load event. Please make sure it has an appropriate `as` value and it is preloaded intentionally. @ http://localhost:3000/master:0
[  217910ms] [WARNING] The resource http://localhost:3000/_next/static/css/app/layout.css?v=1777587659696 was preloaded using link preload but not used within a few seconds from the window's load event. Please make sure it has an appropriate `as` value and it is preloaded intentionally. @ http://localhost:3000/master:0
[  217910ms] [WARNING] The resource http://localhost:3000/_next/static/css/app/layout.css?v=1777587679959 was preloaded using link preload but not used within a few seconds from the window's load event. Please make sure it has an appropriate `as` value and it is preloaded intentionally. @ http://localhost:3000/master:0
[  217910ms] [WARNING] The resource http://localhost:3000/_next/static/css/app/layout.css?v=1777587553871 was preloaded using link preload but not used within a few seconds from the window's load event. Please make sure it has an appropriate `as` value and it is preloaded intentionally. @ http://localhost:3000/master:0
[  217910ms] [WARNING] The resource http://localhost:3000/_next/static/css/app/layout.css?v=1777587667553 was preloaded using link preload but not used within a few seconds from the window's load event. Please make sure it has an appropriate `as` value and it is preloaded intentionally. @ http://localhost:3000/master:0
[  217910ms] [WARNING] The resource http://localhost:3000/_next/static/css/app/layout.css?v=1777587543979 was preloaded using link preload but not used within a few seconds from the window's load event. Please make sure it has an appropriate `as` value and it is preloaded intentionally. @ http://localhost:3000/master:0
[  217910ms] [WARNING] The resource http://localhost:3000/_next/static/css/app/layout.css?v=1777587732848 was preloaded using link preload but not used within a few seconds from the window's load event. Please make sure it has an appropriate `as` value and it is preloaded intentionally. @ http://localhost:3000/master:0
[  217910ms] [WARNING] The resource http://localhost:3000/_next/static/css/app/layout.css?v=1777587666451 was preloaded using link preload but not used within a few seconds from the window's load event. Please make sure it has an appropriate `as` value and it is preloaded intentionally. @ http://localhost:3000/master:0
[  217910ms] [WARNING] The resource http://localhost:3000/_next/static/css/app/layout.css?v=1777587543545 was preloaded using link preload but not used within a few seconds from the window's load event. Please make sure it has an appropriate `as` value and it is preloaded intentionally. @ http://localhost:3000/master:0
[  217910ms] [WARNING] The resource http://localhost:3000/_next/static/css/app/layout.css?v=1777587683207 was preloaded using link preload but not used within a few seconds from the window's load event. Please make sure it has an appropriate `as` value and it is preloaded intentionally. @ http://localhost:3000/master:0
[  217910ms] [WARNING] The resource http://localhost:3000/_next/static/css/app/layout.css?v=1777587541315 was preloaded using link preload but not used within a few seconds from the window's load event. Please make sure it has an appropriate `as` value and it is preloaded intentionally. @ http://localhost:3000/master:0
[  217910ms] [WARNING] The resource http://localhost:3000/_next/static/css/app/layout.css?v=1777587544468 was preloaded using link preload but not used within a few seconds from the window's load event. Please make sure it has an appropriate `as` value and it is preloaded intentionally. @ http://localhost:3000/master:0
[  217910ms] [WARNING] The resource http://localhost:3000/_next/static/css/app/layout.css?v=1777587684267 was preloaded using link preload but not used within a few seconds from the window's load event. Please make sure it has an appropriate `as` value and it is preloaded intentionally. @ http://localhost:3000/master:0
[  217910ms] [WARNING] The resource http://localhost:3000/_next/static/css/app/layout.css?v=1777587659017 was preloaded using link preload but not used within a few seconds from the window's load event. Please make sure it has an appropriate `as` value and it is preloaded intentionally. @ http://localhost:3000/master:0
[  217910ms] [WARNING] The resource http://localhost:3000/_next/static/css/app/layout.css?v=1777587670005 was preloaded using link preload but not used within a few seconds from the window's load event. Please make sure it has an appropriate `as` value and it is preloaded intentionally. @ http://localhost:3000/master:0
[  217910ms] [WARNING] The resource http://localhost:3000/_next/static/css/app/layout.css?v=1777587665423 was preloaded using link preload but not used within a few seconds from the window's load event. Please make sure it has an appropriate `as` value and it is preloaded intentionally. @ http://localhost:3000/master:0
[  217910ms] [WARNING] The resource http://localhost:3000/_next/static/css/app/layout.css?v=1777587553506 was preloaded using link preload but not used within a few seconds from the window's load event. Please make sure it has an appropriate `as` value and it is preloaded intentionally. @ http://localhost:3000/master:0
[  217910ms] [WARNING] The resource http://localhost:3000/_next/static/css/app/layout.css?v=1777587552088 was preloaded using link preload but not used within a few seconds from the window's load event. Please make sure it has an appropriate `as` value and it is preloaded intentionally. @ http://localhost:3000/master:0
[  217910ms] [WARNING] The resource http://localhost:3000/_next/static/css/app/layout.css?v=1777587666810 was preloaded using link preload but not used within a few seconds from the window's load event. Please make sure it has an appropriate `as` value and it is preloaded intentionally. @ http://localhost:3000/master:0
[  217910ms] [WARNING] The resource http://localhost:3000/_next/static/css/app/layout.css?v=1777587551202 was preloaded using link preload but not used within a few seconds from the window's load event. Please make sure it has an appropriate `as` value and it is preloaded intentionally. @ http://localhost:3000/master:0
[  217910ms] [WARNING] The resource http://localhost:3000/_next/static/css/app/layout.css?v=1777587564918 was preloaded using link preload but not used within a few seconds from the window's load event. Please make sure it has an appropriate `as` value and it is preloaded intentionally. @ http://localhost:3000/master:0
[  217910ms] [WARNING] The resource http://localhost:3000/_next/static/css/app/layout.css?v=1777587654852 was preloaded using link preload but not used within a few seconds from the window's load event. Please make sure it has an appropriate `as` value and it is preloaded intentionally. @ http://localhost:3000/master:0
[  224151ms] [LOG] [Fast Refresh] rebuilding @ webpack-internal:///(app-pages-browser)/./node_modules/.pnpm/next@15.5.14_@babel+core@7.29.0_@playwright+test@1.52.0_react-dom@19.1.0_react@19.1.0__react@19.1.0/node_modules/next/dist/client/dev/hot-reloader/app/hot-reloader-app.js:196
[  227297ms] [WARNING] The resource http://localhost:3000/_next/static/css/app/layout.css?v=1777587563975 was preloaded using link preload but not used within a few seconds from the window's load event. Please make sure it has an appropriate `as` value and it is preloaded intentionally. @ http://localhost:3000/master:0
[  227297ms] [WARNING] The resource http://localhost:3000/_next/static/css/app/layout.css?v=1777587681241 was preloaded using link preload but not used within a few seconds from the window's load event. Please make sure it has an appropriate `as` value and it is preloaded intentionally. @ http://localhost:3000/master:0
[  227297ms] [WARNING] The resource http://localhost:3000/_next/static/css/app/layout.css?v=1777587660361 was preloaded using link preload but not used within a few seconds from the window's load event. Please make sure it has an appropriate `as` value and it is preloaded intentionally. @ http://localhost:3000/master:0
[  227297ms] [WARNING] The resource http://localhost:3000/_next/static/css/app/layout.css?v=1777587574582 was preloaded using link preload but not used within a few seconds from the window's load event. Please make sure it has an appropriate `as` value and it is preloaded intentionally. @ http://localhost:3000/master:0
[  227297ms] [WARNING] The resource http://localhost:3000/_next/static/css/app/layout.css?v=1777587656291 was preloaded using link preload but not used within a few seconds from the window's load event. Please make sure it has an appropriate `as` value and it is preloaded intentionally. @ http://localhost:3000/master:0
[  227297ms] [WARNING] The resource http://localhost:3000/_next/static/css/app/layout.css?v=1777587668602 was preloaded using link preload but not used within a few seconds from the window's load event. Please make sure it has an appropriate `as` value and it is preloaded intentionally. @ http://localhost:3000/master:0
[  227298ms] [WARNING] The resource http://localhost:3000/_next/static/css/app/layout.css?v=1777587673183 was preloaded using link preload but not used within a few seconds from the window's load event. Please make sure it has an appropriate `as` value and it is preloaded intentionally. @ http://localhost:3000/master:0
[  227298ms] [WARNING] The resource http://localhost:3000/_next/static/css/app/layout.css?v=1777587667295 was preloaded using link preload but not used within a few seconds from the window's load event. Please make sure it has an appropriate `as` value and it is preloaded intentionally. @ http://localhost:3000/master:0
[  227298ms] [WARNING] The resource http://localhost:3000/_next/static/css/app/layout.css?v=1777587550906 was preloaded using link preload but not used within a few seconds from the window's load event. Please make sure it has an appropriate `as` value and it is preloaded intentionally. @ http://localhost:3000/master:0
[  227298ms] [WARNING] The resource http://localhost:3000/_next/static/css/app/layout.css?v=1777587564426 was preloaded using link preload but not used within a few seconds from the window's load event. Please make sure it has an appropriate `as` value and it is preloaded intentionally. @ http://localhost:3000/master:0
[  227298ms] [WARNING] The resource http://localhost:3000/_next/static/css/app/layout.css?v=1777587715289 was preloaded using link preload but not used within a few seconds from the window's load event. Please make sure it has an appropriate `as` value and it is preloaded intentionally. @ http://localhost:3000/master:0
[  227298ms] [WARNING] The resource http://localhost:3000/_next/static/css/app/layout.css?v=1777587668838 was preloaded using link preload but not used within a few seconds from the window's load event. Please make sure it has an appropriate `as` value and it is preloaded intentionally. @ http://localhost:3000/master:0
[  227298ms] [WARNING] The resource http://localhost:3000/_next/static/css/app/layout.css?v=1777587685430 was preloaded using link preload but not used within a few seconds from the window's load event. Please make sure it has an appropriate `as` value and it is preloaded intentionally. @ http://localhost:3000/master:0
[  227298ms] [WARNING] The resource http://localhost:3000/_next/static/css/app/layout.css?v=1777587683950 was preloaded using link preload but not used within a few seconds from the window's load event. Please make sure it has an appropriate `as` value and it is preloaded intentionally. @ http://localhost:3000/master:0
[  227298ms] [WARNING] The resource http://localhost:3000/_next/static/css/app/layout.css?v=1777587569598 was preloaded using link preload but not used within a few seconds from the window's load event. Please make sure it has an appropriate `as` value and it is preloaded intentionally. @ http://localhost:3000/master:0
[  227298ms] [WARNING] The resource http://localhost:3000/_next/static/css/app/layout.css?v=1777587538629 was preloaded using link preload but not used within a few seconds from the window's load event. Please make sure it has an appropriate `as` value and it is preloaded intentionally. @ http://localhost:3000/master:0
[  227298ms] [WARNING] The resource http://localhost:3000/_next/static/css/app/layout.css?v=1777587685125 was preloaded using link preload but not used within a few seconds from the window's load event. Please make sure it has an appropriate `as` value and it is preloaded intentionally. @ http://localhost:3000/master:0
[  227298ms] [WARNING] The resource http://localhost:3000/_next/static/css/app/layout.css?v=1777587593975 was preloaded using link preload but not used within a few seconds from the window's load event. Please make sure it has an appropriate `as` value and it is preloaded intentionally. @ http://localhost:3000/master:0
[  227298ms] [WARNING] The resource http://localhost:3000/_next/static/css/app/layout.css?v=1777587568600 was preloaded using link preload but not used within a few seconds from the window's load event. Please make sure it has an appropriate `as` value and it is preloaded intentionally. @ http://localhost:3000/master:0
[  227298ms] [WARNING] The resource http://localhost:3000/_next/static/css/app/layout.css?v=1777587589318 was preloaded using link preload but not used within a few seconds from the window's load event. Please make sure it has an appropriate `as` value and it is preloaded intentionally. @ http://localhost:3000/master:0
[  227298ms] [WARNING] The resource http://localhost:3000/_next/static/css/app/layout.css?v=1777587664206 was preloaded using link preload but not used within a few seconds from the window's load event. Please make sure it has an appropriate `as` value and it is preloaded intentionally. @ http://localhost:3000/master:0
[  227298ms] [WARNING] The resource http://localhost:3000/_next/static/css/app/layout.css?v=1777587744395 was preloaded using link preload but not used within a few seconds from the window's load event. Please make sure it has an appropriate `as` value and it is preloaded intentionally. @ http://localhost:3000/master:0
[  227298ms] [WARNING] The resource http://localhost:3000/_next/static/css/app/layout.css?v=1777587539626 was preloaded using link preload but not used within a few seconds from the window's load event. Please make sure it has an appropriate `as` value and it is preloaded intentionally. @ http://localhost:3000/master:0
[  227298ms] [WARNING] The resource http://localhost:3000/_next/static/css/app/layout.css?v=1777587657807 was preloaded using link preload but not used within a few seconds from the window's load event. Please make sure it has an appropriate `as` value and it is preloaded intentionally. @ http://localhost:3000/master:0
[  227298ms] [WARNING] The resource http://localhost:3000/_next/static/css/app/layout.css?v=1777587547068 was preloaded using link preload but not used within a few seconds from the window's load event. Please make sure it has an appropriate `as` value and it is preloaded intentionally. @ http://localhost:3000/master:0
[  227298ms] [WARNING] The resource http://localhost:3000/_next/static/css/app/layout.css?v=1777587548248 was preloaded using link preload but not used within a few seconds from the window's load event. Please make sure it has an appropriate `as` value and it is preloaded intentionally. @ http://localhost:3000/master:0
[  227298ms] [WARNING] The resource http://localhost:3000/_next/static/css/app/layout.css?v=1777587724027 was preloaded using link preload but not used within a few seconds from the window's load event. Please make sure it has an appropriate `as` value and it is preloaded intentionally. @ http://localhost:3000/master:0
[  227298ms] [WARNING] The resource http://localhost:3000/_next/static/css/app/layout.css?v=1777587552495 was preloaded using link preload but not used within a few seconds from the window's load event. Please make sure it has an appropriate `as` value and it is preloaded intentionally. @ http://localhost:3000/master:0
[  227298ms] [WARNING] The resource http://localhost:3000/_next/static/css/app/layout.css?v=1777587665867 was preloaded using link preload but not used within a few seconds from the window's load event. Please make sure it has an appropriate `as` value and it is preloaded intentionally. @ http://localhost:3000/master:0
[  227298ms] [WARNING] The resource http://localhost:3000/_next/static/css/app/layout.css?v=1777587667061 was preloaded using link preload but not used within a few seconds from the window's load event. Please make sure it has an appropriate `as` value and it is preloaded intentionally. @ http://localhost:3000/master:0
[  227298ms] [WARNING] The resource http://localhost:3000/_next/static/css/app/layout.css?v=1777587670729 was preloaded using link preload but not used within a few seconds from the window's load event. Please make sure it has an appropriate `as` value and it is preloaded intentionally. @ http://localhost:3000/master:0
[  227298ms] [WARNING] The resource http://localhost:3000/_next/static/css/app/layout.css?v=1777587549727 was preloaded using link preload but not used within a few seconds from the window's load event. Please make sure it has an appropriate `as` value and it is preloaded intentionally. @ http://localhost:3000/master:0
[  227298ms] [WARNING] The resource http://localhost:3000/_next/static/css/app/layout.css?v=1777587544234 was preloaded using link preload but not used within a few seconds from the window's load event. Please make sure it has an appropriate `as` value and it is preloaded intentionally. @ http://localhost:3000/master:0
[  227298ms] [WARNING] The resource http://localhost:3000/_next/static/css/app/layout.css?v=1777587553010 was preloaded using link preload but not used within a few seconds from the window's load event. Please make sure it has an appropriate `as` value and it is preloaded intentionally. @ http://localhost:3000/master:0
[  227299ms] [WARNING] The resource http://localhost:3000/_next/static/css/app/layout.css?v=1777587550607 was preloaded using link preload but not used within a few seconds from the window's load event. Please make sure it has an appropriate `as` value and it is preloaded intentionally. @ http://localhost:3000/master:0
[  227299ms] [WARNING] The resource http://localhost:3000/_next/static/css/app/layout.css?v=1777587652693 was preloaded using link preload but not used within a few seconds from the window's load event. Please make sure it has an appropriate `as` value and it is preloaded intentionally. @ http://localhost:3000/master:0
[  227299ms] [WARNING] The resource http://localhost:3000/_next/static/css/app/layout.css?v=1777587554295 was preloaded using link preload but not used within a few seconds from the window's load event. Please make sure it has an appropriate `as` value and it is preloaded intentionally. @ http://localhost:3000/master:0
[  227299ms] [WARNING] The resource http://localhost:3000/_next/static/css/app/layout.css?v=1777587567351 was preloaded using link preload but not used within a few seconds from the window's load event. Please make sure it has an appropriate `as` value and it is preloaded intentionally. @ http://localhost:3000/master:0
[  227299ms] [WARNING] The resource http://localhost:3000/_next/static/css/app/layout.css?v=1777587684852 was preloaded using link preload but not used within a few seconds from the window's load event. Please make sure it has an appropriate `as` value and it is preloaded intentionally. @ http://localhost:3000/master:0
[  227299ms] [WARNING] The resource http://localhost:3000/_next/static/css/app/layout.css?v=1777587562251 was preloaded using link preload but not used within a few seconds from the window's load event. Please make sure it has an appropriate `as` value and it is preloaded intentionally. @ http://localhost:3000/master:0
[  227299ms] [WARNING] The resource http://localhost:3000/_next/static/css/app/layout.css?v=1777587663717 was preloaded using link preload but not used within a few seconds from the window's load event. Please make sure it has an appropriate `as` value and it is preloaded intentionally. @ http://localhost:3000/master:0
[  227299ms] [WARNING] The resource http://localhost:3000/_next/static/css/app/layout.css?v=1777587677347 was preloaded using link preload but not used within a few seconds from the window's load event. Please make sure it has an appropriate `as` value and it is preloaded intentionally. @ http://localhost:3000/master:0
[  227299ms] [WARNING] The resource http://localhost:3000/_next/static/css/app/layout.css?v=1777587545666 was preloaded using link preload but not used within a few seconds from the window's load event. Please make sure it has an appropriate `as` value and it is preloaded intentionally. @ http://localhost:3000/master:0
[  227299ms] [WARNING] The resource http://localhost:3000/_next/static/css/app/layout.css?v=1777587538266 was preloaded using link preload but not used within a few seconds from the window's load event. Please make sure it has an appropriate `as` value and it is preloaded intentionally. @ http://localhost:3000/master:0
[  227299ms] [WARNING] The resource http://localhost:3000/_next/static/css/app/layout.css?v=1777587669601 was preloaded using link preload but not used within a few seconds from the window's load event. Please make sure it has an appropriate `as` value and it is preloaded intentionally. @ http://localhost:3000/master:0
[  227299ms] [WARNING] The resource http://localhost:3000/_next/static/css/app/layout.css?v=1777587556356 was preloaded using link preload but not used within a few seconds from the window's load event. Please make sure it has an appropriate `as` value and it is preloaded intentionally. @ http://localhost:3000/master:0
[  227299ms] [WARNING] The resource http://localhost:3000/_next/static/css/app/layout.css?v=1777587537585 was preloaded using link preload but not used within a few seconds from the window's load event. Please make sure it has an appropriate `as` value and it is preloaded intentionally. @ http://localhost:3000/master:0
[  227299ms] [WARNING] The resource http://localhost:3000/_next/static/css/app/layout.css?v=1777587540543 was preloaded using link preload but not used within a few seconds from the window's load event. Please make sure it has an appropriate `as` value and it is preloaded intentionally. @ http://localhost:3000/master:0
[  227299ms] [WARNING] The resource http://localhost:3000/_next/static/css/app/layout.css?v=1777587543347 was preloaded using link preload but not used within a few seconds from the window's load event. Please make sure it has an appropriate `as` value and it is preloaded intentionally. @ http://localhost:3000/master:0
[  227299ms] [WARNING] The resource http://localhost:3000/_next/static/css/app/layout.css?v=1777587730363 was preloaded using link preload but not used within a few seconds from the window's load event. Please make sure it has an appropriate `as` value and it is preloaded intentionally. @ http://localhost:3000/master:0
[  227299ms] [WARNING] The resource http://localhost:3000/_next/static/css/app/layout.css?v=1777587552755 was preloaded using link preload but not used within a few seconds from the window's load event. Please make sure it has an appropriate `as` value and it is preloaded intentionally. @ http://localhost:3000/master:0
[  227299ms] [WARNING] The resource http://localhost:3000/_next/static/css/app/layout.css?v=1777587543147 was preloaded using link preload but not used within a few seconds from the window's load event. Please make sure it has an appropriate `as` value and it is preloaded intentionally. @ http://localhost:3000/master:0
[  227299ms] [WARNING] The resource http://localhost:3000/_next/static/css/app/layout.css?v=1777587546843 was preloaded using link preload but not used within a few seconds from the window's load event. Please make sure it has an appropriate `as` value and it is preloaded intentionally. @ http://localhost:3000/master:0
[  227299ms] [WARNING] The resource http://localhost:3000/_next/static/css/app/layout.css?v=1777587543773 was preloaded using link preload but not used within a few seconds from the window's load event. Please make sure it has an appropriate `as` value and it is preloaded intentionally. @ http://localhost:3000/master:0
[  227299ms] [WARNING] The resource http://localhost:3000/_next/static/css/app/layout.css?v=1777587669361 was preloaded using link preload but not used within a few seconds from the window's load event. Please make sure it has an appropriate `as` value and it is preloaded intentionally. @ http://localhost:3000/master:0
[  227299ms] [WARNING] The resource http://localhost:3000/_next/static/css/app/layout.css?v=1777587550250 was preloaded using link preload but not used within a few seconds from the window's load event. Please make sure it has an appropriate `as` value and it is preloaded intentionally. @ http://localhost:3000/master:0
[  227300ms] [WARNING] The resource http://localhost:3000/_next/static/css/app/layout.css?v=1777587565861 was preloaded using link preload but not used within a few seconds from the window's load event. Please make sure it has an appropriate `as` value and it is preloaded intentionally. @ http://localhost:3000/master:0
[  227300ms] [WARNING] The resource http://localhost:3000/_next/static/css/app/layout.css?v=1777587668962 was preloaded using link preload but not used within a few seconds from the window's load event. Please make sure it has an appropriate `as` value and it is preloaded intentionally. @ http://localhost:3000/master:0
[  227300ms] [WARNING] The resource http://localhost:3000/_next/static/css/app/layout.css?v=1777587563274 was preloaded using link preload but not used within a few seconds from the window's load event. Please make sure it has an appropriate `as` value and it is preloaded intentionally. @ http://localhost:3000/master:0
[  227300ms] [WARNING] The resource http://localhost:3000/_next/static/css/app/layout.css?v=1777587553242 was preloaded using link preload but not used within a few seconds from the window's load event. Please make sure it has an appropriate `as` value and it is preloaded intentionally. @ http://localhost:3000/master:0
[  227300ms] [WARNING] The resource http://localhost:3000/_next/static/css/app/layout.css?v=1777587682756 was preloaded using link preload but not used within a few seconds from the window's load event. Please make sure it has an appropriate `as` value and it is preloaded intentionally. @ http://localhost:3000/master:0
[  227300ms] [WARNING] The resource http://localhost:3000/_next/static/css/app/layout.css?v=1777587671226 was preloaded using link preload but not used within a few seconds from the window's load event. Please make sure it has an appropriate `as` value and it is preloaded intentionally. @ http://localhost:3000/master:0
[  227300ms] [WARNING] The resource http://localhost:3000/_next/static/css/app/layout.css?v=1777587662695 was preloaded using link preload but not used within a few seconds from the window's load event. Please make sure it has an appropriate `as` value and it is preloaded intentionally. @ http://localhost:3000/master:0
[  227300ms] [WARNING] The resource http://localhost:3000/_next/static/css/app/layout.css?v=1777587664859 was preloaded using link preload but not used within a few seconds from the window's load event. Please make sure it has an appropriate `as` value and it is preloaded intentionally. @ http://localhost:3000/master:0
[  227300ms] [WARNING] The resource http://localhost:3000/_next/static/css/app/layout.css?v=1777587540732 was preloaded using link preload but not used within a few seconds from the window's load event. Please make sure it has an appropriate `as` value and it is preloaded intentionally. @ http://localhost:3000/master:0
[  227301ms] [WARNING] The resource http://localhost:3000/_next/static/css/app/layout.css?v=1777587544632 was preloaded using link preload but not used within a few seconds from the window's load event. Please make sure it has an appropriate `as` value and it is preloaded intentionally. @ http://localhost:3000/master:0
[  227301ms] [WARNING] The resource http://localhost:3000/_next/static/css/app/layout.css?v=1777587667893 was preloaded using link preload but not used within a few seconds from the window's load event. Please make sure it has an appropriate `as` value and it is preloaded intentionally. @ http://localhost:3000/master:0
[  227301ms] [WARNING] The resource http://localhost:3000/_next/static/css/app/layout.css?v=1777587686210 was preloaded using link preload but not used within a few seconds from the window's load event. Please make sure it has an appropriate `as` value and it is preloaded intentionally. @ http://localhost:3000/master:0
[  227301ms] [WARNING] The resource http://localhost:3000/_next/static/css/app/layout.css?v=1777587540112 was preloaded using link preload but not used within a few seconds from the window's load event. Please make sure it has an appropriate `as` value and it is preloaded intentionally. @ http://localhost:3000/master:0
[  227301ms] [WARNING] The resource http://localhost:3000/_next/static/css/app/layout.css?v=1777587670417 was preloaded using link preload but not used within a few seconds from the window's load event. Please make sure it has an appropriate `as` value and it is preloaded intentionally. @ http://localhost:3000/master:0
[  227301ms] [WARNING] The resource http://localhost:3000/_next/static/css/app/layout.css?v=1777587540386 was preloaded using link preload but not used within a few seconds from the window's load event. Please make sure it has an appropriate `as` value and it is preloaded intentionally. @ http://localhost:3000/master:0
[  227303ms] [WARNING] The resource http://localhost:3000/_next/static/css/app/layout.css?v=1777587546459 was preloaded using link preload but not used within a few seconds from the window's load event. Please make sure it has an appropriate `as` value and it is preloaded intentionally. @ http://localhost:3000/master:0
[  227304ms] [WARNING] The resource http://localhost:3000/_next/static/css/app/layout.css?v=1777587541946 was preloaded using link preload but not used within a few seconds from the window's load event. Please make sure it has an appropriate `as` value and it is preloaded intentionally. @ http://localhost:3000/master:0
[  227304ms] [WARNING] The resource http://localhost:3000/_next/static/css/app/layout.css?v=1777587555667 was preloaded using link preload but not used within a few seconds from the window's load event. Please make sure it has an appropriate `as` value and it is preloaded intentionally. @ http://localhost:3000/master:0
[  227304ms] [WARNING] The resource http://localhost:3000/_next/static/css/app/layout.css?v=1777587659696 was preloaded using link preload but not used within a few seconds from the window's load event. Please make sure it has an appropriate `as` value and it is preloaded intentionally. @ http://localhost:3000/master:0
[  227304ms] [WARNING] The resource http://localhost:3000/_next/static/css/app/layout.css?v=1777587679959 was preloaded using link preload but not used within a few seconds from the window's load event. Please make sure it has an appropriate `as` value and it is preloaded intentionally. @ http://localhost:3000/master:0
[  227304ms] [WARNING] The resource http://localhost:3000/_next/static/css/app/layout.css?v=1777587753184 was preloaded using link preload but not used within a few seconds from the window's load event. Please make sure it has an appropriate `as` value and it is preloaded intentionally. @ http://localhost:3000/master:0
[  227304ms] [WARNING] The resource http://localhost:3000/_next/static/css/app/layout.css?v=1777587553871 was preloaded using link preload but not used within a few seconds from the window's load event. Please make sure it has an appropriate `as` value and it is preloaded intentionally. @ http://localhost:3000/master:0
[  227304ms] [WARNING] The resource http://localhost:3000/_next/static/css/app/layout.css?v=1777587667553 was preloaded using link preload but not used within a few seconds from the window's load event. Please make sure it has an appropriate `as` value and it is preloaded intentionally. @ http://localhost:3000/master:0
[  227304ms] [WARNING] The resource http://localhost:3000/_next/static/css/app/layout.css?v=1777587543979 was preloaded using link preload but not used within a few seconds from the window's load event. Please make sure it has an appropriate `as` value and it is preloaded intentionally. @ http://localhost:3000/master:0
[  227304ms] [WARNING] The resource http://localhost:3000/_next/static/css/app/layout.css?v=1777587732848 was preloaded using link preload but not used within a few seconds from the window's load event. Please make sure it has an appropriate `as` value and it is preloaded intentionally. @ http://localhost:3000/master:0
[  227304ms] [WARNING] The resource http://localhost:3000/_next/static/css/app/layout.css?v=1777587666451 was preloaded using link preload but not used within a few seconds from the window's load event. Please make sure it has an appropriate `as` value and it is preloaded intentionally. @ http://localhost:3000/master:0
[  227304ms] [WARNING] The resource http://localhost:3000/_next/static/css/app/layout.css?v=1777587543545 was preloaded using link preload but not used within a few seconds from the window's load event. Please make sure it has an appropriate `as` value and it is preloaded intentionally. @ http://localhost:3000/master:0
[  227304ms] [WARNING] The resource http://localhost:3000/_next/static/css/app/layout.css?v=1777587683207 was preloaded using link preload but not used within a few seconds from the window's load event. Please make sure it has an appropriate `as` value and it is preloaded intentionally. @ http://localhost:3000/master:0
[  227304ms] [WARNING] The resource http://localhost:3000/_next/static/css/app/layout.css?v=1777587541315 was preloaded using link preload but not used within a few seconds from the window's load event. Please make sure it has an appropriate `as` value and it is preloaded intentionally. @ http://localhost:3000/master:0
[  227304ms] [WARNING] The resource http://localhost:3000/_next/static/css/app/layout.css?v=1777587544468 was preloaded using link preload but not used within a few seconds from the window's load event. Please make sure it has an appropriate `as` value and it is preloaded intentionally. @ http://localhost:3000/master:0
[  227304ms] [WARNING] The resource http://localhost:3000/_next/static/css/app/layout.css?v=1777587684267 was preloaded using link preload but not used within a few seconds from the window's load event. Please make sure it has an appropriate `as` value and it is preloaded intentionally. @ http://localhost:3000/master:0
[  227304ms] [WARNING] The resource http://localhost:3000/_next/static/css/app/layout.css?v=1777587659017 was preloaded using link preload but not used within a few seconds from the window's load event. Please make sure it has an appropriate `as` value and it is preloaded intentionally. @ http://localhost:3000/master:0
[  227304ms] [WARNING] The resource http://localhost:3000/_next/static/css/app/layout.css?v=1777587670005 was preloaded using link preload but not used within a few seconds from the window's load event. Please make sure it has an appropriate `as` value and it is preloaded intentionally. @ http://localhost:3000/master:0
[  227304ms] [WARNING] The resource http://localhost:3000/_next/static/css/app/layout.css?v=1777587665423 was preloaded using link preload but not used within a few seconds from the window's load event. Please make sure it has an appropriate `as` value and it is preloaded intentionally. @ http://localhost:3000/master:0
[  227304ms] [WARNING] The resource http://localhost:3000/_next/static/css/app/layout.css?v=1777587553506 was preloaded using link preload but not used within a few seconds from the window's load event. Please make sure it has an appropriate `as` value and it is preloaded intentionally. @ http://localhost:3000/master:0
[  227304ms] [WARNING] The resource http://localhost:3000/_next/static/css/app/layout.css?v=1777587552088 was preloaded using link preload but not used within a few seconds from the window's load event. Please make sure it has an appropriate `as` value and it is preloaded intentionally. @ http://localhost:3000/master:0
[  227304ms] [WARNING] The resource http://localhost:3000/_next/static/css/app/layout.css?v=1777587666810 was preloaded using link preload but not used within a few seconds from the window's load event. Please make sure it has an appropriate `as` value and it is preloaded intentionally. @ http://localhost:3000/master:0
[  227304ms] [WARNING] The resource http://localhost:3000/_next/static/css/app/layout.css?v=1777587551202 was preloaded using link preload but not used within a few seconds from the window's load event. Please make sure it has an appropriate `as` value and it is preloaded intentionally. @ http://localhost:3000/master:0
[  227304ms] [WARNING] The resource http://localhost:3000/_next/static/css/app/layout.css?v=1777587564918 was preloaded using link preload but not used within a few seconds from the window's load event. Please make sure it has an appropriate `as` value and it is preloaded intentionally. @ http://localhost:3000/master:0
[  227305ms] [WARNING] The resource http://localhost:3000/_next/static/css/app/layout.css?v=1777587654852 was preloaded using link preload but not used within a few seconds from the window's load event. Please make sure it has an appropriate `as` value and it is preloaded intentionally. @ http://localhost:3000/master:0
[  230062ms] [LOG] [Fast Refresh] done in 5911ms @ webpack-internal:///(app-pages-browser)/./node_modules/.pnpm/next@15.5.14_@babel+core@7.29.0_@playwright+test@1.52.0_react-dom@19.1.0_react@19.1.0__react@19.1.0/node_modules/next/dist/client/dev/report-hmr-latency.js:13
[  233064ms] [WARNING] The resource http://localhost:3000/_next/static/css/app/layout.css?v=1777587563975 was preloaded using link preload but not used within a few seconds from the window's load event. Please make sure it has an appropriate `as` value and it is preloaded intentionally. @ http://localhost:3000/master:0
[  233064ms] [WARNING] The resource http://localhost:3000/_next/static/css/app/layout.css?v=1777587681241 was preloaded using link preload but not used within a few seconds from the window's load event. Please make sure it has an appropriate `as` value and it is preloaded intentionally. @ http://localhost:3000/master:0
[  233064ms] [WARNING] The resource http://localhost:3000/_next/static/css/app/layout.css?v=1777587660361 was preloaded using link preload but not used within a few seconds from the window's load event. Please make sure it has an appropriate `as` value and it is preloaded intentionally. @ http://localhost:3000/master:0
[  233064ms] [WARNING] The resource http://localhost:3000/_next/static/css/app/layout.css?v=1777587574582 was preloaded using link preload but not used within a few seconds from the window's load event. Please make sure it has an appropriate `as` value and it is preloaded intentionally. @ http://localhost:3000/master:0
[  233064ms] [WARNING] The resource http://localhost:3000/_next/static/css/app/layout.css?v=1777587656291 was preloaded using link preload but not used within a few seconds from the window's load event. Please make sure it has an appropriate `as` value and it is preloaded intentionally. @ http://localhost:3000/master:0
[  233064ms] [WARNING] The resource http://localhost:3000/_next/static/css/app/layout.css?v=1777587668602 was preloaded using link preload but not used within a few seconds from the window's load event. Please make sure it has an appropriate `as` value and it is preloaded intentionally. @ http://localhost:3000/master:0
[  233064ms] [WARNING] The resource http://localhost:3000/_next/static/css/app/layout.css?v=1777587673183 was preloaded using link preload but not used within a few seconds from the window's load event. Please make sure it has an appropriate `as` value and it is preloaded intentionally. @ http://localhost:3000/master:0
[  233064ms] [WARNING] The resource http://localhost:3000/_next/static/css/app/layout.css?v=1777587667295 was preloaded using link preload but not used within a few seconds from the window's load event. Please make sure it has an appropriate `as` value and it is preloaded intentionally. @ http://localhost:3000/master:0
[  233065ms] [WARNING] The resource http://localhost:3000/_next/static/css/app/layout.css?v=1777587550906 was preloaded using link preload but not used within a few seconds from the window's load event. Please make sure it has an appropriate `as` value and it is preloaded intentionally. @ http://localhost:3000/master:0
[  233065ms] [WARNING] The resource http://localhost:3000/_next/static/css/app/layout.css?v=1777587564426 was preloaded using link preload but not used within a few seconds from the window's load event. Please make sure it has an appropriate `as` value and it is preloaded intentionally. @ http://localhost:3000/master:0
[  233065ms] [WARNING] The resource http://localhost:3000/_next/static/css/app/layout.css?v=1777587715289 was preloaded using link preload but not used within a few seconds from the window's load event. Please make sure it has an appropriate `as` value and it is preloaded intentionally. @ http://localhost:3000/master:0
[  233065ms] [WARNING] The resource http://localhost:3000/_next/static/css/app/layout.css?v=1777587668838 was preloaded using link preload but not used within a few seconds from the window's load event. Please make sure it has an appropriate `as` value and it is preloaded intentionally. @ http://localhost:3000/master:0
[  233065ms] [WARNING] The resource http://localhost:3000/_next/static/css/app/layout.css?v=1777587685430 was preloaded using link preload but not used within a few seconds from the window's load event. Please make sure it has an appropriate `as` value and it is preloaded intentionally. @ http://localhost:3000/master:0
[  233065ms] [WARNING] The resource http://localhost:3000/_next/static/css/app/layout.css?v=1777587683950 was preloaded using link preload but not used within a few seconds from the window's load event. Please make sure it has an appropriate `as` value and it is preloaded intentionally. @ http://localhost:3000/master:0
[  233065ms] [WARNING] The resource http://localhost:3000/_next/static/css/app/layout.css?v=1777587569598 was preloaded using link preload but not used within a few seconds from the window's load event. Please make sure it has an appropriate `as` value and it is preloaded intentionally. @ http://localhost:3000/master:0
[  233065ms] [WARNING] The resource http://localhost:3000/_next/static/css/app/layout.css?v=1777587538629 was preloaded using link preload but not used within a few seconds from the window's load event. Please make sure it has an appropriate `as` value and it is preloaded intentionally. @ http://localhost:3000/master:0
[  233065ms] [WARNING] The resource http://localhost:3000/_next/static/css/app/layout.css?v=1777587685125 was preloaded using link preload but not used within a few seconds from the window's load event. Please make sure it has an appropriate `as` value and it is preloaded intentionally. @ http://localhost:3000/master:0
[  233065ms] [WARNING] The resource http://localhost:3000/_next/static/css/app/layout.css?v=1777587593975 was preloaded using link preload but not used within a few seconds from the window's load event. Please make sure it has an appropriate `as` value and it is preloaded intentionally. @ http://localhost:3000/master:0
[  233065ms] [WARNING] The resource http://localhost:3000/_next/static/css/app/layout.css?v=1777587568600 was preloaded using link preload but not used within a few seconds from the window's load event. Please make sure it has an appropriate `as` value and it is preloaded intentionally. @ http://localhost:3000/master:0
[  233065ms] [WARNING] The resource http://localhost:3000/_next/static/css/app/layout.css?v=1777587589318 was preloaded using link preload but not used within a few seconds from the window's load event. Please make sure it has an appropriate `as` value and it is preloaded intentionally. @ http://localhost:3000/master:0
[  233065ms] [WARNING] The resource http://localhost:3000/_next/static/css/app/layout.css?v=1777587664206 was preloaded using link preload but not used within a few seconds from the window's load event. Please make sure it has an appropriate `as` value and it is preloaded intentionally. @ http://localhost:3000/master:0
[  233065ms] [WARNING] The resource http://localhost:3000/_next/static/css/app/layout.css?v=1777587744395 was preloaded using link preload but not used within a few seconds from the window's load event. Please make sure it has an appropriate `as` value and it is preloaded intentionally. @ http://localhost:3000/master:0
[  233065ms] [WARNING] The resource http://localhost:3000/_next/static/css/app/layout.css?v=1777587539626 was preloaded using link preload but not used within a few seconds from the window's load event. Please make sure it has an appropriate `as` value and it is preloaded intentionally. @ http://localhost:3000/master:0
[  233065ms] [WARNING] The resource http://localhost:3000/_next/static/css/app/layout.css?v=1777587657807 was preloaded using link preload but not used within a few seconds from the window's load event. Please make sure it has an appropriate `as` value and it is preloaded intentionally. @ http://localhost:3000/master:0
[  233065ms] [WARNING] The resource http://localhost:3000/_next/static/css/app/layout.css?v=1777587547068 was preloaded using link preload but not used within a few seconds from the window's load event. Please make sure it has an appropriate `as` value and it is preloaded intentionally. @ http://localhost:3000/master:0
[  233065ms] [WARNING] The resource http://localhost:3000/_next/static/css/app/layout.css?v=1777587548248 was preloaded using link preload but not used within a few seconds from the window's load event. Please make sure it has an appropriate `as` value and it is preloaded intentionally. @ http://localhost:3000/master:0
[  233065ms] [WARNING] The resource http://localhost:3000/_next/static/css/app/layout.css?v=1777587724027 was preloaded using link preload but not used within a few seconds from the window's load event. Please make sure it has an appropriate `as` value and it is preloaded intentionally. @ http://localhost:3000/master:0
[  233065ms] [WARNING] The resource http://localhost:3000/_next/static/css/app/layout.css?v=1777587552495 was preloaded using link preload but not used within a few seconds from the window's load event. Please make sure it has an appropriate `as` value and it is preloaded intentionally. @ http://localhost:3000/master:0
[  233065ms] [WARNING] The resource http://localhost:3000/_next/static/css/app/layout.css?v=1777587665867 was preloaded using link preload but not used within a few seconds from the window's load event. Please make sure it has an appropriate `as` value and it is preloaded intentionally. @ http://localhost:3000/master:0
[  233065ms] [WARNING] The resource http://localhost:3000/_next/static/css/app/layout.css?v=1777587667061 was preloaded using link preload but not used within a few seconds from the window's load event. Please make sure it has an appropriate `as` value and it is preloaded intentionally. @ http://localhost:3000/master:0
[  233065ms] [WARNING] The resource http://localhost:3000/_next/static/css/app/layout.css?v=1777587670729 was preloaded using link preload but not used within a few seconds from the window's load event. Please make sure it has an appropriate `as` value and it is preloaded intentionally. @ http://localhost:3000/master:0
[  233065ms] [WARNING] The resource http://localhost:3000/_next/static/css/app/layout.css?v=1777587549727 was preloaded using link preload but not used within a few seconds from the window's load event. Please make sure it has an appropriate `as` value and it is preloaded intentionally. @ http://localhost:3000/master:0
[  233065ms] [WARNING] The resource http://localhost:3000/_next/static/css/app/layout.css?v=1777587544234 was preloaded using link preload but not used within a few seconds from the window's load event. Please make sure it has an appropriate `as` value and it is preloaded intentionally. @ http://localhost:3000/master:0
[  233065ms] [WARNING] The resource http://localhost:3000/_next/static/css/app/layout.css?v=1777587553010 was preloaded using link preload but not used within a few seconds from the window's load event. Please make sure it has an appropriate `as` value and it is preloaded intentionally. @ http://localhost:3000/master:0
[  233065ms] [WARNING] The resource http://localhost:3000/_next/static/css/app/layout.css?v=1777587550607 was preloaded using link preload but not used within a few seconds from the window's load event. Please make sure it has an appropriate `as` value and it is preloaded intentionally. @ http://localhost:3000/master:0
[  233065ms] [WARNING] The resource http://localhost:3000/_next/static/css/app/layout.css?v=1777587652693 was preloaded using link preload but not used within a few seconds from the window's load event. Please make sure it has an appropriate `as` value and it is preloaded intentionally. @ http://localhost:3000/master:0
[  233065ms] [WARNING] The resource http://localhost:3000/_next/static/css/app/layout.css?v=1777587554295 was preloaded using link preload but not used within a few seconds from the window's load event. Please make sure it has an appropriate `as` value and it is preloaded intentionally. @ http://localhost:3000/master:0
[  233065ms] [WARNING] The resource http://localhost:3000/_next/static/css/app/layout.css?v=1777587567351 was preloaded using link preload but not used within a few seconds from the window's load event. Please make sure it has an appropriate `as` value and it is preloaded intentionally. @ http://localhost:3000/master:0
[  233065ms] [WARNING] The resource http://localhost:3000/_next/static/css/app/layout.css?v=1777587684852 was preloaded using link preload but not used within a few seconds from the window's load event. Please make sure it has an appropriate `as` value and it is preloaded intentionally. @ http://localhost:3000/master:0
[  233065ms] [WARNING] The resource http://localhost:3000/_next/static/css/app/layout.css?v=1777587562251 was preloaded using link preload but not used within a few seconds from the window's load event. Please make sure it has an appropriate `as` value and it is preloaded intentionally. @ http://localhost:3000/master:0
[  233065ms] [WARNING] The resource http://localhost:3000/_next/static/css/app/layout.css?v=1777587663717 was preloaded using link preload but not used within a few seconds from the window's load event. Please make sure it has an appropriate `as` value and it is preloaded intentionally. @ http://localhost:3000/master:0
[  233065ms] [WARNING] The resource http://localhost:3000/_next/static/css/app/layout.css?v=1777587677347 was preloaded using link preload but not used within a few seconds from the window's load event. Please make sure it has an appropriate `as` value and it is preloaded intentionally. @ http://localhost:3000/master:0
[  233065ms] [WARNING] The resource http://localhost:3000/_next/static/css/app/layout.css?v=1777587545666 was preloaded using link preload but not used within a few seconds from the window's load event. Please make sure it has an appropriate `as` value and it is preloaded intentionally. @ http://localhost:3000/master:0
[  233065ms] [WARNING] The resource http://localhost:3000/_next/static/css/app/layout.css?v=1777587538266 was preloaded using link preload but not used within a few seconds from the window's load event. Please make sure it has an appropriate `as` value and it is preloaded intentionally. @ http://localhost:3000/master:0
[  233065ms] [WARNING] The resource http://localhost:3000/_next/static/css/app/layout.css?v=1777587669601 was preloaded using link preload but not used within a few seconds from the window's load event. Please make sure it has an appropriate `as` value and it is preloaded intentionally. @ http://localhost:3000/master:0
[  233065ms] [WARNING] The resource http://localhost:3000/_next/static/css/app/layout.css?v=1777587556356 was preloaded using link preload but not used within a few seconds from the window's load event. Please make sure it has an appropriate `as` value and it is preloaded intentionally. @ http://localhost:3000/master:0
[  233065ms] [WARNING] The resource http://localhost:3000/_next/static/css/app/layout.css?v=1777587537585 was preloaded using link preload but not used within a few seconds from the window's load event. Please make sure it has an appropriate `as` value and it is preloaded intentionally. @ http://localhost:3000/master:0
[  233065ms] [WARNING] The resource http://localhost:3000/_next/static/css/app/layout.css?v=1777587540543 was preloaded using link preload but not used within a few seconds from the window's load event. Please make sure it has an appropriate `as` value and it is preloaded intentionally. @ http://localhost:3000/master:0
[  233065ms] [WARNING] The resource http://localhost:3000/_next/static/css/app/layout.css?v=1777587543347 was preloaded using link preload but not used within a few seconds from the window's load event. Please make sure it has an appropriate `as` value and it is preloaded intentionally. @ http://localhost:3000/master:0
[  233065ms] [WARNING] The resource http://localhost:3000/_next/static/css/app/layout.css?v=1777587730363 was preloaded using link preload but not used within a few seconds from the window's load event. Please make sure it has an appropriate `as` value and it is preloaded intentionally. @ http://localhost:3000/master:0
[  233065ms] [WARNING] The resource http://localhost:3000/_next/static/css/app/layout.css?v=1777587552755 was preloaded using link preload but not used within a few seconds from the window's load event. Please make sure it has an appropriate `as` value and it is preloaded intentionally. @ http://localhost:3000/master:0
[  233065ms] [WARNING] The resource http://localhost:3000/_next/static/css/app/layout.css?v=1777587543147 was preloaded using link preload but not used within a few seconds from the window's load event. Please make sure it has an appropriate `as` value and it is preloaded intentionally. @ http://localhost:3000/master:0
[  233065ms] [WARNING] The resource http://localhost:3000/_next/static/css/app/layout.css?v=1777587546843 was preloaded using link preload but not used within a few seconds from the window's load event. Please make sure it has an appropriate `as` value and it is preloaded intentionally. @ http://localhost:3000/master:0
[  233065ms] [WARNING] The resource http://localhost:3000/_next/static/css/app/layout.css?v=1777587543773 was preloaded using link preload but not used within a few seconds from the window's load event. Please make sure it has an appropriate `as` value and it is preloaded intentionally. @ http://localhost:3000/master:0
[  233065ms] [WARNING] The resource http://localhost:3000/_next/static/css/app/layout.css?v=1777587669361 was preloaded using link preload but not used within a few seconds from the window's load event. Please make sure it has an appropriate `as` value and it is preloaded intentionally. @ http://localhost:3000/master:0
[  233065ms] [WARNING] The resource http://localhost:3000/_next/static/css/app/layout.css?v=1777587550250 was preloaded using link preload but not used within a few seconds from the window's load event. Please make sure it has an appropriate `as` value and it is preloaded intentionally. @ http://localhost:3000/master:0
[  233066ms] [WARNING] The resource http://localhost:3000/_next/static/css/app/layout.css?v=1777587565861 was preloaded using link preload but not used within a few seconds from the window's load event. Please make sure it has an appropriate `as` value and it is preloaded intentionally. @ http://localhost:3000/master:0
[  233066ms] [WARNING] The resource http://localhost:3000/_next/static/css/app/layout.css?v=1777587668962 was preloaded using link preload but not used within a few seconds from the window's load event. Please make sure it has an appropriate `as` value and it is preloaded intentionally. @ http://localhost:3000/master:0
[  233066ms] [WARNING] The resource http://localhost:3000/_next/static/css/app/layout.css?v=1777587563274 was preloaded using link preload but not used within a few seconds from the window's load event. Please make sure it has an appropriate `as` value and it is preloaded intentionally. @ http://localhost:3000/master:0
[  233066ms] [WARNING] The resource http://localhost:3000/_next/static/css/app/layout.css?v=1777587553242 was preloaded using link preload but not used within a few seconds from the window's load event. Please make sure it has an appropriate `as` value and it is preloaded intentionally. @ http://localhost:3000/master:0
[  233066ms] [WARNING] The resource http://localhost:3000/_next/static/css/app/layout.css?v=1777587682756 was preloaded using link preload but not used within a few seconds from the window's load event. Please make sure it has an appropriate `as` value and it is preloaded intentionally. @ http://localhost:3000/master:0
[  233066ms] [WARNING] The resource http://localhost:3000/_next/static/css/app/layout.css?v=1777587671226 was preloaded using link preload but not used within a few seconds from the window's load event. Please make sure it has an appropriate `as` value and it is preloaded intentionally. @ http://localhost:3000/master:0
[  233066ms] [WARNING] The resource http://localhost:3000/_next/static/css/app/layout.css?v=1777587662695 was preloaded using link preload but not used within a few seconds from the window's load event. Please make sure it has an appropriate `as` value and it is preloaded intentionally. @ http://localhost:3000/master:0
[  233066ms] [WARNING] The resource http://localhost:3000/_next/static/css/app/layout.css?v=1777587664859 was preloaded using link preload but not used within a few seconds from the window's load event. Please make sure it has an appropriate `as` value and it is preloaded intentionally. @ http://localhost:3000/master:0
[  233066ms] [WARNING] The resource http://localhost:3000/_next/static/css/app/layout.css?v=1777587540732 was preloaded using link preload but not used within a few seconds from the window's load event. Please make sure it has an appropriate `as` value and it is preloaded intentionally. @ http://localhost:3000/master:0
[  233066ms] [WARNING] The resource http://localhost:3000/_next/static/css/app/layout.css?v=1777587544632 was preloaded using link preload but not used within a few seconds from the window's load event. Please make sure it has an appropriate `as` value and it is preloaded intentionally. @ http://localhost:3000/master:0
[  233066ms] [WARNING] The resource http://localhost:3000/_next/static/css/app/layout.css?v=1777587667893 was preloaded using link preload but not used within a few seconds from the window's load event. Please make sure it has an appropriate `as` value and it is preloaded intentionally. @ http://localhost:3000/master:0
[  233066ms] [WARNING] The resource http://localhost:3000/_next/static/css/app/layout.css?v=1777587686210 was preloaded using link preload but not used within a few seconds from the window's load event. Please make sure it has an appropriate `as` value and it is preloaded intentionally. @ http://localhost:3000/master:0
[  233066ms] [WARNING] The resource http://localhost:3000/_next/static/css/app/layout.css?v=1777587540112 was preloaded using link preload but not used within a few seconds from the window's load event. Please make sure it has an appropriate `as` value and it is preloaded intentionally. @ http://localhost:3000/master:0
[  233066ms] [WARNING] The resource http://localhost:3000/_next/static/css/app/layout.css?v=1777587670417 was preloaded using link preload but not used within a few seconds from the window's load event. Please make sure it has an appropriate `as` value and it is preloaded intentionally. @ http://localhost:3000/master:0
[  233066ms] [WARNING] The resource http://localhost:3000/_next/static/css/app/layout.css?v=1777587540386 was preloaded using link preload but not used within a few seconds from the window's load event. Please make sure it has an appropriate `as` value and it is preloaded intentionally. @ http://localhost:3000/master:0
[  233066ms] [WARNING] The resource http://localhost:3000/_next/static/css/app/layout.css?v=1777587546459 was preloaded using link preload but not used within a few seconds from the window's load event. Please make sure it has an appropriate `as` value and it is preloaded intentionally. @ http://localhost:3000/master:0
[  233066ms] [WARNING] The resource http://localhost:3000/_next/static/css/app/layout.css?v=1777587541946 was preloaded using link preload but not used within a few seconds from the window's load event. Please make sure it has an appropriate `as` value and it is preloaded intentionally. @ http://localhost:3000/master:0
[  233066ms] [WARNING] The resource http://localhost:3000/_next/static/css/app/layout.css?v=1777587555667 was preloaded using link preload but not used within a few seconds from the window's load event. Please make sure it has an appropriate `as` value and it is preloaded intentionally. @ http://localhost:3000/master:0
[  233066ms] [WARNING] The resource http://localhost:3000/_next/static/css/app/layout.css?v=1777587659696 was preloaded using link preload but not used within a few seconds from the window's load event. Please make sure it has an appropriate `as` value and it is preloaded intentionally. @ http://localhost:3000/master:0
[  233066ms] [WARNING] The resource http://localhost:3000/_next/static/css/app/layout.css?v=1777587679959 was preloaded using link preload but not used within a few seconds from the window's load event. Please make sure it has an appropriate `as` value and it is preloaded intentionally. @ http://localhost:3000/master:0
[  233066ms] [WARNING] The resource http://localhost:3000/_next/static/css/app/layout.css?v=1777587753184 was preloaded using link preload but not used within a few seconds from the window's load event. Please make sure it has an appropriate `as` value and it is preloaded intentionally. @ http://localhost:3000/master:0
[  233066ms] [WARNING] The resource http://localhost:3000/_next/static/css/app/layout.css?v=1777587553871 was preloaded using link preload but not used within a few seconds from the window's load event. Please make sure it has an appropriate `as` value and it is preloaded intentionally. @ http://localhost:3000/master:0
[  233066ms] [WARNING] The resource http://localhost:3000/_next/static/css/app/layout.css?v=1777587667553 was preloaded using link preload but not used within a few seconds from the window's load event. Please make sure it has an appropriate `as` value and it is preloaded intentionally. @ http://localhost:3000/master:0
[  233066ms] [WARNING] The resource http://localhost:3000/_next/static/css/app/layout.css?v=1777587543979 was preloaded using link preload but not used within a few seconds from the window's load event. Please make sure it has an appropriate `as` value and it is preloaded intentionally. @ http://localhost:3000/master:0
[  233066ms] [WARNING] The resource http://localhost:3000/_next/static/css/app/layout.css?v=1777587732848 was preloaded using link preload but not used within a few seconds from the window's load event. Please make sure it has an appropriate `as` value and it is preloaded intentionally. @ http://localhost:3000/master:0
[  233066ms] [WARNING] The resource http://localhost:3000/_next/static/css/app/layout.css?v=1777587666451 was preloaded using link preload but not used within a few seconds from the window's load event. Please make sure it has an appropriate `as` value and it is preloaded intentionally. @ http://localhost:3000/master:0
[  233066ms] [WARNING] The resource http://localhost:3000/_next/static/css/app/layout.css?v=1777587543545 was preloaded using link preload but not used within a few seconds from the window's load event. Please make sure it has an appropriate `as` value and it is preloaded intentionally. @ http://localhost:3000/master:0
[  233066ms] [WARNING] The resource http://localhost:3000/_next/static/css/app/layout.css?v=1777587683207 was preloaded using link preload but not used within a few seconds from the window's load event. Please make sure it has an appropriate `as` value and it is preloaded intentionally. @ http://localhost:3000/master:0
[  233066ms] [WARNING] The resource http://localhost:3000/_next/static/css/app/layout.css?v=1777587541315 was preloaded using link preload but not used within a few seconds from the window's load event. Please make sure it has an appropriate `as` value and it is preloaded intentionally. @ http://localhost:3000/master:0
[  233066ms] [WARNING] The resource http://localhost:3000/_next/static/css/app/layout.css?v=1777587544468 was preloaded using link preload but not used within a few seconds from the window's load event. Please make sure it has an appropriate `as` value and it is preloaded intentionally. @ http://localhost:3000/master:0
[  233066ms] [WARNING] The resource http://localhost:3000/_next/static/css/app/layout.css?v=1777587684267 was preloaded using link preload but not used within a few seconds from the window's load event. Please make sure it has an appropriate `as` value and it is preloaded intentionally. @ http://localhost:3000/master:0
[  233066ms] [WARNING] The resource http://localhost:3000/_next/static/css/app/layout.css?v=1777587659017 was preloaded using link preload but not used within a few seconds from the window's load event. Please make sure it has an appropriate `as` value and it is preloaded intentionally. @ http://localhost:3000/master:0
[  233066ms] [WARNING] The resource http://localhost:3000/_next/static/css/app/layout.css?v=1777587670005 was preloaded using link preload but not used within a few seconds from the window's load event. Please make sure it has an appropriate `as` value and it is preloaded intentionally. @ http://localhost:3000/master:0
[  233066ms] [WARNING] The resource http://localhost:3000/_next/static/css/app/layout.css?v=1777587665423 was preloaded using link preload but not used within a few seconds from the window's load event. Please make sure it has an appropriate `as` value and it is preloaded intentionally. @ http://localhost:3000/master:0
[  233066ms] [WARNING] The resource http://localhost:3000/_next/static/css/app/layout.css?v=1777587553506 was preloaded using link preload but not used within a few seconds from the window's load event. Please make sure it has an appropriate `as` value and it is preloaded intentionally. @ http://localhost:3000/master:0
[  233066ms] [WARNING] The resource http://localhost:3000/_next/static/css/app/layout.css?v=1777587552088 was preloaded using link preload but not used within a few seconds from the window's load event. Please make sure it has an appropriate `as` value and it is preloaded intentionally. @ http://localhost:3000/master:0
[  233066ms] [WARNING] The resource http://localhost:3000/_next/static/css/app/layout.css?v=1777587666810 was preloaded using link preload but not used within a few seconds from the window's load event. Please make sure it has an appropriate `as` value and it is preloaded intentionally. @ http://localhost:3000/master:0
[  233066ms] [WARNING] The resource http://localhost:3000/_next/static/css/app/layout.css?v=1777587551202 was preloaded using link preload but not used within a few seconds from the window's load event. Please make sure it has an appropriate `as` value and it is preloaded intentionally. @ http://localhost:3000/master:0
[  233066ms] [WARNING] The resource http://localhost:3000/_next/static/css/app/layout.css?v=1777587564918 was preloaded using link preload but not used within a few seconds from the window's load event. Please make sure it has an appropriate `as` value and it is preloaded intentionally. @ http://localhost:3000/master:0
[  233066ms] [WARNING] The resource http://localhost:3000/_next/static/css/app/layout.css?v=1777587654852 was preloaded using link preload but not used within a few seconds from the window's load event. Please make sure it has an appropriate `as` value and it is preloaded intentionally. @ http://localhost:3000/master:0
[  233890ms] [LOG] [Fast Refresh] rebuilding @ webpack-internal:///(app-pages-browser)/./node_modules/.pnpm/next@15.5.14_@babel+core@7.29.0_@playwright+test@1.52.0_react-dom@19.1.0_react@19.1.0__react@19.1.0/node_modules/next/dist/client/dev/hot-reloader/app/hot-reloader-app.js:196
[  235141ms] [LOG] [Fast Refresh] done in 1251ms @ webpack-internal:///(app-pages-browser)/./node_modules/.pnpm/next@15.5.14_@babel+core@7.29.0_@playwright+test@1.52.0_react-dom@19.1.0_react@19.1.0__react@19.1.0/node_modules/next/dist/client/dev/report-hmr-latency.js:13
[  235691ms] [LOG] [Fast Refresh] rebuilding @ webpack-internal:///(app-pages-browser)/./node_modules/.pnpm/next@15.5.14_@babel+core@7.29.0_@playwright+test@1.52.0_react-dom@19.1.0_react@19.1.0__react@19.1.0/node_modules/next/dist/client/dev/hot-reloader/app/hot-reloader-app.js:196
[  235908ms] [LOG] [Fast Refresh] done in 217ms @ webpack-internal:///(app-pages-browser)/./node_modules/.pnpm/next@15.5.14_@babel+core@7.29.0_@playwright+test@1.52.0_react-dom@19.1.0_react@19.1.0__react@19.1.0/node_modules/next/dist/client/dev/report-hmr-latency.js:13
[  236818ms] [LOG] [Fast Refresh] rebuilding @ webpack-internal:///(app-pages-browser)/./node_modules/.pnpm/next@15.5.14_@babel+core@7.29.0_@playwright+test@1.52.0_react-dom@19.1.0_react@19.1.0__react@19.1.0/node_modules/next/dist/client/dev/hot-reloader/app/hot-reloader-app.js:196
[  237021ms] [LOG] [Fast Refresh] done in 203ms @ webpack-internal:///(app-pages-browser)/./node_modules/.pnpm/next@15.5.14_@babel+core@7.29.0_@playwright+test@1.52.0_react-dom@19.1.0_react@19.1.0__react@19.1.0/node_modules/next/dist/client/dev/report-hmr-latency.js:13
[  238067ms] [LOG] [Fast Refresh] rebuilding @ webpack-internal:///(app-pages-browser)/./node_modules/.pnpm/next@15.5.14_@babel+core@7.29.0_@playwright+test@1.52.0_react-dom@19.1.0_react@19.1.0__react@19.1.0/node_modules/next/dist/client/dev/hot-reloader/app/hot-reloader-app.js:196
[  239137ms] [LOG] [Fast Refresh] done in 1070ms @ webpack-internal:///(app-pages-browser)/./node_modules/.pnpm/next@15.5.14_@babel+core@7.29.0_@playwright+test@1.52.0_react-dom@19.1.0_react@19.1.0__react@19.1.0/node_modules/next/dist/client/dev/report-hmr-latency.js:13
[  239610ms] [LOG] [Fast Refresh] rebuilding @ webpack-internal:///(app-pages-browser)/./node_modules/.pnpm/next@15.5.14_@babel+core@7.29.0_@playwright+test@1.52.0_react-dom@19.1.0_react@19.1.0__react@19.1.0/node_modules/next/dist/client/dev/hot-reloader/app/hot-reloader-app.js:196
[  239792ms] [LOG] [Fast Refresh] done in 182ms @ webpack-internal:///(app-pages-browser)/./node_modules/.pnpm/next@15.5.14_@babel+core@7.29.0_@playwright+test@1.52.0_react-dom@19.1.0_react@19.1.0__react@19.1.0/node_modules/next/dist/client/dev/report-hmr-latency.js:13
[  240520ms] [LOG] [Fast Refresh] rebuilding @ webpack-internal:///(app-pages-browser)/./node_modules/.pnpm/next@15.5.14_@babel+core@7.29.0_@playwright+test@1.52.0_react-dom@19.1.0_react@19.1.0__react@19.1.0/node_modules/next/dist/client/dev/hot-reloader/app/hot-reloader-app.js:196
[  240773ms] [LOG] [Fast Refresh] done in 254ms @ webpack-internal:///(app-pages-browser)/./node_modules/.pnpm/next@15.5.14_@babel+core@7.29.0_@playwright+test@1.52.0_react-dom@19.1.0_react@19.1.0__react@19.1.0/node_modules/next/dist/client/dev/report-hmr-latency.js:13
[  241585ms] [LOG] [Fast Refresh] rebuilding @ webpack-internal:///(app-pages-browser)/./node_modules/.pnpm/next@15.5.14_@babel+core@7.29.0_@playwright+test@1.52.0_react-dom@19.1.0_react@19.1.0__react@19.1.0/node_modules/next/dist/client/dev/hot-reloader/app/hot-reloader-app.js:196
[  241745ms] [LOG] [Fast Refresh] done in 159ms @ webpack-internal:///(app-pages-browser)/./node_modules/.pnpm/next@15.5.14_@babel+core@7.29.0_@playwright+test@1.52.0_react-dom@19.1.0_react@19.1.0__react@19.1.0/node_modules/next/dist/client/dev/report-hmr-latency.js:13
[  244749ms] [WARNING] The resource http://localhost:3000/_next/static/css/app/layout.css?v=1777587769032 was preloaded using link preload but not used within a few seconds from the window's load event. Please make sure it has an appropriate `as` value and it is preloaded intentionally. @ http://localhost:3000/master:0
[  244749ms] [WARNING] The resource http://localhost:3000/_next/static/css/app/layout.css?v=1777587563975 was preloaded using link preload but not used within a few seconds from the window's load event. Please make sure it has an appropriate `as` value and it is preloaded intentionally. @ http://localhost:3000/master:0
[  244749ms] [WARNING] The resource http://localhost:3000/_next/static/css/app/layout.css?v=1777587681241 was preloaded using link preload but not used within a few seconds from the window's load event. Please make sure it has an appropriate `as` value and it is preloaded intentionally. @ http://localhost:3000/master:0
[  244749ms] [WARNING] The resource http://localhost:3000/_next/static/css/app/layout.css?v=1777587660361 was preloaded using link preload but not used within a few seconds from the window's load event. Please make sure it has an appropriate `as` value and it is preloaded intentionally. @ http://localhost:3000/master:0
[  244749ms] [WARNING] The resource http://localhost:3000/_next/static/css/app/layout.css?v=1777587574582 was preloaded using link preload but not used within a few seconds from the window's load event. Please make sure it has an appropriate `as` value and it is preloaded intentionally. @ http://localhost:3000/master:0
[  244749ms] [WARNING] The resource http://localhost:3000/_next/static/css/app/layout.css?v=1777587656291 was preloaded using link preload but not used within a few seconds from the window's load event. Please make sure it has an appropriate `as` value and it is preloaded intentionally. @ http://localhost:3000/master:0
[  244749ms] [WARNING] The resource http://localhost:3000/_next/static/css/app/layout.css?v=1777587668602 was preloaded using link preload but not used within a few seconds from the window's load event. Please make sure it has an appropriate `as` value and it is preloaded intentionally. @ http://localhost:3000/master:0
[  244749ms] [WARNING] The resource http://localhost:3000/_next/static/css/app/layout.css?v=1777587673183 was preloaded using link preload but not used within a few seconds from the window's load event. Please make sure it has an appropriate `as` value and it is preloaded intentionally. @ http://localhost:3000/master:0
[  244749ms] [WARNING] The resource http://localhost:3000/_next/static/css/app/layout.css?v=1777587667295 was preloaded using link preload but not used within a few seconds from the window's load event. Please make sure it has an appropriate `as` value and it is preloaded intentionally. @ http://localhost:3000/master:0
[  244749ms] [WARNING] The resource http://localhost:3000/_next/static/css/app/layout.css?v=1777587550906 was preloaded using link preload but not used within a few seconds from the window's load event. Please make sure it has an appropriate `as` value and it is preloaded intentionally. @ http://localhost:3000/master:0
[  244749ms] [WARNING] The resource http://localhost:3000/_next/static/css/app/layout.css?v=1777587564426 was preloaded using link preload but not used within a few seconds from the window's load event. Please make sure it has an appropriate `as` value and it is preloaded intentionally. @ http://localhost:3000/master:0
[  244749ms] [WARNING] The resource http://localhost:3000/_next/static/css/app/layout.css?v=1777587715289 was preloaded using link preload but not used within a few seconds from the window's load event. Please make sure it has an appropriate `as` value and it is preloaded intentionally. @ http://localhost:3000/master:0
[  244749ms] [WARNING] The resource http://localhost:3000/_next/static/css/app/layout.css?v=1777587668838 was preloaded using link preload but not used within a few seconds from the window's load event. Please make sure it has an appropriate `as` value and it is preloaded intentionally. @ http://localhost:3000/master:0
[  244749ms] [WARNING] The resource http://localhost:3000/_next/static/css/app/layout.css?v=1777587685430 was preloaded using link preload but not used within a few seconds from the window's load event. Please make sure it has an appropriate `as` value and it is preloaded intentionally. @ http://localhost:3000/master:0
[  244749ms] [WARNING] The resource http://localhost:3000/_next/static/css/app/layout.css?v=1777587683950 was preloaded using link preload but not used within a few seconds from the window's load event. Please make sure it has an appropriate `as` value and it is preloaded intentionally. @ http://localhost:3000/master:0
[  244749ms] [WARNING] The resource http://localhost:3000/_next/static/css/app/layout.css?v=1777587569598 was preloaded using link preload but not used within a few seconds from the window's load event. Please make sure it has an appropriate `as` value and it is preloaded intentionally. @ http://localhost:3000/master:0
[  244749ms] [WARNING] The resource http://localhost:3000/_next/static/css/app/layout.css?v=1777587538629 was preloaded using link preload but not used within a few seconds from the window's load event. Please make sure it has an appropriate `as` value and it is preloaded intentionally. @ http://localhost:3000/master:0
[  244749ms] [WARNING] The resource http://localhost:3000/_next/static/css/app/layout.css?v=1777587685125 was preloaded using link preload but not used within a few seconds from the window's load event. Please make sure it has an appropriate `as` value and it is preloaded intentionally. @ http://localhost:3000/master:0
[  244749ms] [WARNING] The resource http://localhost:3000/_next/static/css/app/layout.css?v=1777587593975 was preloaded using link preload but not used within a few seconds from the window's load event. Please make sure it has an appropriate `as` value and it is preloaded intentionally. @ http://localhost:3000/master:0
[  244749ms] [WARNING] The resource http://localhost:3000/_next/static/css/app/layout.css?v=1777587568600 was preloaded using link preload but not used within a few seconds from the window's load event. Please make sure it has an appropriate `as` value and it is preloaded intentionally. @ http://localhost:3000/master:0
[  244749ms] [WARNING] The resource http://localhost:3000/_next/static/css/app/layout.css?v=1777587772905 was preloaded using link preload but not used within a few seconds from the window's load event. Please make sure it has an appropriate `as` value and it is preloaded intentionally. @ http://localhost:3000/master:0
[  244750ms] [WARNING] The resource http://localhost:3000/_next/static/css/app/layout.css?v=1777587589318 was preloaded using link preload but not used within a few seconds from the window's load event. Please make sure it has an appropriate `as` value and it is preloaded intentionally. @ http://localhost:3000/master:0
[  244750ms] [WARNING] The resource http://localhost:3000/_next/static/css/app/layout.css?v=1777587664206 was preloaded using link preload but not used within a few seconds from the window's load event. Please make sure it has an appropriate `as` value and it is preloaded intentionally. @ http://localhost:3000/master:0
[  244750ms] [WARNING] The resource http://localhost:3000/_next/static/css/app/layout.css?v=1777587744395 was preloaded using link preload but not used within a few seconds from the window's load event. Please make sure it has an appropriate `as` value and it is preloaded intentionally. @ http://localhost:3000/master:0
[  244750ms] [WARNING] The resource http://localhost:3000/_next/static/css/app/layout.css?v=1777587539626 was preloaded using link preload but not used within a few seconds from the window's load event. Please make sure it has an appropriate `as` value and it is preloaded intentionally. @ http://localhost:3000/master:0
[  244750ms] [WARNING] The resource http://localhost:3000/_next/static/css/app/layout.css?v=1777587657807 was preloaded using link preload but not used within a few seconds from the window's load event. Please make sure it has an appropriate `as` value and it is preloaded intentionally. @ http://localhost:3000/master:0
[  244750ms] [WARNING] The resource http://localhost:3000/_next/static/css/app/layout.css?v=1777587547068 was preloaded using link preload but not used within a few seconds from the window's load event. Please make sure it has an appropriate `as` value and it is preloaded intentionally. @ http://localhost:3000/master:0
[  244750ms] [WARNING] The resource http://localhost:3000/_next/static/css/app/layout.css?v=1777587548248 was preloaded using link preload but not used within a few seconds from the window's load event. Please make sure it has an appropriate `as` value and it is preloaded intentionally. @ http://localhost:3000/master:0
[  244750ms] [WARNING] The resource http://localhost:3000/_next/static/css/app/layout.css?v=1777587724027 was preloaded using link preload but not used within a few seconds from the window's load event. Please make sure it has an appropriate `as` value and it is preloaded intentionally. @ http://localhost:3000/master:0
[  244750ms] [WARNING] The resource http://localhost:3000/_next/static/css/app/layout.css?v=1777587552495 was preloaded using link preload but not used within a few seconds from the window's load event. Please make sure it has an appropriate `as` value and it is preloaded intentionally. @ http://localhost:3000/master:0
[  244750ms] [WARNING] The resource http://localhost:3000/_next/static/css/app/layout.css?v=1777587665867 was preloaded using link preload but not used within a few seconds from the window's load event. Please make sure it has an appropriate `as` value and it is preloaded intentionally. @ http://localhost:3000/master:0
[  244750ms] [WARNING] The resource http://localhost:3000/_next/static/css/app/layout.css?v=1777587667061 was preloaded using link preload but not used within a few seconds from the window's load event. Please make sure it has an appropriate `as` value and it is preloaded intentionally. @ http://localhost:3000/master:0
[  244750ms] [WARNING] The resource http://localhost:3000/_next/static/css/app/layout.css?v=1777587670729 was preloaded using link preload but not used within a few seconds from the window's load event. Please make sure it has an appropriate `as` value and it is preloaded intentionally. @ http://localhost:3000/master:0
[  244750ms] [WARNING] The resource http://localhost:3000/_next/static/css/app/layout.css?v=1777587549727 was preloaded using link preload but not used within a few seconds from the window's load event. Please make sure it has an appropriate `as` value and it is preloaded intentionally. @ http://localhost:3000/master:0
[  244750ms] [WARNING] The resource http://localhost:3000/_next/static/css/app/layout.css?v=1777587544234 was preloaded using link preload but not used within a few seconds from the window's load event. Please make sure it has an appropriate `as` value and it is preloaded intentionally. @ http://localhost:3000/master:0
[  244750ms] [WARNING] The resource http://localhost:3000/_next/static/css/app/layout.css?v=1777587553010 was preloaded using link preload but not used within a few seconds from the window's load event. Please make sure it has an appropriate `as` value and it is preloaded intentionally. @ http://localhost:3000/master:0
[  244750ms] [WARNING] The resource http://localhost:3000/_next/static/css/app/layout.css?v=1777587550607 was preloaded using link preload but not used within a few seconds from the window's load event. Please make sure it has an appropriate `as` value and it is preloaded intentionally. @ http://localhost:3000/master:0
[  244750ms] [WARNING] The resource http://localhost:3000/_next/static/css/app/layout.css?v=1777587652693 was preloaded using link preload but not used within a few seconds from the window's load event. Please make sure it has an appropriate `as` value and it is preloaded intentionally. @ http://localhost:3000/master:0
[  244750ms] [WARNING] The resource http://localhost:3000/_next/static/css/app/layout.css?v=1777587554295 was preloaded using link preload but not used within a few seconds from the window's load event. Please make sure it has an appropriate `as` value and it is preloaded intentionally. @ http://localhost:3000/master:0
[  244750ms] [WARNING] The resource http://localhost:3000/_next/static/css/app/layout.css?v=1777587567351 was preloaded using link preload but not used within a few seconds from the window's load event. Please make sure it has an appropriate `as` value and it is preloaded intentionally. @ http://localhost:3000/master:0
[  244750ms] [WARNING] The resource http://localhost:3000/_next/static/css/app/layout.css?v=1777587684852 was preloaded using link preload but not used within a few seconds from the window's load event. Please make sure it has an appropriate `as` value and it is preloaded intentionally. @ http://localhost:3000/master:0
[  244750ms] [WARNING] The resource http://localhost:3000/_next/static/css/app/layout.css?v=1777587562251 was preloaded using link preload but not used within a few seconds from the window's load event. Please make sure it has an appropriate `as` value and it is preloaded intentionally. @ http://localhost:3000/master:0
[  244750ms] [WARNING] The resource http://localhost:3000/_next/static/css/app/layout.css?v=1777587774679 was preloaded using link preload but not used within a few seconds from the window's load event. Please make sure it has an appropriate `as` value and it is preloaded intentionally. @ http://localhost:3000/master:0
[  244750ms] [WARNING] The resource http://localhost:3000/_next/static/css/app/layout.css?v=1777587663717 was preloaded using link preload but not used within a few seconds from the window's load event. Please make sure it has an appropriate `as` value and it is preloaded intentionally. @ http://localhost:3000/master:0
[  244750ms] [WARNING] The resource http://localhost:3000/_next/static/css/app/layout.css?v=1777587677347 was preloaded using link preload but not used within a few seconds from the window's load event. Please make sure it has an appropriate `as` value and it is preloaded intentionally. @ http://localhost:3000/master:0
[  244750ms] [WARNING] The resource http://localhost:3000/_next/static/css/app/layout.css?v=1777587545666 was preloaded using link preload but not used within a few seconds from the window's load event. Please make sure it has an appropriate `as` value and it is preloaded intentionally. @ http://localhost:3000/master:0
[  244750ms] [WARNING] The resource http://localhost:3000/_next/static/css/app/layout.css?v=1777587538266 was preloaded using link preload but not used within a few seconds from the window's load event. Please make sure it has an appropriate `as` value and it is preloaded intentionally. @ http://localhost:3000/master:0
[  244750ms] [WARNING] The resource http://localhost:3000/_next/static/css/app/layout.css?v=1777587669601 was preloaded using link preload but not used within a few seconds from the window's load event. Please make sure it has an appropriate `as` value and it is preloaded intentionally. @ http://localhost:3000/master:0
[  244750ms] [WARNING] The resource http://localhost:3000/_next/static/css/app/layout.css?v=1777587556356 was preloaded using link preload but not used within a few seconds from the window's load event. Please make sure it has an appropriate `as` value and it is preloaded intentionally. @ http://localhost:3000/master:0
[  244750ms] [WARNING] The resource http://localhost:3000/_next/static/css/app/layout.css?v=1777587537585 was preloaded using link preload but not used within a few seconds from the window's load event. Please make sure it has an appropriate `as` value and it is preloaded intentionally. @ http://localhost:3000/master:0
[  244750ms] [WARNING] The resource http://localhost:3000/_next/static/css/app/layout.css?v=1777587540543 was preloaded using link preload but not used within a few seconds from the window's load event. Please make sure it has an appropriate `as` value and it is preloaded intentionally. @ http://localhost:3000/master:0
[  244750ms] [WARNING] The resource http://localhost:3000/_next/static/css/app/layout.css?v=1777587543347 was preloaded using link preload but not used within a few seconds from the window's load event. Please make sure it has an appropriate `as` value and it is preloaded intentionally. @ http://localhost:3000/master:0
[  244750ms] [WARNING] The resource http://localhost:3000/_next/static/css/app/layout.css?v=1777587730363 was preloaded using link preload but not used within a few seconds from the window's load event. Please make sure it has an appropriate `as` value and it is preloaded intentionally. @ http://localhost:3000/master:0
[  244751ms] [WARNING] The resource http://localhost:3000/_next/static/css/app/layout.css?v=1777587552755 was preloaded using link preload but not used within a few seconds from the window's load event. Please make sure it has an appropriate `as` value and it is preloaded intentionally. @ http://localhost:3000/master:0
[  244751ms] [WARNING] The resource http://localhost:3000/_next/static/css/app/layout.css?v=1777587543147 was preloaded using link preload but not used within a few seconds from the window's load event. Please make sure it has an appropriate `as` value and it is preloaded intentionally. @ http://localhost:3000/master:0
[  244751ms] [WARNING] The resource http://localhost:3000/_next/static/css/app/layout.css?v=1777587546843 was preloaded using link preload but not used within a few seconds from the window's load event. Please make sure it has an appropriate `as` value and it is preloaded intentionally. @ http://localhost:3000/master:0
[  244751ms] [WARNING] The resource http://localhost:3000/_next/static/css/app/layout.css?v=1777587543773 was preloaded using link preload but not used within a few seconds from the window's load event. Please make sure it has an appropriate `as` value and it is preloaded intentionally. @ http://localhost:3000/master:0
[  244751ms] [WARNING] The resource http://localhost:3000/_next/static/css/app/layout.css?v=1777587669361 was preloaded using link preload but not used within a few seconds from the window's load event. Please make sure it has an appropriate `as` value and it is preloaded intentionally. @ http://localhost:3000/master:0
[  244751ms] [WARNING] The resource http://localhost:3000/_next/static/css/app/layout.css?v=1777587550250 was preloaded using link preload but not used within a few seconds from the window's load event. Please make sure it has an appropriate `as` value and it is preloaded intentionally. @ http://localhost:3000/master:0
[  244751ms] [WARNING] The resource http://localhost:3000/_next/static/css/app/layout.css?v=1777587565861 was preloaded using link preload but not used within a few seconds from the window's load event. Please make sure it has an appropriate `as` value and it is preloaded intentionally. @ http://localhost:3000/master:0
[  244751ms] [WARNING] The resource http://localhost:3000/_next/static/css/app/layout.css?v=1777587668962 was preloaded using link preload but not used within a few seconds from the window's load event. Please make sure it has an appropriate `as` value and it is preloaded intentionally. @ http://localhost:3000/master:0
[  244751ms] [WARNING] The resource http://localhost:3000/_next/static/css/app/layout.css?v=1777587563274 was preloaded using link preload but not used within a few seconds from the window's load event. Please make sure it has an appropriate `as` value and it is preloaded intentionally. @ http://localhost:3000/master:0
[  244751ms] [WARNING] The resource http://localhost:3000/_next/static/css/app/layout.css?v=1777587553242 was preloaded using link preload but not used within a few seconds from the window's load event. Please make sure it has an appropriate `as` value and it is preloaded intentionally. @ http://localhost:3000/master:0
[  244751ms] [WARNING] The resource http://localhost:3000/_next/static/css/app/layout.css?v=1777587682756 was preloaded using link preload but not used within a few seconds from the window's load event. Please make sure it has an appropriate `as` value and it is preloaded intentionally. @ http://localhost:3000/master:0
[  244751ms] [WARNING] The resource http://localhost:3000/_next/static/css/app/layout.css?v=1777587671226 was preloaded using link preload but not used within a few seconds from the window's load event. Please make sure it has an appropriate `as` value and it is preloaded intentionally. @ http://localhost:3000/master:0
[  244751ms] [WARNING] The resource http://localhost:3000/_next/static/css/app/layout.css?v=1777587662695 was preloaded using link preload but not used within a few seconds from the window's load event. Please make sure it has an appropriate `as` value and it is preloaded intentionally. @ http://localhost:3000/master:0
[  244751ms] [WARNING] The resource http://localhost:3000/_next/static/css/app/layout.css?v=1777587664859 was preloaded using link preload but not used within a few seconds from the window's load event. Please make sure it has an appropriate `as` value and it is preloaded intentionally. @ http://localhost:3000/master:0
[  244751ms] [WARNING] The resource http://localhost:3000/_next/static/css/app/layout.css?v=1777587540732 was preloaded using link preload but not used within a few seconds from the window's load event. Please make sure it has an appropriate `as` value and it is preloaded intentionally. @ http://localhost:3000/master:0
[  244751ms] [WARNING] The resource http://localhost:3000/_next/static/css/app/layout.css?v=1777587544632 was preloaded using link preload but not used within a few seconds from the window's load event. Please make sure it has an appropriate `as` value and it is preloaded intentionally. @ http://localhost:3000/master:0
[  244751ms] [WARNING] The resource http://localhost:3000/_next/static/css/app/layout.css?v=1777587667893 was preloaded using link preload but not used within a few seconds from the window's load event. Please make sure it has an appropriate `as` value and it is preloaded intentionally. @ http://localhost:3000/master:0
[  244751ms] [WARNING] The resource http://localhost:3000/_next/static/css/app/layout.css?v=1777587686210 was preloaded using link preload but not used within a few seconds from the window's load event. Please make sure it has an appropriate `as` value and it is preloaded intentionally. @ http://localhost:3000/master:0
[  244751ms] [WARNING] The resource http://localhost:3000/_next/static/css/app/layout.css?v=1777587540112 was preloaded using link preload but not used within a few seconds from the window's load event. Please make sure it has an appropriate `as` value and it is preloaded intentionally. @ http://localhost:3000/master:0
[  244751ms] [WARNING] The resource http://localhost:3000/_next/static/css/app/layout.css?v=1777587670417 was preloaded using link preload but not used within a few seconds from the window's load event. Please make sure it has an appropriate `as` value and it is preloaded intentionally. @ http://localhost:3000/master:0
[  244751ms] [WARNING] The resource http://localhost:3000/_next/static/css/app/layout.css?v=1777587540386 was preloaded using link preload but not used within a few seconds from the window's load event. Please make sure it has an appropriate `as` value and it is preloaded intentionally. @ http://localhost:3000/master:0
[  244751ms] [WARNING] The resource http://localhost:3000/_next/static/css/app/layout.css?v=1777587546459 was preloaded using link preload but not used within a few seconds from the window's load event. Please make sure it has an appropriate `as` value and it is preloaded intentionally. @ http://localhost:3000/master:0
[  244751ms] [WARNING] The resource http://localhost:3000/_next/static/css/app/layout.css?v=1777587541946 was preloaded using link preload but not used within a few seconds from the window's load event. Please make sure it has an appropriate `as` value and it is preloaded intentionally. @ http://localhost:3000/master:0
[  244751ms] [WARNING] The resource http://localhost:3000/_next/static/css/app/layout.css?v=1777587555667 was preloaded using link preload but not used within a few seconds from the window's load event. Please make sure it has an appropriate `as` value and it is preloaded intentionally. @ http://localhost:3000/master:0
[  244751ms] [WARNING] The resource http://localhost:3000/_next/static/css/app/layout.css?v=1777587659696 was preloaded using link preload but not used within a few seconds from the window's load event. Please make sure it has an appropriate `as` value and it is preloaded intentionally. @ http://localhost:3000/master:0
[  244751ms] [WARNING] The resource http://localhost:3000/_next/static/css/app/layout.css?v=1777587679959 was preloaded using link preload but not used within a few seconds from the window's load event. Please make sure it has an appropriate `as` value and it is preloaded intentionally. @ http://localhost:3000/master:0
[  244751ms] [WARNING] The resource http://localhost:3000/_next/static/css/app/layout.css?v=1777587753184 was preloaded using link preload but not used within a few seconds from the window's load event. Please make sure it has an appropriate `as` value and it is preloaded intentionally. @ http://localhost:3000/master:0
[  244751ms] [WARNING] The resource http://localhost:3000/_next/static/css/app/layout.css?v=1777587553871 was preloaded using link preload but not used within a few seconds from the window's load event. Please make sure it has an appropriate `as` value and it is preloaded intentionally. @ http://localhost:3000/master:0
[  244751ms] [WARNING] The resource http://localhost:3000/_next/static/css/app/layout.css?v=1777587667553 was preloaded using link preload but not used within a few seconds from the window's load event. Please make sure it has an appropriate `as` value and it is preloaded intentionally. @ http://localhost:3000/master:0
[  244751ms] [WARNING] The resource http://localhost:3000/_next/static/css/app/layout.css?v=1777587543979 was preloaded using link preload but not used within a few seconds from the window's load event. Please make sure it has an appropriate `as` value and it is preloaded intentionally. @ http://localhost:3000/master:0
[  244751ms] [WARNING] The resource http://localhost:3000/_next/static/css/app/layout.css?v=1777587732848 was preloaded using link preload but not used within a few seconds from the window's load event. Please make sure it has an appropriate `as` value and it is preloaded intentionally. @ http://localhost:3000/master:0
[  244751ms] [WARNING] The resource http://localhost:3000/_next/static/css/app/layout.css?v=1777587666451 was preloaded using link preload but not used within a few seconds from the window's load event. Please make sure it has an appropriate `as` value and it is preloaded intentionally. @ http://localhost:3000/master:0
[  244752ms] [WARNING] The resource http://localhost:3000/_next/static/css/app/layout.css?v=1777587543545 was preloaded using link preload but not used within a few seconds from the window's load event. Please make sure it has an appropriate `as` value and it is preloaded intentionally. @ http://localhost:3000/master:0
[  244752ms] [WARNING] The resource http://localhost:3000/_next/static/css/app/layout.css?v=1777587766918 was preloaded using link preload but not used within a few seconds from the window's load event. Please make sure it has an appropriate `as` value and it is preloaded intentionally. @ http://localhost:3000/master:0
[  244752ms] [WARNING] The resource http://localhost:3000/_next/static/css/app/layout.css?v=1777587683207 was preloaded using link preload but not used within a few seconds from the window's load event. Please make sure it has an appropriate `as` value and it is preloaded intentionally. @ http://localhost:3000/master:0
[  244752ms] [WARNING] The resource http://localhost:3000/_next/static/css/app/layout.css?v=1777587764557 was preloaded using link preload but not used within a few seconds from the window's load event. Please make sure it has an appropriate `as` value and it is preloaded intentionally. @ http://localhost:3000/master:0
[  244752ms] [WARNING] The resource http://localhost:3000/_next/static/css/app/layout.css?v=1777587541315 was preloaded using link preload but not used within a few seconds from the window's load event. Please make sure it has an appropriate `as` value and it is preloaded intentionally. @ http://localhost:3000/master:0
[  244752ms] [WARNING] The resource http://localhost:3000/_next/static/css/app/layout.css?v=1777587544468 was preloaded using link preload but not used within a few seconds from the window's load event. Please make sure it has an appropriate `as` value and it is preloaded intentionally. @ http://localhost:3000/master:0
[  244752ms] [WARNING] The resource http://localhost:3000/_next/static/css/app/layout.css?v=1777587684267 was preloaded using link preload but not used within a few seconds from the window's load event. Please make sure it has an appropriate `as` value and it is preloaded intentionally. @ http://localhost:3000/master:0
[  244752ms] [WARNING] The resource http://localhost:3000/_next/static/css/app/layout.css?v=1777587659017 was preloaded using link preload but not used within a few seconds from the window's load event. Please make sure it has an appropriate `as` value and it is preloaded intentionally. @ http://localhost:3000/master:0
[  244752ms] [WARNING] The resource http://localhost:3000/_next/static/css/app/layout.css?v=1777587670005 was preloaded using link preload but not used within a few seconds from the window's load event. Please make sure it has an appropriate `as` value and it is preloaded intentionally. @ http://localhost:3000/master:0
[  244752ms] [WARNING] The resource http://localhost:3000/_next/static/css/app/layout.css?v=1777587771797 was preloaded using link preload but not used within a few seconds from the window's load event. Please make sure it has an appropriate `as` value and it is preloaded intentionally. @ http://localhost:3000/master:0
[  244752ms] [WARNING] The resource http://localhost:3000/_next/static/css/app/layout.css?v=1777587665423 was preloaded using link preload but not used within a few seconds from the window's load event. Please make sure it has an appropriate `as` value and it is preloaded intentionally. @ http://localhost:3000/master:0
[  244752ms] [WARNING] The resource http://localhost:3000/_next/static/css/app/layout.css?v=1777587553506 was preloaded using link preload but not used within a few seconds from the window's load event. Please make sure it has an appropriate `as` value and it is preloaded intentionally. @ http://localhost:3000/master:0
[  244752ms] [WARNING] The resource http://localhost:3000/_next/static/css/app/layout.css?v=1777587552088 was preloaded using link preload but not used within a few seconds from the window's load event. Please make sure it has an appropriate `as` value and it is preloaded intentionally. @ http://localhost:3000/master:0
[  244752ms] [WARNING] The resource http://localhost:3000/_next/static/css/app/layout.css?v=1777587666810 was preloaded using link preload but not used within a few seconds from the window's load event. Please make sure it has an appropriate `as` value and it is preloaded intentionally. @ http://localhost:3000/master:0
[  244752ms] [WARNING] The resource http://localhost:3000/_next/static/css/app/layout.css?v=1777587551202 was preloaded using link preload but not used within a few seconds from the window's load event. Please make sure it has an appropriate `as` value and it is preloaded intentionally. @ http://localhost:3000/master:0
[  244752ms] [WARNING] The resource http://localhost:3000/_next/static/css/app/layout.css?v=1777587564918 was preloaded using link preload but not used within a few seconds from the window's load event. Please make sure it has an appropriate `as` value and it is preloaded intentionally. @ http://localhost:3000/master:0
[  244752ms] [WARNING] The resource http://localhost:3000/_next/static/css/app/layout.css?v=1777587654852 was preloaded using link preload but not used within a few seconds from the window's load event. Please make sure it has an appropriate `as` value and it is preloaded intentionally. @ http://localhost:3000/master:0
[  251381ms] [LOG] [Fast Refresh] rebuilding @ webpack-internal:///(app-pages-browser)/./node_modules/.pnpm/next@15.5.14_@babel+core@7.29.0_@playwright+test@1.52.0_react-dom@19.1.0_react@19.1.0__react@19.1.0/node_modules/next/dist/client/dev/hot-reloader/app/hot-reloader-app.js:196
[  252559ms] [LOG] [Fast Refresh] done in 1179ms @ webpack-internal:///(app-pages-browser)/./node_modules/.pnpm/next@15.5.14_@babel+core@7.29.0_@playwright+test@1.52.0_react-dom@19.1.0_react@19.1.0__react@19.1.0/node_modules/next/dist/client/dev/report-hmr-latency.js:13
[  255576ms] [WARNING] The resource http://localhost:3000/_next/static/css/app/layout.css?v=1777587769032 was preloaded using link preload but not used within a few seconds from the window's load event. Please make sure it has an appropriate `as` value and it is preloaded intentionally. @ http://localhost:3000/master:0
[  255577ms] [WARNING] The resource http://localhost:3000/_next/static/css/app/layout.css?v=1777587563975 was preloaded using link preload but not used within a few seconds from the window's load event. Please make sure it has an appropriate `as` value and it is preloaded intentionally. @ http://localhost:3000/master:0
[  255577ms] [WARNING] The resource http://localhost:3000/_next/static/css/app/layout.css?v=1777587681241 was preloaded using link preload but not used within a few seconds from the window's load event. Please make sure it has an appropriate `as` value and it is preloaded intentionally. @ http://localhost:3000/master:0
[  255577ms] [WARNING] The resource http://localhost:3000/_next/static/css/app/layout.css?v=1777587660361 was preloaded using link preload but not used within a few seconds from the window's load event. Please make sure it has an appropriate `as` value and it is preloaded intentionally. @ http://localhost:3000/master:0
[  255577ms] [WARNING] The resource http://localhost:3000/_next/static/css/app/layout.css?v=1777587574582 was preloaded using link preload but not used within a few seconds from the window's load event. Please make sure it has an appropriate `as` value and it is preloaded intentionally. @ http://localhost:3000/master:0
[  255577ms] [WARNING] The resource http://localhost:3000/_next/static/css/app/layout.css?v=1777587656291 was preloaded using link preload but not used within a few seconds from the window's load event. Please make sure it has an appropriate `as` value and it is preloaded intentionally. @ http://localhost:3000/master:0
[  255577ms] [WARNING] The resource http://localhost:3000/_next/static/css/app/layout.css?v=1777587668602 was preloaded using link preload but not used within a few seconds from the window's load event. Please make sure it has an appropriate `as` value and it is preloaded intentionally. @ http://localhost:3000/master:0
[  255577ms] [WARNING] The resource http://localhost:3000/_next/static/css/app/layout.css?v=1777587673183 was preloaded using link preload but not used within a few seconds from the window's load event. Please make sure it has an appropriate `as` value and it is preloaded intentionally. @ http://localhost:3000/master:0
[  255577ms] [WARNING] The resource http://localhost:3000/_next/static/css/app/layout.css?v=1777587667295 was preloaded using link preload but not used within a few seconds from the window's load event. Please make sure it has an appropriate `as` value and it is preloaded intentionally. @ http://localhost:3000/master:0
[  255577ms] [WARNING] The resource http://localhost:3000/_next/static/css/app/layout.css?v=1777587550906 was preloaded using link preload but not used within a few seconds from the window's load event. Please make sure it has an appropriate `as` value and it is preloaded intentionally. @ http://localhost:3000/master:0
[  255577ms] [WARNING] The resource http://localhost:3000/_next/static/css/app/layout.css?v=1777587564426 was preloaded using link preload but not used within a few seconds from the window's load event. Please make sure it has an appropriate `as` value and it is preloaded intentionally. @ http://localhost:3000/master:0
[  255577ms] [WARNING] The resource http://localhost:3000/_next/static/css/app/layout.css?v=1777587715289 was preloaded using link preload but not used within a few seconds from the window's load event. Please make sure it has an appropriate `as` value and it is preloaded intentionally. @ http://localhost:3000/master:0
[  255577ms] [WARNING] The resource http://localhost:3000/_next/static/css/app/layout.css?v=1777587668838 was preloaded using link preload but not used within a few seconds from the window's load event. Please make sure it has an appropriate `as` value and it is preloaded intentionally. @ http://localhost:3000/master:0
[  255577ms] [WARNING] The resource http://localhost:3000/_next/static/css/app/layout.css?v=1777587685430 was preloaded using link preload but not used within a few seconds from the window's load event. Please make sure it has an appropriate `as` value and it is preloaded intentionally. @ http://localhost:3000/master:0
[  255577ms] [WARNING] The resource http://localhost:3000/_next/static/css/app/layout.css?v=1777587683950 was preloaded using link preload but not used within a few seconds from the window's load event. Please make sure it has an appropriate `as` value and it is preloaded intentionally. @ http://localhost:3000/master:0
[  255577ms] [WARNING] The resource http://localhost:3000/_next/static/css/app/layout.css?v=1777587569598 was preloaded using link preload but not used within a few seconds from the window's load event. Please make sure it has an appropriate `as` value and it is preloaded intentionally. @ http://localhost:3000/master:0
[  255577ms] [WARNING] The resource http://localhost:3000/_next/static/css/app/layout.css?v=1777587538629 was preloaded using link preload but not used within a few seconds from the window's load event. Please make sure it has an appropriate `as` value and it is preloaded intentionally. @ http://localhost:3000/master:0
[  255577ms] [WARNING] The resource http://localhost:3000/_next/static/css/app/layout.css?v=1777587685125 was preloaded using link preload but not used within a few seconds from the window's load event. Please make sure it has an appropriate `as` value and it is preloaded intentionally. @ http://localhost:3000/master:0
[  255577ms] [WARNING] The resource http://localhost:3000/_next/static/css/app/layout.css?v=1777587593975 was preloaded using link preload but not used within a few seconds from the window's load event. Please make sure it has an appropriate `as` value and it is preloaded intentionally. @ http://localhost:3000/master:0
[  255577ms] [WARNING] The resource http://localhost:3000/_next/static/css/app/layout.css?v=1777587568600 was preloaded using link preload but not used within a few seconds from the window's load event. Please make sure it has an appropriate `as` value and it is preloaded intentionally. @ http://localhost:3000/master:0
[  255577ms] [WARNING] The resource http://localhost:3000/_next/static/css/app/layout.css?v=1777587772905 was preloaded using link preload but not used within a few seconds from the window's load event. Please make sure it has an appropriate `as` value and it is preloaded intentionally. @ http://localhost:3000/master:0
[  255577ms] [WARNING] The resource http://localhost:3000/_next/static/css/app/layout.css?v=1777587589318 was preloaded using link preload but not used within a few seconds from the window's load event. Please make sure it has an appropriate `as` value and it is preloaded intentionally. @ http://localhost:3000/master:0
[  255577ms] [WARNING] The resource http://localhost:3000/_next/static/css/app/layout.css?v=1777587664206 was preloaded using link preload but not used within a few seconds from the window's load event. Please make sure it has an appropriate `as` value and it is preloaded intentionally. @ http://localhost:3000/master:0
[  255577ms] [WARNING] The resource http://localhost:3000/_next/static/css/app/layout.css?v=1777587744395 was preloaded using link preload but not used within a few seconds from the window's load event. Please make sure it has an appropriate `as` value and it is preloaded intentionally. @ http://localhost:3000/master:0
[  255578ms] [WARNING] The resource http://localhost:3000/_next/static/css/app/layout.css?v=1777587539626 was preloaded using link preload but not used within a few seconds from the window's load event. Please make sure it has an appropriate `as` value and it is preloaded intentionally. @ http://localhost:3000/master:0
[  255578ms] [WARNING] The resource http://localhost:3000/_next/static/css/app/layout.css?v=1777587657807 was preloaded using link preload but not used within a few seconds from the window's load event. Please make sure it has an appropriate `as` value and it is preloaded intentionally. @ http://localhost:3000/master:0
[  255578ms] [WARNING] The resource http://localhost:3000/_next/static/css/app/layout.css?v=1777587547068 was preloaded using link preload but not used within a few seconds from the window's load event. Please make sure it has an appropriate `as` value and it is preloaded intentionally. @ http://localhost:3000/master:0
[  255578ms] [WARNING] The resource http://localhost:3000/_next/static/css/app/layout.css?v=1777587548248 was preloaded using link preload but not used within a few seconds from the window's load event. Please make sure it has an appropriate `as` value and it is preloaded intentionally. @ http://localhost:3000/master:0
[  255578ms] [WARNING] The resource http://localhost:3000/_next/static/css/app/layout.css?v=1777587724027 was preloaded using link preload but not used within a few seconds from the window's load event. Please make sure it has an appropriate `as` value and it is preloaded intentionally. @ http://localhost:3000/master:0
[  255578ms] [WARNING] The resource http://localhost:3000/_next/static/css/app/layout.css?v=1777587552495 was preloaded using link preload but not used within a few seconds from the window's load event. Please make sure it has an appropriate `as` value and it is preloaded intentionally. @ http://localhost:3000/master:0
[  255578ms] [WARNING] The resource http://localhost:3000/_next/static/css/app/layout.css?v=1777587665867 was preloaded using link preload but not used within a few seconds from the window's load event. Please make sure it has an appropriate `as` value and it is preloaded intentionally. @ http://localhost:3000/master:0
[  255578ms] [WARNING] The resource http://localhost:3000/_next/static/css/app/layout.css?v=1777587667061 was preloaded using link preload but not used within a few seconds from the window's load event. Please make sure it has an appropriate `as` value and it is preloaded intentionally. @ http://localhost:3000/master:0
[  255578ms] [WARNING] The resource http://localhost:3000/_next/static/css/app/layout.css?v=1777587670729 was preloaded using link preload but not used within a few seconds from the window's load event. Please make sure it has an appropriate `as` value and it is preloaded intentionally. @ http://localhost:3000/master:0
[  255578ms] [WARNING] The resource http://localhost:3000/_next/static/css/app/layout.css?v=1777587549727 was preloaded using link preload but not used within a few seconds from the window's load event. Please make sure it has an appropriate `as` value and it is preloaded intentionally. @ http://localhost:3000/master:0
[  255578ms] [WARNING] The resource http://localhost:3000/_next/static/css/app/layout.css?v=1777587544234 was preloaded using link preload but not used within a few seconds from the window's load event. Please make sure it has an appropriate `as` value and it is preloaded intentionally. @ http://localhost:3000/master:0
[  255578ms] [WARNING] The resource http://localhost:3000/_next/static/css/app/layout.css?v=1777587553010 was preloaded using link preload but not used within a few seconds from the window's load event. Please make sure it has an appropriate `as` value and it is preloaded intentionally. @ http://localhost:3000/master:0
[  255578ms] [WARNING] The resource http://localhost:3000/_next/static/css/app/layout.css?v=1777587550607 was preloaded using link preload but not used within a few seconds from the window's load event. Please make sure it has an appropriate `as` value and it is preloaded intentionally. @ http://localhost:3000/master:0
[  255578ms] [WARNING] The resource http://localhost:3000/_next/static/css/app/layout.css?v=1777587652693 was preloaded using link preload but not used within a few seconds from the window's load event. Please make sure it has an appropriate `as` value and it is preloaded intentionally. @ http://localhost:3000/master:0
[  255578ms] [WARNING] The resource http://localhost:3000/_next/static/css/app/layout.css?v=1777587554295 was preloaded using link preload but not used within a few seconds from the window's load event. Please make sure it has an appropriate `as` value and it is preloaded intentionally. @ http://localhost:3000/master:0
[  255578ms] [WARNING] The resource http://localhost:3000/_next/static/css/app/layout.css?v=1777587567351 was preloaded using link preload but not used within a few seconds from the window's load event. Please make sure it has an appropriate `as` value and it is preloaded intentionally. @ http://localhost:3000/master:0
[  255578ms] [WARNING] The resource http://localhost:3000/_next/static/css/app/layout.css?v=1777587684852 was preloaded using link preload but not used within a few seconds from the window's load event. Please make sure it has an appropriate `as` value and it is preloaded intentionally. @ http://localhost:3000/master:0
[  255578ms] [WARNING] The resource http://localhost:3000/_next/static/css/app/layout.css?v=1777587562251 was preloaded using link preload but not used within a few seconds from the window's load event. Please make sure it has an appropriate `as` value and it is preloaded intentionally. @ http://localhost:3000/master:0
[  255578ms] [WARNING] The resource http://localhost:3000/_next/static/css/app/layout.css?v=1777587663717 was preloaded using link preload but not used within a few seconds from the window's load event. Please make sure it has an appropriate `as` value and it is preloaded intentionally. @ http://localhost:3000/master:0
[  255579ms] [WARNING] The resource http://localhost:3000/_next/static/css/app/layout.css?v=1777587677347 was preloaded using link preload but not used within a few seconds from the window's load event. Please make sure it has an appropriate `as` value and it is preloaded intentionally. @ http://localhost:3000/master:0
[  255579ms] [WARNING] The resource http://localhost:3000/_next/static/css/app/layout.css?v=1777587545666 was preloaded using link preload but not used within a few seconds from the window's load event. Please make sure it has an appropriate `as` value and it is preloaded intentionally. @ http://localhost:3000/master:0
[  255579ms] [WARNING] The resource http://localhost:3000/_next/static/css/app/layout.css?v=1777587538266 was preloaded using link preload but not used within a few seconds from the window's load event. Please make sure it has an appropriate `as` value and it is preloaded intentionally. @ http://localhost:3000/master:0
[  255579ms] [WARNING] The resource http://localhost:3000/_next/static/css/app/layout.css?v=1777587669601 was preloaded using link preload but not used within a few seconds from the window's load event. Please make sure it has an appropriate `as` value and it is preloaded intentionally. @ http://localhost:3000/master:0
[  255579ms] [WARNING] The resource http://localhost:3000/_next/static/css/app/layout.css?v=1777587556356 was preloaded using link preload but not used within a few seconds from the window's load event. Please make sure it has an appropriate `as` value and it is preloaded intentionally. @ http://localhost:3000/master:0
[  255579ms] [WARNING] The resource http://localhost:3000/_next/static/css/app/layout.css?v=1777587537585 was preloaded using link preload but not used within a few seconds from the window's load event. Please make sure it has an appropriate `as` value and it is preloaded intentionally. @ http://localhost:3000/master:0
[  255579ms] [WARNING] The resource http://localhost:3000/_next/static/css/app/layout.css?v=1777587540543 was preloaded using link preload but not used within a few seconds from the window's load event. Please make sure it has an appropriate `as` value and it is preloaded intentionally. @ http://localhost:3000/master:0
[  255579ms] [WARNING] The resource http://localhost:3000/_next/static/css/app/layout.css?v=1777587543347 was preloaded using link preload but not used within a few seconds from the window's load event. Please make sure it has an appropriate `as` value and it is preloaded intentionally. @ http://localhost:3000/master:0
[  255579ms] [WARNING] The resource http://localhost:3000/_next/static/css/app/layout.css?v=1777587730363 was preloaded using link preload but not used within a few seconds from the window's load event. Please make sure it has an appropriate `as` value and it is preloaded intentionally. @ http://localhost:3000/master:0
[  255579ms] [WARNING] The resource http://localhost:3000/_next/static/css/app/layout.css?v=1777587552755 was preloaded using link preload but not used within a few seconds from the window's load event. Please make sure it has an appropriate `as` value and it is preloaded intentionally. @ http://localhost:3000/master:0
[  255579ms] [WARNING] The resource http://localhost:3000/_next/static/css/app/layout.css?v=1777587543147 was preloaded using link preload but not used within a few seconds from the window's load event. Please make sure it has an appropriate `as` value and it is preloaded intentionally. @ http://localhost:3000/master:0
[  255579ms] [WARNING] The resource http://localhost:3000/_next/static/css/app/layout.css?v=1777587546843 was preloaded using link preload but not used within a few seconds from the window's load event. Please make sure it has an appropriate `as` value and it is preloaded intentionally. @ http://localhost:3000/master:0
[  255579ms] [WARNING] The resource http://localhost:3000/_next/static/css/app/layout.css?v=1777587543773 was preloaded using link preload but not used within a few seconds from the window's load event. Please make sure it has an appropriate `as` value and it is preloaded intentionally. @ http://localhost:3000/master:0
[  255579ms] [WARNING] The resource http://localhost:3000/_next/static/css/app/layout.css?v=1777587669361 was preloaded using link preload but not used within a few seconds from the window's load event. Please make sure it has an appropriate `as` value and it is preloaded intentionally. @ http://localhost:3000/master:0
[  255579ms] [WARNING] The resource http://localhost:3000/_next/static/css/app/layout.css?v=1777587550250 was preloaded using link preload but not used within a few seconds from the window's load event. Please make sure it has an appropriate `as` value and it is preloaded intentionally. @ http://localhost:3000/master:0
[  255579ms] [WARNING] The resource http://localhost:3000/_next/static/css/app/layout.css?v=1777587565861 was preloaded using link preload but not used within a few seconds from the window's load event. Please make sure it has an appropriate `as` value and it is preloaded intentionally. @ http://localhost:3000/master:0
[  255579ms] [WARNING] The resource http://localhost:3000/_next/static/css/app/layout.css?v=1777587668962 was preloaded using link preload but not used within a few seconds from the window's load event. Please make sure it has an appropriate `as` value and it is preloaded intentionally. @ http://localhost:3000/master:0
[  255579ms] [WARNING] The resource http://localhost:3000/_next/static/css/app/layout.css?v=1777587563274 was preloaded using link preload but not used within a few seconds from the window's load event. Please make sure it has an appropriate `as` value and it is preloaded intentionally. @ http://localhost:3000/master:0
[  255579ms] [WARNING] The resource http://localhost:3000/_next/static/css/app/layout.css?v=1777587553242 was preloaded using link preload but not used within a few seconds from the window's load event. Please make sure it has an appropriate `as` value and it is preloaded intentionally. @ http://localhost:3000/master:0
[  255579ms] [WARNING] The resource http://localhost:3000/_next/static/css/app/layout.css?v=1777587682756 was preloaded using link preload but not used within a few seconds from the window's load event. Please make sure it has an appropriate `as` value and it is preloaded intentionally. @ http://localhost:3000/master:0
[  255579ms] [WARNING] The resource http://localhost:3000/_next/static/css/app/layout.css?v=1777587671226 was preloaded using link preload but not used within a few seconds from the window's load event. Please make sure it has an appropriate `as` value and it is preloaded intentionally. @ http://localhost:3000/master:0
[  255579ms] [WARNING] The resource http://localhost:3000/_next/static/css/app/layout.css?v=1777587662695 was preloaded using link preload but not used within a few seconds from the window's load event. Please make sure it has an appropriate `as` value and it is preloaded intentionally. @ http://localhost:3000/master:0
[  255579ms] [WARNING] The resource http://localhost:3000/_next/static/css/app/layout.css?v=1777587664859 was preloaded using link preload but not used within a few seconds from the window's load event. Please make sure it has an appropriate `as` value and it is preloaded intentionally. @ http://localhost:3000/master:0
[  255579ms] [WARNING] The resource http://localhost:3000/_next/static/css/app/layout.css?v=1777587540732 was preloaded using link preload but not used within a few seconds from the window's load event. Please make sure it has an appropriate `as` value and it is preloaded intentionally. @ http://localhost:3000/master:0
[  255579ms] [WARNING] The resource http://localhost:3000/_next/static/css/app/layout.css?v=1777587544632 was preloaded using link preload but not used within a few seconds from the window's load event. Please make sure it has an appropriate `as` value and it is preloaded intentionally. @ http://localhost:3000/master:0
[  255579ms] [WARNING] The resource http://localhost:3000/_next/static/css/app/layout.css?v=1777587667893 was preloaded using link preload but not used within a few seconds from the window's load event. Please make sure it has an appropriate `as` value and it is preloaded intentionally. @ http://localhost:3000/master:0
[  255579ms] [WARNING] The resource http://localhost:3000/_next/static/css/app/layout.css?v=1777587686210 was preloaded using link preload but not used within a few seconds from the window's load event. Please make sure it has an appropriate `as` value and it is preloaded intentionally. @ http://localhost:3000/master:0
[  255579ms] [WARNING] The resource http://localhost:3000/_next/static/css/app/layout.css?v=1777587540112 was preloaded using link preload but not used within a few seconds from the window's load event. Please make sure it has an appropriate `as` value and it is preloaded intentionally. @ http://localhost:3000/master:0
[  255579ms] [WARNING] The resource http://localhost:3000/_next/static/css/app/layout.css?v=1777587670417 was preloaded using link preload but not used within a few seconds from the window's load event. Please make sure it has an appropriate `as` value and it is preloaded intentionally. @ http://localhost:3000/master:0
[  255579ms] [WARNING] The resource http://localhost:3000/_next/static/css/app/layout.css?v=1777587540386 was preloaded using link preload but not used within a few seconds from the window's load event. Please make sure it has an appropriate `as` value and it is preloaded intentionally. @ http://localhost:3000/master:0
[  255579ms] [WARNING] The resource http://localhost:3000/_next/static/css/app/layout.css?v=1777587546459 was preloaded using link preload but not used within a few seconds from the window's load event. Please make sure it has an appropriate `as` value and it is preloaded intentionally. @ http://localhost:3000/master:0
[  255579ms] [WARNING] The resource http://localhost:3000/_next/static/css/app/layout.css?v=1777587541946 was preloaded using link preload but not used within a few seconds from the window's load event. Please make sure it has an appropriate `as` value and it is preloaded intentionally. @ http://localhost:3000/master:0
[  255579ms] [WARNING] The resource http://localhost:3000/_next/static/css/app/layout.css?v=1777587555667 was preloaded using link preload but not used within a few seconds from the window's load event. Please make sure it has an appropriate `as` value and it is preloaded intentionally. @ http://localhost:3000/master:0
[  255579ms] [WARNING] The resource http://localhost:3000/_next/static/css/app/layout.css?v=1777587659696 was preloaded using link preload but not used within a few seconds from the window's load event. Please make sure it has an appropriate `as` value and it is preloaded intentionally. @ http://localhost:3000/master:0
[  255579ms] [WARNING] The resource http://localhost:3000/_next/static/css/app/layout.css?v=1777587679959 was preloaded using link preload but not used within a few seconds from the window's load event. Please make sure it has an appropriate `as` value and it is preloaded intentionally. @ http://localhost:3000/master:0
[  255579ms] [WARNING] The resource http://localhost:3000/_next/static/css/app/layout.css?v=1777587753184 was preloaded using link preload but not used within a few seconds from the window's load event. Please make sure it has an appropriate `as` value and it is preloaded intentionally. @ http://localhost:3000/master:0
[  255579ms] [WARNING] The resource http://localhost:3000/_next/static/css/app/layout.css?v=1777587553871 was preloaded using link preload but not used within a few seconds from the window's load event. Please make sure it has an appropriate `as` value and it is preloaded intentionally. @ http://localhost:3000/master:0
[  255579ms] [WARNING] The resource http://localhost:3000/_next/static/css/app/layout.css?v=1777587667553 was preloaded using link preload but not used within a few seconds from the window's load event. Please make sure it has an appropriate `as` value and it is preloaded intentionally. @ http://localhost:3000/master:0
[  255579ms] [WARNING] The resource http://localhost:3000/_next/static/css/app/layout.css?v=1777587543979 was preloaded using link preload but not used within a few seconds from the window's load event. Please make sure it has an appropriate `as` value and it is preloaded intentionally. @ http://localhost:3000/master:0
[  255579ms] [WARNING] The resource http://localhost:3000/_next/static/css/app/layout.css?v=1777587732848 was preloaded using link preload but not used within a few seconds from the window's load event. Please make sure it has an appropriate `as` value and it is preloaded intentionally. @ http://localhost:3000/master:0
[  255579ms] [WARNING] The resource http://localhost:3000/_next/static/css/app/layout.css?v=1777587666451 was preloaded using link preload but not used within a few seconds from the window's load event. Please make sure it has an appropriate `as` value and it is preloaded intentionally. @ http://localhost:3000/master:0
[  255579ms] [WARNING] The resource http://localhost:3000/_next/static/css/app/layout.css?v=1777587543545 was preloaded using link preload but not used within a few seconds from the window's load event. Please make sure it has an appropriate `as` value and it is preloaded intentionally. @ http://localhost:3000/master:0
[  255580ms] [WARNING] The resource http://localhost:3000/_next/static/css/app/layout.css?v=1777587766918 was preloaded using link preload but not used within a few seconds from the window's load event. Please make sure it has an appropriate `as` value and it is preloaded intentionally. @ http://localhost:3000/master:0
[  255580ms] [WARNING] The resource http://localhost:3000/_next/static/css/app/layout.css?v=1777587683207 was preloaded using link preload but not used within a few seconds from the window's load event. Please make sure it has an appropriate `as` value and it is preloaded intentionally. @ http://localhost:3000/master:0
[  255580ms] [WARNING] The resource http://localhost:3000/_next/static/css/app/layout.css?v=1777587764557 was preloaded using link preload but not used within a few seconds from the window's load event. Please make sure it has an appropriate `as` value and it is preloaded intentionally. @ http://localhost:3000/master:0
[  255580ms] [WARNING] The resource http://localhost:3000/_next/static/css/app/layout.css?v=1777587541315 was preloaded using link preload but not used within a few seconds from the window's load event. Please make sure it has an appropriate `as` value and it is preloaded intentionally. @ http://localhost:3000/master:0
[  255580ms] [WARNING] The resource http://localhost:3000/_next/static/css/app/layout.css?v=1777587544468 was preloaded using link preload but not used within a few seconds from the window's load event. Please make sure it has an appropriate `as` value and it is preloaded intentionally. @ http://localhost:3000/master:0
[  255580ms] [WARNING] The resource http://localhost:3000/_next/static/css/app/layout.css?v=1777587684267 was preloaded using link preload but not used within a few seconds from the window's load event. Please make sure it has an appropriate `as` value and it is preloaded intentionally. @ http://localhost:3000/master:0
[  255580ms] [WARNING] The resource http://localhost:3000/_next/static/css/app/layout.css?v=1777587659017 was preloaded using link preload but not used within a few seconds from the window's load event. Please make sure it has an appropriate `as` value and it is preloaded intentionally. @ http://localhost:3000/master:0
[  255580ms] [WARNING] The resource http://localhost:3000/_next/static/css/app/layout.css?v=1777587670005 was preloaded using link preload but not used within a few seconds from the window's load event. Please make sure it has an appropriate `as` value and it is preloaded intentionally. @ http://localhost:3000/master:0
[  255580ms] [WARNING] The resource http://localhost:3000/_next/static/css/app/layout.css?v=1777587771797 was preloaded using link preload but not used within a few seconds from the window's load event. Please make sure it has an appropriate `as` value and it is preloaded intentionally. @ http://localhost:3000/master:0
[  255580ms] [WARNING] The resource http://localhost:3000/_next/static/css/app/layout.css?v=1777587665423 was preloaded using link preload but not used within a few seconds from the window's load event. Please make sure it has an appropriate `as` value and it is preloaded intentionally. @ http://localhost:3000/master:0
[  255580ms] [WARNING] The resource http://localhost:3000/_next/static/css/app/layout.css?v=1777587553506 was preloaded using link preload but not used within a few seconds from the window's load event. Please make sure it has an appropriate `as` value and it is preloaded intentionally. @ http://localhost:3000/master:0
[  255580ms] [WARNING] The resource http://localhost:3000/_next/static/css/app/layout.css?v=1777587552088 was preloaded using link preload but not used within a few seconds from the window's load event. Please make sure it has an appropriate `as` value and it is preloaded intentionally. @ http://localhost:3000/master:0
[  255580ms] [WARNING] The resource http://localhost:3000/_next/static/css/app/layout.css?v=1777587666810 was preloaded using link preload but not used within a few seconds from the window's load event. Please make sure it has an appropriate `as` value and it is preloaded intentionally. @ http://localhost:3000/master:0
[  255580ms] [WARNING] The resource http://localhost:3000/_next/static/css/app/layout.css?v=1777587551202 was preloaded using link preload but not used within a few seconds from the window's load event. Please make sure it has an appropriate `as` value and it is preloaded intentionally. @ http://localhost:3000/master:0
[  255580ms] [WARNING] The resource http://localhost:3000/_next/static/css/app/layout.css?v=1777587564918 was preloaded using link preload but not used within a few seconds from the window's load event. Please make sure it has an appropriate `as` value and it is preloaded intentionally. @ http://localhost:3000/master:0
[  255580ms] [WARNING] The resource http://localhost:3000/_next/static/css/app/layout.css?v=1777587654852 was preloaded using link preload but not used within a few seconds from the window's load event. Please make sure it has an appropriate `as` value and it is preloaded intentionally. @ http://localhost:3000/master:0
[  258733ms] [LOG] [Fast Refresh] rebuilding @ webpack-internal:///(app-pages-browser)/./node_modules/.pnpm/next@15.5.14_@babel+core@7.29.0_@playwright+test@1.52.0_react-dom@19.1.0_react@19.1.0__react@19.1.0/node_modules/next/dist/client/dev/hot-reloader/app/hot-reloader-app.js:196
[  259517ms] [LOG] [Fast Refresh] done in 784ms @ webpack-internal:///(app-pages-browser)/./node_modules/.pnpm/next@15.5.14_@babel+core@7.29.0_@playwright+test@1.52.0_react-dom@19.1.0_react@19.1.0__react@19.1.0/node_modules/next/dist/client/dev/report-hmr-latency.js:13
[  262206ms] [LOG] [Fast Refresh] rebuilding @ webpack-internal:///(app-pages-browser)/./node_modules/.pnpm/next@15.5.14_@babel+core@7.29.0_@playwright+test@1.52.0_react-dom@19.1.0_react@19.1.0__react@19.1.0/node_modules/next/dist/client/dev/hot-reloader/app/hot-reloader-app.js:196
[  263247ms] [LOG] [Fast Refresh] done in 1041ms @ webpack-internal:///(app-pages-browser)/./node_modules/.pnpm/next@15.5.14_@babel+core@7.29.0_@playwright+test@1.52.0_react-dom@19.1.0_react@19.1.0__react@19.1.0/node_modules/next/dist/client/dev/report-hmr-latency.js:13
[  266677ms] [WARNING] The resource http://localhost:3000/_next/static/css/app/layout.css?v=1777587769032 was preloaded using link preload but not used within a few seconds from the window's load event. Please make sure it has an appropriate `as` value and it is preloaded intentionally. @ http://localhost:3000/master:0
[  266677ms] [WARNING] The resource http://localhost:3000/_next/static/css/app/layout.css?v=1777587563975 was preloaded using link preload but not used within a few seconds from the window's load event. Please make sure it has an appropriate `as` value and it is preloaded intentionally. @ http://localhost:3000/master:0
[  266677ms] [WARNING] The resource http://localhost:3000/_next/static/css/app/layout.css?v=1777587681241 was preloaded using link preload but not used within a few seconds from the window's load event. Please make sure it has an appropriate `as` value and it is preloaded intentionally. @ http://localhost:3000/master:0
[  266677ms] [WARNING] The resource http://localhost:3000/_next/static/css/app/layout.css?v=1777587660361 was preloaded using link preload but not used within a few seconds from the window's load event. Please make sure it has an appropriate `as` value and it is preloaded intentionally. @ http://localhost:3000/master:0
[  266677ms] [WARNING] The resource http://localhost:3000/_next/static/css/app/layout.css?v=1777587789449 was preloaded using link preload but not used within a few seconds from the window's load event. Please make sure it has an appropriate `as` value and it is preloaded intentionally. @ http://localhost:3000/master:0
[  266677ms] [WARNING] The resource http://localhost:3000/_next/static/css/app/layout.css?v=1777587574582 was preloaded using link preload but not used within a few seconds from the window's load event. Please make sure it has an appropriate `as` value and it is preloaded intentionally. @ http://localhost:3000/master:0
[  266677ms] [WARNING] The resource http://localhost:3000/_next/static/css/app/layout.css?v=1777587656291 was preloaded using link preload but not used within a few seconds from the window's load event. Please make sure it has an appropriate `as` value and it is preloaded intentionally. @ http://localhost:3000/master:0
[  266677ms] [WARNING] The resource http://localhost:3000/_next/static/css/app/layout.css?v=1777587668602 was preloaded using link preload but not used within a few seconds from the window's load event. Please make sure it has an appropriate `as` value and it is preloaded intentionally. @ http://localhost:3000/master:0
[  266677ms] [WARNING] The resource http://localhost:3000/_next/static/css/app/layout.css?v=1777587673183 was preloaded using link preload but not used within a few seconds from the window's load event. Please make sure it has an appropriate `as` value and it is preloaded intentionally. @ http://localhost:3000/master:0
[  266677ms] [WARNING] The resource http://localhost:3000/_next/static/css/app/layout.css?v=1777587667295 was preloaded using link preload but not used within a few seconds from the window's load event. Please make sure it has an appropriate `as` value and it is preloaded intentionally. @ http://localhost:3000/master:0
[  266677ms] [WARNING] The resource http://localhost:3000/_next/static/css/app/layout.css?v=1777587550906 was preloaded using link preload but not used within a few seconds from the window's load event. Please make sure it has an appropriate `as` value and it is preloaded intentionally. @ http://localhost:3000/master:0
[  266677ms] [WARNING] The resource http://localhost:3000/_next/static/css/app/layout.css?v=1777587564426 was preloaded using link preload but not used within a few seconds from the window's load event. Please make sure it has an appropriate `as` value and it is preloaded intentionally. @ http://localhost:3000/master:0
[  266677ms] [WARNING] The resource http://localhost:3000/_next/static/css/app/layout.css?v=1777587715289 was preloaded using link preload but not used within a few seconds from the window's load event. Please make sure it has an appropriate `as` value and it is preloaded intentionally. @ http://localhost:3000/master:0
[  266677ms] [WARNING] The resource http://localhost:3000/_next/static/css/app/layout.css?v=1777587668838 was preloaded using link preload but not used within a few seconds from the window's load event. Please make sure it has an appropriate `as` value and it is preloaded intentionally. @ http://localhost:3000/master:0
[  266677ms] [WARNING] The resource http://localhost:3000/_next/static/css/app/layout.css?v=1777587685430 was preloaded using link preload but not used within a few seconds from the window's load event. Please make sure it has an appropriate `as` value and it is preloaded intentionally. @ http://localhost:3000/master:0
[  266677ms] [WARNING] The resource http://localhost:3000/_next/static/css/app/layout.css?v=1777587683950 was preloaded using link preload but not used within a few seconds from the window's load event. Please make sure it has an appropriate `as` value and it is preloaded intentionally. @ http://localhost:3000/master:0
[  266677ms] [WARNING] The resource http://localhost:3000/_next/static/css/app/layout.css?v=1777587569598 was preloaded using link preload but not used within a few seconds from the window's load event. Please make sure it has an appropriate `as` value and it is preloaded intentionally. @ http://localhost:3000/master:0
[  266677ms] [WARNING] The resource http://localhost:3000/_next/static/css/app/layout.css?v=1777587538629 was preloaded using link preload but not used within a few seconds from the window's load event. Please make sure it has an appropriate `as` value and it is preloaded intentionally. @ http://localhost:3000/master:0
[  266677ms] [WARNING] The resource http://localhost:3000/_next/static/css/app/layout.css?v=1777587685125 was preloaded using link preload but not used within a few seconds from the window's load event. Please make sure it has an appropriate `as` value and it is preloaded intentionally. @ http://localhost:3000/master:0
[  266677ms] [WARNING] The resource http://localhost:3000/_next/static/css/app/layout.css?v=1777587593975 was preloaded using link preload but not used within a few seconds from the window's load event. Please make sure it has an appropriate `as` value and it is preloaded intentionally. @ http://localhost:3000/master:0
[  266677ms] [WARNING] The resource http://localhost:3000/_next/static/css/app/layout.css?v=1777587568600 was preloaded using link preload but not used within a few seconds from the window's load event. Please make sure it has an appropriate `as` value and it is preloaded intentionally. @ http://localhost:3000/master:0
[  266678ms] [WARNING] The resource http://localhost:3000/_next/static/css/app/layout.css?v=1777587772905 was preloaded using link preload but not used within a few seconds from the window's load event. Please make sure it has an appropriate `as` value and it is preloaded intentionally. @ http://localhost:3000/master:0
[  266678ms] [WARNING] The resource http://localhost:3000/_next/static/css/app/layout.css?v=1777587589318 was preloaded using link preload but not used within a few seconds from the window's load event. Please make sure it has an appropriate `as` value and it is preloaded intentionally. @ http://localhost:3000/master:0
[  266678ms] [WARNING] The resource http://localhost:3000/_next/static/css/app/layout.css?v=1777587664206 was preloaded using link preload but not used within a few seconds from the window's load event. Please make sure it has an appropriate `as` value and it is preloaded intentionally. @ http://localhost:3000/master:0
[  266678ms] [WARNING] The resource http://localhost:3000/_next/static/css/app/layout.css?v=1777587744395 was preloaded using link preload but not used within a few seconds from the window's load event. Please make sure it has an appropriate `as` value and it is preloaded intentionally. @ http://localhost:3000/master:0
[  266678ms] [WARNING] The resource http://localhost:3000/_next/static/css/app/layout.css?v=1777587539626 was preloaded using link preload but not used within a few seconds from the window's load event. Please make sure it has an appropriate `as` value and it is preloaded intentionally. @ http://localhost:3000/master:0
[  266678ms] [WARNING] The resource http://localhost:3000/_next/static/css/app/layout.css?v=1777587657807 was preloaded using link preload but not used within a few seconds from the window's load event. Please make sure it has an appropriate `as` value and it is preloaded intentionally. @ http://localhost:3000/master:0
[  266678ms] [WARNING] The resource http://localhost:3000/_next/static/css/app/layout.css?v=1777587547068 was preloaded using link preload but not used within a few seconds from the window's load event. Please make sure it has an appropriate `as` value and it is preloaded intentionally. @ http://localhost:3000/master:0
[  266678ms] [WARNING] The resource http://localhost:3000/_next/static/css/app/layout.css?v=1777587548248 was preloaded using link preload but not used within a few seconds from the window's load event. Please make sure it has an appropriate `as` value and it is preloaded intentionally. @ http://localhost:3000/master:0
[  266678ms] [WARNING] The resource http://localhost:3000/_next/static/css/app/layout.css?v=1777587724027 was preloaded using link preload but not used within a few seconds from the window's load event. Please make sure it has an appropriate `as` value and it is preloaded intentionally. @ http://localhost:3000/master:0
[  266678ms] [WARNING] The resource http://localhost:3000/_next/static/css/app/layout.css?v=1777587552495 was preloaded using link preload but not used within a few seconds from the window's load event. Please make sure it has an appropriate `as` value and it is preloaded intentionally. @ http://localhost:3000/master:0
[  266678ms] [WARNING] The resource http://localhost:3000/_next/static/css/app/layout.css?v=1777587665867 was preloaded using link preload but not used within a few seconds from the window's load event. Please make sure it has an appropriate `as` value and it is preloaded intentionally. @ http://localhost:3000/master:0
[  266678ms] [WARNING] The resource http://localhost:3000/_next/static/css/app/layout.css?v=1777587667061 was preloaded using link preload but not used within a few seconds from the window's load event. Please make sure it has an appropriate `as` value and it is preloaded intentionally. @ http://localhost:3000/master:0
[  266678ms] [WARNING] The resource http://localhost:3000/_next/static/css/app/layout.css?v=1777587670729 was preloaded using link preload but not used within a few seconds from the window's load event. Please make sure it has an appropriate `as` value and it is preloaded intentionally. @ http://localhost:3000/master:0
[  266678ms] [WARNING] The resource http://localhost:3000/_next/static/css/app/layout.css?v=1777587549727 was preloaded using link preload but not used within a few seconds from the window's load event. Please make sure it has an appropriate `as` value and it is preloaded intentionally. @ http://localhost:3000/master:0
[  266678ms] [WARNING] The resource http://localhost:3000/_next/static/css/app/layout.css?v=1777587544234 was preloaded using link preload but not used within a few seconds from the window's load event. Please make sure it has an appropriate `as` value and it is preloaded intentionally. @ http://localhost:3000/master:0
[  266678ms] [WARNING] The resource http://localhost:3000/_next/static/css/app/layout.css?v=1777587553010 was preloaded using link preload but not used within a few seconds from the window's load event. Please make sure it has an appropriate `as` value and it is preloaded intentionally. @ http://localhost:3000/master:0
[  266678ms] [WARNING] The resource http://localhost:3000/_next/static/css/app/layout.css?v=1777587550607 was preloaded using link preload but not used within a few seconds from the window's load event. Please make sure it has an appropriate `as` value and it is preloaded intentionally. @ http://localhost:3000/master:0
[  266678ms] [WARNING] The resource http://localhost:3000/_next/static/css/app/layout.css?v=1777587652693 was preloaded using link preload but not used within a few seconds from the window's load event. Please make sure it has an appropriate `as` value and it is preloaded intentionally. @ http://localhost:3000/master:0
[  266678ms] [WARNING] The resource http://localhost:3000/_next/static/css/app/layout.css?v=1777587554295 was preloaded using link preload but not used within a few seconds from the window's load event. Please make sure it has an appropriate `as` value and it is preloaded intentionally. @ http://localhost:3000/master:0
[  266678ms] [WARNING] The resource http://localhost:3000/_next/static/css/app/layout.css?v=1777587567351 was preloaded using link preload but not used within a few seconds from the window's load event. Please make sure it has an appropriate `as` value and it is preloaded intentionally. @ http://localhost:3000/master:0
[  266678ms] [WARNING] The resource http://localhost:3000/_next/static/css/app/layout.css?v=1777587684852 was preloaded using link preload but not used within a few seconds from the window's load event. Please make sure it has an appropriate `as` value and it is preloaded intentionally. @ http://localhost:3000/master:0
[  266678ms] [WARNING] The resource http://localhost:3000/_next/static/css/app/layout.css?v=1777587792696 was preloaded using link preload but not used within a few seconds from the window's load event. Please make sure it has an appropriate `as` value and it is preloaded intentionally. @ http://localhost:3000/master:0
[  266678ms] [WARNING] The resource http://localhost:3000/_next/static/css/app/layout.css?v=1777587562251 was preloaded using link preload but not used within a few seconds from the window's load event. Please make sure it has an appropriate `as` value and it is preloaded intentionally. @ http://localhost:3000/master:0
[  266678ms] [WARNING] The resource http://localhost:3000/_next/static/css/app/layout.css?v=1777587663717 was preloaded using link preload but not used within a few seconds from the window's load event. Please make sure it has an appropriate `as` value and it is preloaded intentionally. @ http://localhost:3000/master:0
[  266678ms] [WARNING] The resource http://localhost:3000/_next/static/css/app/layout.css?v=1777587677347 was preloaded using link preload but not used within a few seconds from the window's load event. Please make sure it has an appropriate `as` value and it is preloaded intentionally. @ http://localhost:3000/master:0
[  266678ms] [WARNING] The resource http://localhost:3000/_next/static/css/app/layout.css?v=1777587545666 was preloaded using link preload but not used within a few seconds from the window's load event. Please make sure it has an appropriate `as` value and it is preloaded intentionally. @ http://localhost:3000/master:0
[  266678ms] [WARNING] The resource http://localhost:3000/_next/static/css/app/layout.css?v=1777587538266 was preloaded using link preload but not used within a few seconds from the window's load event. Please make sure it has an appropriate `as` value and it is preloaded intentionally. @ http://localhost:3000/master:0
[  266678ms] [WARNING] The resource http://localhost:3000/_next/static/css/app/layout.css?v=1777587669601 was preloaded using link preload but not used within a few seconds from the window's load event. Please make sure it has an appropriate `as` value and it is preloaded intentionally. @ http://localhost:3000/master:0
[  266678ms] [WARNING] The resource http://localhost:3000/_next/static/css/app/layout.css?v=1777587556356 was preloaded using link preload but not used within a few seconds from the window's load event. Please make sure it has an appropriate `as` value and it is preloaded intentionally. @ http://localhost:3000/master:0
[  266678ms] [WARNING] The resource http://localhost:3000/_next/static/css/app/layout.css?v=1777587537585 was preloaded using link preload but not used within a few seconds from the window's load event. Please make sure it has an appropriate `as` value and it is preloaded intentionally. @ http://localhost:3000/master:0
[  266678ms] [WARNING] The resource http://localhost:3000/_next/static/css/app/layout.css?v=1777587540543 was preloaded using link preload but not used within a few seconds from the window's load event. Please make sure it has an appropriate `as` value and it is preloaded intentionally. @ http://localhost:3000/master:0
[  266678ms] [WARNING] The resource http://localhost:3000/_next/static/css/app/layout.css?v=1777587543347 was preloaded using link preload but not used within a few seconds from the window's load event. Please make sure it has an appropriate `as` value and it is preloaded intentionally. @ http://localhost:3000/master:0
[  266678ms] [WARNING] The resource http://localhost:3000/_next/static/css/app/layout.css?v=1777587730363 was preloaded using link preload but not used within a few seconds from the window's load event. Please make sure it has an appropriate `as` value and it is preloaded intentionally. @ http://localhost:3000/master:0
[  266678ms] [WARNING] The resource http://localhost:3000/_next/static/css/app/layout.css?v=1777587552755 was preloaded using link preload but not used within a few seconds from the window's load event. Please make sure it has an appropriate `as` value and it is preloaded intentionally. @ http://localhost:3000/master:0
[  266679ms] [WARNING] The resource http://localhost:3000/_next/static/css/app/layout.css?v=1777587543147 was preloaded using link preload but not used within a few seconds from the window's load event. Please make sure it has an appropriate `as` value and it is preloaded intentionally. @ http://localhost:3000/master:0
[  266679ms] [WARNING] The resource http://localhost:3000/_next/static/css/app/layout.css?v=1777587546843 was preloaded using link preload but not used within a few seconds from the window's load event. Please make sure it has an appropriate `as` value and it is preloaded intentionally. @ http://localhost:3000/master:0
[  266679ms] [WARNING] The resource http://localhost:3000/_next/static/css/app/layout.css?v=1777587543773 was preloaded using link preload but not used within a few seconds from the window's load event. Please make sure it has an appropriate `as` value and it is preloaded intentionally. @ http://localhost:3000/master:0
[  266679ms] [WARNING] The resource http://localhost:3000/_next/static/css/app/layout.css?v=1777587669361 was preloaded using link preload but not used within a few seconds from the window's load event. Please make sure it has an appropriate `as` value and it is preloaded intentionally. @ http://localhost:3000/master:0
[  266679ms] [WARNING] The resource http://localhost:3000/_next/static/css/app/layout.css?v=1777587550250 was preloaded using link preload but not used within a few seconds from the window's load event. Please make sure it has an appropriate `as` value and it is preloaded intentionally. @ http://localhost:3000/master:0
[  266679ms] [WARNING] The resource http://localhost:3000/_next/static/css/app/layout.css?v=1777587565861 was preloaded using link preload but not used within a few seconds from the window's load event. Please make sure it has an appropriate `as` value and it is preloaded intentionally. @ http://localhost:3000/master:0
[  266679ms] [WARNING] The resource http://localhost:3000/_next/static/css/app/layout.css?v=1777587668962 was preloaded using link preload but not used within a few seconds from the window's load event. Please make sure it has an appropriate `as` value and it is preloaded intentionally. @ http://localhost:3000/master:0
[  266679ms] [WARNING] The resource http://localhost:3000/_next/static/css/app/layout.css?v=1777587563274 was preloaded using link preload but not used within a few seconds from the window's load event. Please make sure it has an appropriate `as` value and it is preloaded intentionally. @ http://localhost:3000/master:0
[  266679ms] [WARNING] The resource http://localhost:3000/_next/static/css/app/layout.css?v=1777587553242 was preloaded using link preload but not used within a few seconds from the window's load event. Please make sure it has an appropriate `as` value and it is preloaded intentionally. @ http://localhost:3000/master:0
[  266679ms] [WARNING] The resource http://localhost:3000/_next/static/css/app/layout.css?v=1777587682756 was preloaded using link preload but not used within a few seconds from the window's load event. Please make sure it has an appropriate `as` value and it is preloaded intentionally. @ http://localhost:3000/master:0
[  266679ms] [WARNING] The resource http://localhost:3000/_next/static/css/app/layout.css?v=1777587671226 was preloaded using link preload but not used within a few seconds from the window's load event. Please make sure it has an appropriate `as` value and it is preloaded intentionally. @ http://localhost:3000/master:0
[  266679ms] [WARNING] The resource http://localhost:3000/_next/static/css/app/layout.css?v=1777587662695 was preloaded using link preload but not used within a few seconds from the window's load event. Please make sure it has an appropriate `as` value and it is preloaded intentionally. @ http://localhost:3000/master:0
[  266679ms] [WARNING] The resource http://localhost:3000/_next/static/css/app/layout.css?v=1777587664859 was preloaded using link preload but not used within a few seconds from the window's load event. Please make sure it has an appropriate `as` value and it is preloaded intentionally. @ http://localhost:3000/master:0
[  266679ms] [WARNING] The resource http://localhost:3000/_next/static/css/app/layout.css?v=1777587540732 was preloaded using link preload but not used within a few seconds from the window's load event. Please make sure it has an appropriate `as` value and it is preloaded intentionally. @ http://localhost:3000/master:0
[  266679ms] [WARNING] The resource http://localhost:3000/_next/static/css/app/layout.css?v=1777587544632 was preloaded using link preload but not used within a few seconds from the window's load event. Please make sure it has an appropriate `as` value and it is preloaded intentionally. @ http://localhost:3000/master:0
[  266679ms] [WARNING] The resource http://localhost:3000/_next/static/css/app/layout.css?v=1777587667893 was preloaded using link preload but not used within a few seconds from the window's load event. Please make sure it has an appropriate `as` value and it is preloaded intentionally. @ http://localhost:3000/master:0
[  266679ms] [WARNING] The resource http://localhost:3000/_next/static/css/app/layout.css?v=1777587686210 was preloaded using link preload but not used within a few seconds from the window's load event. Please make sure it has an appropriate `as` value and it is preloaded intentionally. @ http://localhost:3000/master:0
[  266679ms] [WARNING] The resource http://localhost:3000/_next/static/css/app/layout.css?v=1777587540112 was preloaded using link preload but not used within a few seconds from the window's load event. Please make sure it has an appropriate `as` value and it is preloaded intentionally. @ http://localhost:3000/master:0
[  266679ms] [WARNING] The resource http://localhost:3000/_next/static/css/app/layout.css?v=1777587670417 was preloaded using link preload but not used within a few seconds from the window's load event. Please make sure it has an appropriate `as` value and it is preloaded intentionally. @ http://localhost:3000/master:0
[  266679ms] [WARNING] The resource http://localhost:3000/_next/static/css/app/layout.css?v=1777587540386 was preloaded using link preload but not used within a few seconds from the window's load event. Please make sure it has an appropriate `as` value and it is preloaded intentionally. @ http://localhost:3000/master:0
[  266679ms] [WARNING] The resource http://localhost:3000/_next/static/css/app/layout.css?v=1777587546459 was preloaded using link preload but not used within a few seconds from the window's load event. Please make sure it has an appropriate `as` value and it is preloaded intentionally. @ http://localhost:3000/master:0
[  266679ms] [WARNING] The resource http://localhost:3000/_next/static/css/app/layout.css?v=1777587541946 was preloaded using link preload but not used within a few seconds from the window's load event. Please make sure it has an appropriate `as` value and it is preloaded intentionally. @ http://localhost:3000/master:0
[  266679ms] [WARNING] The resource http://localhost:3000/_next/static/css/app/layout.css?v=1777587555667 was preloaded using link preload but not used within a few seconds from the window's load event. Please make sure it has an appropriate `as` value and it is preloaded intentionally. @ http://localhost:3000/master:0
[  266679ms] [WARNING] The resource http://localhost:3000/_next/static/css/app/layout.css?v=1777587659696 was preloaded using link preload but not used within a few seconds from the window's load event. Please make sure it has an appropriate `as` value and it is preloaded intentionally. @ http://localhost:3000/master:0
[  266679ms] [WARNING] The resource http://localhost:3000/_next/static/css/app/layout.css?v=1777587679959 was preloaded using link preload but not used within a few seconds from the window's load event. Please make sure it has an appropriate `as` value and it is preloaded intentionally. @ http://localhost:3000/master:0
[  266679ms] [WARNING] The resource http://localhost:3000/_next/static/css/app/layout.css?v=1777587753184 was preloaded using link preload but not used within a few seconds from the window's load event. Please make sure it has an appropriate `as` value and it is preloaded intentionally. @ http://localhost:3000/master:0
[  266679ms] [WARNING] The resource http://localhost:3000/_next/static/css/app/layout.css?v=1777587553871 was preloaded using link preload but not used within a few seconds from the window's load event. Please make sure it has an appropriate `as` value and it is preloaded intentionally. @ http://localhost:3000/master:0
[  266679ms] [WARNING] The resource http://localhost:3000/_next/static/css/app/layout.css?v=1777587667553 was preloaded using link preload but not used within a few seconds from the window's load event. Please make sure it has an appropriate `as` value and it is preloaded intentionally. @ http://localhost:3000/master:0
[  266679ms] [WARNING] The resource http://localhost:3000/_next/static/css/app/layout.css?v=1777587543979 was preloaded using link preload but not used within a few seconds from the window's load event. Please make sure it has an appropriate `as` value and it is preloaded intentionally. @ http://localhost:3000/master:0
[  266679ms] [WARNING] The resource http://localhost:3000/_next/static/css/app/layout.css?v=1777587732848 was preloaded using link preload but not used within a few seconds from the window's load event. Please make sure it has an appropriate `as` value and it is preloaded intentionally. @ http://localhost:3000/master:0
[  266679ms] [WARNING] The resource http://localhost:3000/_next/static/css/app/layout.css?v=1777587666451 was preloaded using link preload but not used within a few seconds from the window's load event. Please make sure it has an appropriate `as` value and it is preloaded intentionally. @ http://localhost:3000/master:0
[  266679ms] [WARNING] The resource http://localhost:3000/_next/static/css/app/layout.css?v=1777587543545 was preloaded using link preload but not used within a few seconds from the window's load event. Please make sure it has an appropriate `as` value and it is preloaded intentionally. @ http://localhost:3000/master:0
[  266679ms] [WARNING] The resource http://localhost:3000/_next/static/css/app/layout.css?v=1777587766918 was preloaded using link preload but not used within a few seconds from the window's load event. Please make sure it has an appropriate `as` value and it is preloaded intentionally. @ http://localhost:3000/master:0
[  266679ms] [WARNING] The resource http://localhost:3000/_next/static/css/app/layout.css?v=1777587683207 was preloaded using link preload but not used within a few seconds from the window's load event. Please make sure it has an appropriate `as` value and it is preloaded intentionally. @ http://localhost:3000/master:0
[  266680ms] [WARNING] The resource http://localhost:3000/_next/static/css/app/layout.css?v=1777587764557 was preloaded using link preload but not used within a few seconds from the window's load event. Please make sure it has an appropriate `as` value and it is preloaded intentionally. @ http://localhost:3000/master:0
[  266680ms] [WARNING] The resource http://localhost:3000/_next/static/css/app/layout.css?v=1777587541315 was preloaded using link preload but not used within a few seconds from the window's load event. Please make sure it has an appropriate `as` value and it is preloaded intentionally. @ http://localhost:3000/master:0
[  266680ms] [WARNING] The resource http://localhost:3000/_next/static/css/app/layout.css?v=1777587544468 was preloaded using link preload but not used within a few seconds from the window's load event. Please make sure it has an appropriate `as` value and it is preloaded intentionally. @ http://localhost:3000/master:0
[  266680ms] [WARNING] The resource http://localhost:3000/_next/static/css/app/layout.css?v=1777587684267 was preloaded using link preload but not used within a few seconds from the window's load event. Please make sure it has an appropriate `as` value and it is preloaded intentionally. @ http://localhost:3000/master:0
[  266680ms] [WARNING] The resource http://localhost:3000/_next/static/css/app/layout.css?v=1777587659017 was preloaded using link preload but not used within a few seconds from the window's load event. Please make sure it has an appropriate `as` value and it is preloaded intentionally. @ http://localhost:3000/master:0
[  266680ms] [WARNING] The resource http://localhost:3000/_next/static/css/app/layout.css?v=1777587670005 was preloaded using link preload but not used within a few seconds from the window's load event. Please make sure it has an appropriate `as` value and it is preloaded intentionally. @ http://localhost:3000/master:0
[  266680ms] [WARNING] The resource http://localhost:3000/_next/static/css/app/layout.css?v=1777587771797 was preloaded using link preload but not used within a few seconds from the window's load event. Please make sure it has an appropriate `as` value and it is preloaded intentionally. @ http://localhost:3000/master:0
[  266680ms] [WARNING] The resource http://localhost:3000/_next/static/css/app/layout.css?v=1777587665423 was preloaded using link preload but not used within a few seconds from the window's load event. Please make sure it has an appropriate `as` value and it is preloaded intentionally. @ http://localhost:3000/master:0
[  266680ms] [WARNING] The resource http://localhost:3000/_next/static/css/app/layout.css?v=1777587553506 was preloaded using link preload but not used within a few seconds from the window's load event. Please make sure it has an appropriate `as` value and it is preloaded intentionally. @ http://localhost:3000/master:0
[  266680ms] [WARNING] The resource http://localhost:3000/_next/static/css/app/layout.css?v=1777587552088 was preloaded using link preload but not used within a few seconds from the window's load event. Please make sure it has an appropriate `as` value and it is preloaded intentionally. @ http://localhost:3000/master:0
[  266680ms] [WARNING] The resource http://localhost:3000/_next/static/css/app/layout.css?v=1777587666810 was preloaded using link preload but not used within a few seconds from the window's load event. Please make sure it has an appropriate `as` value and it is preloaded intentionally. @ http://localhost:3000/master:0
[  266680ms] [WARNING] The resource http://localhost:3000/_next/static/css/app/layout.css?v=1777587551202 was preloaded using link preload but not used within a few seconds from the window's load event. Please make sure it has an appropriate `as` value and it is preloaded intentionally. @ http://localhost:3000/master:0
[  266680ms] [WARNING] The resource http://localhost:3000/_next/static/css/app/layout.css?v=1777587564918 was preloaded using link preload but not used within a few seconds from the window's load event. Please make sure it has an appropriate `as` value and it is preloaded intentionally. @ http://localhost:3000/master:0
[  266680ms] [WARNING] The resource http://localhost:3000/_next/static/css/app/layout.css?v=1777587654852 was preloaded using link preload but not used within a few seconds from the window's load event. Please make sure it has an appropriate `as` value and it is preloaded intentionally. @ http://localhost:3000/master:0
[  270555ms] [LOG] [Fast Refresh] rebuilding @ webpack-internal:///(app-pages-browser)/./node_modules/.pnpm/next@15.5.14_@babel+core@7.29.0_@playwright+test@1.52.0_react-dom@19.1.0_react@19.1.0__react@19.1.0/node_modules/next/dist/client/dev/hot-reloader/app/hot-reloader-app.js:196
[  272545ms] [LOG] [Fast Refresh] done in 1990ms @ webpack-internal:///(app-pages-browser)/./node_modules/.pnpm/next@15.5.14_@babel+core@7.29.0_@playwright+test@1.52.0_react-dom@19.1.0_react@19.1.0__react@19.1.0/node_modules/next/dist/client/dev/report-hmr-latency.js:13
[  275926ms] [LOG] [Fast Refresh] rebuilding @ webpack-internal:///(app-pages-browser)/./node_modules/.pnpm/next@15.5.14_@babel+core@7.29.0_@playwright+test@1.52.0_react-dom@19.1.0_react@19.1.0__react@19.1.0/node_modules/next/dist/client/dev/hot-reloader/app/hot-reloader-app.js:196
[  277339ms] [LOG] [Fast Refresh] done in 1413ms @ webpack-internal:///(app-pages-browser)/./node_modules/.pnpm/next@15.5.14_@babel+core@7.29.0_@playwright+test@1.52.0_react-dom@19.1.0_react@19.1.0__react@19.1.0/node_modules/next/dist/client/dev/report-hmr-latency.js:13
[  280511ms] [WARNING] The resource http://localhost:3000/_next/static/css/app/layout.css?v=1777587769032 was preloaded using link preload but not used within a few seconds from the window's load event. Please make sure it has an appropriate `as` value and it is preloaded intentionally. @ http://localhost:3000/master:0
[  280511ms] [WARNING] The resource http://localhost:3000/_next/static/css/app/layout.css?v=1777587563975 was preloaded using link preload but not used within a few seconds from the window's load event. Please make sure it has an appropriate `as` value and it is preloaded intentionally. @ http://localhost:3000/master:0
[  280512ms] [WARNING] The resource http://localhost:3000/_next/static/css/app/layout.css?v=1777587681241 was preloaded using link preload but not used within a few seconds from the window's load event. Please make sure it has an appropriate `as` value and it is preloaded intentionally. @ http://localhost:3000/master:0
[  280512ms] [WARNING] The resource http://localhost:3000/_next/static/css/app/layout.css?v=1777587800927 was preloaded using link preload but not used within a few seconds from the window's load event. Please make sure it has an appropriate `as` value and it is preloaded intentionally. @ http://localhost:3000/master:0
[  280512ms] [WARNING] The resource http://localhost:3000/_next/static/css/app/layout.css?v=1777587660361 was preloaded using link preload but not used within a few seconds from the window's load event. Please make sure it has an appropriate `as` value and it is preloaded intentionally. @ http://localhost:3000/master:0
[  280512ms] [WARNING] The resource http://localhost:3000/_next/static/css/app/layout.css?v=1777587789449 was preloaded using link preload but not used within a few seconds from the window's load event. Please make sure it has an appropriate `as` value and it is preloaded intentionally. @ http://localhost:3000/master:0
[  280512ms] [WARNING] The resource http://localhost:3000/_next/static/css/app/layout.css?v=1777587574582 was preloaded using link preload but not used within a few seconds from the window's load event. Please make sure it has an appropriate `as` value and it is preloaded intentionally. @ http://localhost:3000/master:0
[  280512ms] [WARNING] The resource http://localhost:3000/_next/static/css/app/layout.css?v=1777587656291 was preloaded using link preload but not used within a few seconds from the window's load event. Please make sure it has an appropriate `as` value and it is preloaded intentionally. @ http://localhost:3000/master:0
[  280512ms] [WARNING] The resource http://localhost:3000/_next/static/css/app/layout.css?v=1777587668602 was preloaded using link preload but not used within a few seconds from the window's load event. Please make sure it has an appropriate `as` value and it is preloaded intentionally. @ http://localhost:3000/master:0
[  280512ms] [WARNING] The resource http://localhost:3000/_next/static/css/app/layout.css?v=1777587673183 was preloaded using link preload but not used within a few seconds from the window's load event. Please make sure it has an appropriate `as` value and it is preloaded intentionally. @ http://localhost:3000/master:0
[  280512ms] [WARNING] The resource http://localhost:3000/_next/static/css/app/layout.css?v=1777587667295 was preloaded using link preload but not used within a few seconds from the window's load event. Please make sure it has an appropriate `as` value and it is preloaded intentionally. @ http://localhost:3000/master:0
[  280512ms] [WARNING] The resource http://localhost:3000/_next/static/css/app/layout.css?v=1777587550906 was preloaded using link preload but not used within a few seconds from the window's load event. Please make sure it has an appropriate `as` value and it is preloaded intentionally. @ http://localhost:3000/master:0
[  280512ms] [WARNING] The resource http://localhost:3000/_next/static/css/app/layout.css?v=1777587564426 was preloaded using link preload but not used within a few seconds from the window's load event. Please make sure it has an appropriate `as` value and it is preloaded intentionally. @ http://localhost:3000/master:0
[  280512ms] [WARNING] The resource http://localhost:3000/_next/static/css/app/layout.css?v=1777587715289 was preloaded using link preload but not used within a few seconds from the window's load event. Please make sure it has an appropriate `as` value and it is preloaded intentionally. @ http://localhost:3000/master:0
[  280512ms] [WARNING] The resource http://localhost:3000/_next/static/css/app/layout.css?v=1777587668838 was preloaded using link preload but not used within a few seconds from the window's load event. Please make sure it has an appropriate `as` value and it is preloaded intentionally. @ http://localhost:3000/master:0
[  280512ms] [WARNING] The resource http://localhost:3000/_next/static/css/app/layout.css?v=1777587685430 was preloaded using link preload but not used within a few seconds from the window's load event. Please make sure it has an appropriate `as` value and it is preloaded intentionally. @ http://localhost:3000/master:0
[  280512ms] [WARNING] The resource http://localhost:3000/_next/static/css/app/layout.css?v=1777587683950 was preloaded using link preload but not used within a few seconds from the window's load event. Please make sure it has an appropriate `as` value and it is preloaded intentionally. @ http://localhost:3000/master:0
[  280512ms] [WARNING] The resource http://localhost:3000/_next/static/css/app/layout.css?v=1777587569598 was preloaded using link preload but not used within a few seconds from the window's load event. Please make sure it has an appropriate `as` value and it is preloaded intentionally. @ http://localhost:3000/master:0
[  280512ms] [WARNING] The resource http://localhost:3000/_next/static/css/app/layout.css?v=1777587538629 was preloaded using link preload but not used within a few seconds from the window's load event. Please make sure it has an appropriate `as` value and it is preloaded intentionally. @ http://localhost:3000/master:0
[  280512ms] [WARNING] The resource http://localhost:3000/_next/static/css/app/layout.css?v=1777587685125 was preloaded using link preload but not used within a few seconds from the window's load event. Please make sure it has an appropriate `as` value and it is preloaded intentionally. @ http://localhost:3000/master:0
[  280512ms] [WARNING] The resource http://localhost:3000/_next/static/css/app/layout.css?v=1777587593975 was preloaded using link preload but not used within a few seconds from the window's load event. Please make sure it has an appropriate `as` value and it is preloaded intentionally. @ http://localhost:3000/master:0
[  280512ms] [WARNING] The resource http://localhost:3000/_next/static/css/app/layout.css?v=1777587568600 was preloaded using link preload but not used within a few seconds from the window's load event. Please make sure it has an appropriate `as` value and it is preloaded intentionally. @ http://localhost:3000/master:0
[  280512ms] [WARNING] The resource http://localhost:3000/_next/static/css/app/layout.css?v=1777587772905 was preloaded using link preload but not used within a few seconds from the window's load event. Please make sure it has an appropriate `as` value and it is preloaded intentionally. @ http://localhost:3000/master:0
[  280512ms] [WARNING] The resource http://localhost:3000/_next/static/css/app/layout.css?v=1777587589318 was preloaded using link preload but not used within a few seconds from the window's load event. Please make sure it has an appropriate `as` value and it is preloaded intentionally. @ http://localhost:3000/master:0
[  280512ms] [WARNING] The resource http://localhost:3000/_next/static/css/app/layout.css?v=1777587664206 was preloaded using link preload but not used within a few seconds from the window's load event. Please make sure it has an appropriate `as` value and it is preloaded intentionally. @ http://localhost:3000/master:0
[  280512ms] [WARNING] The resource http://localhost:3000/_next/static/css/app/layout.css?v=1777587744395 was preloaded using link preload but not used within a few seconds from the window's load event. Please make sure it has an appropriate `as` value and it is preloaded intentionally. @ http://localhost:3000/master:0
[  280512ms] [WARNING] The resource http://localhost:3000/_next/static/css/app/layout.css?v=1777587539626 was preloaded using link preload but not used within a few seconds from the window's load event. Please make sure it has an appropriate `as` value and it is preloaded intentionally. @ http://localhost:3000/master:0
[  280512ms] [WARNING] The resource http://localhost:3000/_next/static/css/app/layout.css?v=1777587657807 was preloaded using link preload but not used within a few seconds from the window's load event. Please make sure it has an appropriate `as` value and it is preloaded intentionally. @ http://localhost:3000/master:0
[  280512ms] [WARNING] The resource http://localhost:3000/_next/static/css/app/layout.css?v=1777587547068 was preloaded using link preload but not used within a few seconds from the window's load event. Please make sure it has an appropriate `as` value and it is preloaded intentionally. @ http://localhost:3000/master:0
[  280513ms] [WARNING] The resource http://localhost:3000/_next/static/css/app/layout.css?v=1777587548248 was preloaded using link preload but not used within a few seconds from the window's load event. Please make sure it has an appropriate `as` value and it is preloaded intentionally. @ http://localhost:3000/master:0
[  280513ms] [WARNING] The resource http://localhost:3000/_next/static/css/app/layout.css?v=1777587724027 was preloaded using link preload but not used within a few seconds from the window's load event. Please make sure it has an appropriate `as` value and it is preloaded intentionally. @ http://localhost:3000/master:0
[  280513ms] [WARNING] The resource http://localhost:3000/_next/static/css/app/layout.css?v=1777587552495 was preloaded using link preload but not used within a few seconds from the window's load event. Please make sure it has an appropriate `as` value and it is preloaded intentionally. @ http://localhost:3000/master:0
[  280513ms] [WARNING] The resource http://localhost:3000/_next/static/css/app/layout.css?v=1777587665867 was preloaded using link preload but not used within a few seconds from the window's load event. Please make sure it has an appropriate `as` value and it is preloaded intentionally. @ http://localhost:3000/master:0
[  280513ms] [WARNING] The resource http://localhost:3000/_next/static/css/app/layout.css?v=1777587667061 was preloaded using link preload but not used within a few seconds from the window's load event. Please make sure it has an appropriate `as` value and it is preloaded intentionally. @ http://localhost:3000/master:0
[  280513ms] [WARNING] The resource http://localhost:3000/_next/static/css/app/layout.css?v=1777587670729 was preloaded using link preload but not used within a few seconds from the window's load event. Please make sure it has an appropriate `as` value and it is preloaded intentionally. @ http://localhost:3000/master:0
[  280513ms] [WARNING] The resource http://localhost:3000/_next/static/css/app/layout.css?v=1777587549727 was preloaded using link preload but not used within a few seconds from the window's load event. Please make sure it has an appropriate `as` value and it is preloaded intentionally. @ http://localhost:3000/master:0
[  280513ms] [WARNING] The resource http://localhost:3000/_next/static/css/app/layout.css?v=1777587544234 was preloaded using link preload but not used within a few seconds from the window's load event. Please make sure it has an appropriate `as` value and it is preloaded intentionally. @ http://localhost:3000/master:0
[  280513ms] [WARNING] The resource http://localhost:3000/_next/static/css/app/layout.css?v=1777587553010 was preloaded using link preload but not used within a few seconds from the window's load event. Please make sure it has an appropriate `as` value and it is preloaded intentionally. @ http://localhost:3000/master:0
[  280513ms] [WARNING] The resource http://localhost:3000/_next/static/css/app/layout.css?v=1777587550607 was preloaded using link preload but not used within a few seconds from the window's load event. Please make sure it has an appropriate `as` value and it is preloaded intentionally. @ http://localhost:3000/master:0
[  280513ms] [WARNING] The resource http://localhost:3000/_next/static/css/app/layout.css?v=1777587652693 was preloaded using link preload but not used within a few seconds from the window's load event. Please make sure it has an appropriate `as` value and it is preloaded intentionally. @ http://localhost:3000/master:0
[  280513ms] [WARNING] The resource http://localhost:3000/_next/static/css/app/layout.css?v=1777587554295 was preloaded using link preload but not used within a few seconds from the window's load event. Please make sure it has an appropriate `as` value and it is preloaded intentionally. @ http://localhost:3000/master:0
[  280513ms] [WARNING] The resource http://localhost:3000/_next/static/css/app/layout.css?v=1777587567351 was preloaded using link preload but not used within a few seconds from the window's load event. Please make sure it has an appropriate `as` value and it is preloaded intentionally. @ http://localhost:3000/master:0
[  280513ms] [WARNING] The resource http://localhost:3000/_next/static/css/app/layout.css?v=1777587684852 was preloaded using link preload but not used within a few seconds from the window's load event. Please make sure it has an appropriate `as` value and it is preloaded intentionally. @ http://localhost:3000/master:0
[  280513ms] [WARNING] The resource http://localhost:3000/_next/static/css/app/layout.css?v=1777587792696 was preloaded using link preload but not used within a few seconds from the window's load event. Please make sure it has an appropriate `as` value and it is preloaded intentionally. @ http://localhost:3000/master:0
[  280513ms] [WARNING] The resource http://localhost:3000/_next/static/css/app/layout.css?v=1777587562251 was preloaded using link preload but not used within a few seconds from the window's load event. Please make sure it has an appropriate `as` value and it is preloaded intentionally. @ http://localhost:3000/master:0
[  280513ms] [WARNING] The resource http://localhost:3000/_next/static/css/app/layout.css?v=1777587663717 was preloaded using link preload but not used within a few seconds from the window's load event. Please make sure it has an appropriate `as` value and it is preloaded intentionally. @ http://localhost:3000/master:0
[  280513ms] [WARNING] The resource http://localhost:3000/_next/static/css/app/layout.css?v=1777587677347 was preloaded using link preload but not used within a few seconds from the window's load event. Please make sure it has an appropriate `as` value and it is preloaded intentionally. @ http://localhost:3000/master:0
[  280513ms] [WARNING] The resource http://localhost:3000/_next/static/css/app/layout.css?v=1777587545666 was preloaded using link preload but not used within a few seconds from the window's load event. Please make sure it has an appropriate `as` value and it is preloaded intentionally. @ http://localhost:3000/master:0
[  280513ms] [WARNING] The resource http://localhost:3000/_next/static/css/app/layout.css?v=1777587538266 was preloaded using link preload but not used within a few seconds from the window's load event. Please make sure it has an appropriate `as` value and it is preloaded intentionally. @ http://localhost:3000/master:0
[  280513ms] [WARNING] The resource http://localhost:3000/_next/static/css/app/layout.css?v=1777587669601 was preloaded using link preload but not used within a few seconds from the window's load event. Please make sure it has an appropriate `as` value and it is preloaded intentionally. @ http://localhost:3000/master:0
[  280513ms] [WARNING] The resource http://localhost:3000/_next/static/css/app/layout.css?v=1777587556356 was preloaded using link preload but not used within a few seconds from the window's load event. Please make sure it has an appropriate `as` value and it is preloaded intentionally. @ http://localhost:3000/master:0
[  280513ms] [WARNING] The resource http://localhost:3000/_next/static/css/app/layout.css?v=1777587537585 was preloaded using link preload but not used within a few seconds from the window's load event. Please make sure it has an appropriate `as` value and it is preloaded intentionally. @ http://localhost:3000/master:0
[  280513ms] [WARNING] The resource http://localhost:3000/_next/static/css/app/layout.css?v=1777587540543 was preloaded using link preload but not used within a few seconds from the window's load event. Please make sure it has an appropriate `as` value and it is preloaded intentionally. @ http://localhost:3000/master:0
[  280513ms] [WARNING] The resource http://localhost:3000/_next/static/css/app/layout.css?v=1777587543347 was preloaded using link preload but not used within a few seconds from the window's load event. Please make sure it has an appropriate `as` value and it is preloaded intentionally. @ http://localhost:3000/master:0
[  280513ms] [WARNING] The resource http://localhost:3000/_next/static/css/app/layout.css?v=1777587730363 was preloaded using link preload but not used within a few seconds from the window's load event. Please make sure it has an appropriate `as` value and it is preloaded intentionally. @ http://localhost:3000/master:0
[  280513ms] [WARNING] The resource http://localhost:3000/_next/static/css/app/layout.css?v=1777587552755 was preloaded using link preload but not used within a few seconds from the window's load event. Please make sure it has an appropriate `as` value and it is preloaded intentionally. @ http://localhost:3000/master:0
[  280513ms] [WARNING] The resource http://localhost:3000/_next/static/css/app/layout.css?v=1777587543147 was preloaded using link preload but not used within a few seconds from the window's load event. Please make sure it has an appropriate `as` value and it is preloaded intentionally. @ http://localhost:3000/master:0
[  280513ms] [WARNING] The resource http://localhost:3000/_next/static/css/app/layout.css?v=1777587546843 was preloaded using link preload but not used within a few seconds from the window's load event. Please make sure it has an appropriate `as` value and it is preloaded intentionally. @ http://localhost:3000/master:0
[  280513ms] [WARNING] The resource http://localhost:3000/_next/static/css/app/layout.css?v=1777587543773 was preloaded using link preload but not used within a few seconds from the window's load event. Please make sure it has an appropriate `as` value and it is preloaded intentionally. @ http://localhost:3000/master:0
[  280513ms] [WARNING] The resource http://localhost:3000/_next/static/css/app/layout.css?v=1777587669361 was preloaded using link preload but not used within a few seconds from the window's load event. Please make sure it has an appropriate `as` value and it is preloaded intentionally. @ http://localhost:3000/master:0
[  280513ms] [WARNING] The resource http://localhost:3000/_next/static/css/app/layout.css?v=1777587550250 was preloaded using link preload but not used within a few seconds from the window's load event. Please make sure it has an appropriate `as` value and it is preloaded intentionally. @ http://localhost:3000/master:0
[  280513ms] [WARNING] The resource http://localhost:3000/_next/static/css/app/layout.css?v=1777587565861 was preloaded using link preload but not used within a few seconds from the window's load event. Please make sure it has an appropriate `as` value and it is preloaded intentionally. @ http://localhost:3000/master:0
[  280513ms] [WARNING] The resource http://localhost:3000/_next/static/css/app/layout.css?v=1777587668962 was preloaded using link preload but not used within a few seconds from the window's load event. Please make sure it has an appropriate `as` value and it is preloaded intentionally. @ http://localhost:3000/master:0
[  280513ms] [WARNING] The resource http://localhost:3000/_next/static/css/app/layout.css?v=1777587563274 was preloaded using link preload but not used within a few seconds from the window's load event. Please make sure it has an appropriate `as` value and it is preloaded intentionally. @ http://localhost:3000/master:0
[  280513ms] [WARNING] The resource http://localhost:3000/_next/static/css/app/layout.css?v=1777587553242 was preloaded using link preload but not used within a few seconds from the window's load event. Please make sure it has an appropriate `as` value and it is preloaded intentionally. @ http://localhost:3000/master:0
[  280513ms] [WARNING] The resource http://localhost:3000/_next/static/css/app/layout.css?v=1777587682756 was preloaded using link preload but not used within a few seconds from the window's load event. Please make sure it has an appropriate `as` value and it is preloaded intentionally. @ http://localhost:3000/master:0
[  280513ms] [WARNING] The resource http://localhost:3000/_next/static/css/app/layout.css?v=1777587671226 was preloaded using link preload but not used within a few seconds from the window's load event. Please make sure it has an appropriate `as` value and it is preloaded intentionally. @ http://localhost:3000/master:0
[  280513ms] [WARNING] The resource http://localhost:3000/_next/static/css/app/layout.css?v=1777587662695 was preloaded using link preload but not used within a few seconds from the window's load event. Please make sure it has an appropriate `as` value and it is preloaded intentionally. @ http://localhost:3000/master:0
[  280513ms] [WARNING] The resource http://localhost:3000/_next/static/css/app/layout.css?v=1777587664859 was preloaded using link preload but not used within a few seconds from the window's load event. Please make sure it has an appropriate `as` value and it is preloaded intentionally. @ http://localhost:3000/master:0
[  280513ms] [WARNING] The resource http://localhost:3000/_next/static/css/app/layout.css?v=1777587540732 was preloaded using link preload but not used within a few seconds from the window's load event. Please make sure it has an appropriate `as` value and it is preloaded intentionally. @ http://localhost:3000/master:0
[  280514ms] [WARNING] The resource http://localhost:3000/_next/static/css/app/layout.css?v=1777587544632 was preloaded using link preload but not used within a few seconds from the window's load event. Please make sure it has an appropriate `as` value and it is preloaded intentionally. @ http://localhost:3000/master:0
[  280514ms] [WARNING] The resource http://localhost:3000/_next/static/css/app/layout.css?v=1777587667893 was preloaded using link preload but not used within a few seconds from the window's load event. Please make sure it has an appropriate `as` value and it is preloaded intentionally. @ http://localhost:3000/master:0
[  280514ms] [WARNING] The resource http://localhost:3000/_next/static/css/app/layout.css?v=1777587686210 was preloaded using link preload but not used within a few seconds from the window's load event. Please make sure it has an appropriate `as` value and it is preloaded intentionally. @ http://localhost:3000/master:0
[  280514ms] [WARNING] The resource http://localhost:3000/_next/static/css/app/layout.css?v=1777587540112 was preloaded using link preload but not used within a few seconds from the window's load event. Please make sure it has an appropriate `as` value and it is preloaded intentionally. @ http://localhost:3000/master:0
[  280514ms] [WARNING] The resource http://localhost:3000/_next/static/css/app/layout.css?v=1777587670417 was preloaded using link preload but not used within a few seconds from the window's load event. Please make sure it has an appropriate `as` value and it is preloaded intentionally. @ http://localhost:3000/master:0
[  280514ms] [WARNING] The resource http://localhost:3000/_next/static/css/app/layout.css?v=1777587540386 was preloaded using link preload but not used within a few seconds from the window's load event. Please make sure it has an appropriate `as` value and it is preloaded intentionally. @ http://localhost:3000/master:0
[  280514ms] [WARNING] The resource http://localhost:3000/_next/static/css/app/layout.css?v=1777587546459 was preloaded using link preload but not used within a few seconds from the window's load event. Please make sure it has an appropriate `as` value and it is preloaded intentionally. @ http://localhost:3000/master:0
[  280514ms] [WARNING] The resource http://localhost:3000/_next/static/css/app/layout.css?v=1777587541946 was preloaded using link preload but not used within a few seconds from the window's load event. Please make sure it has an appropriate `as` value and it is preloaded intentionally. @ http://localhost:3000/master:0
[  280514ms] [WARNING] The resource http://localhost:3000/_next/static/css/app/layout.css?v=1777587555667 was preloaded using link preload but not used within a few seconds from the window's load event. Please make sure it has an appropriate `as` value and it is preloaded intentionally. @ http://localhost:3000/master:0
[  280514ms] [WARNING] The resource http://localhost:3000/_next/static/css/app/layout.css?v=1777587659696 was preloaded using link preload but not used within a few seconds from the window's load event. Please make sure it has an appropriate `as` value and it is preloaded intentionally. @ http://localhost:3000/master:0
[  280514ms] [WARNING] The resource http://localhost:3000/_next/static/css/app/layout.css?v=1777587679959 was preloaded using link preload but not used within a few seconds from the window's load event. Please make sure it has an appropriate `as` value and it is preloaded intentionally. @ http://localhost:3000/master:0
[  280514ms] [WARNING] The resource http://localhost:3000/_next/static/css/app/layout.css?v=1777587753184 was preloaded using link preload but not used within a few seconds from the window's load event. Please make sure it has an appropriate `as` value and it is preloaded intentionally. @ http://localhost:3000/master:0
[  280514ms] [WARNING] The resource http://localhost:3000/_next/static/css/app/layout.css?v=1777587553871 was preloaded using link preload but not used within a few seconds from the window's load event. Please make sure it has an appropriate `as` value and it is preloaded intentionally. @ http://localhost:3000/master:0
[  280514ms] [WARNING] The resource http://localhost:3000/_next/static/css/app/layout.css?v=1777587667553 was preloaded using link preload but not used within a few seconds from the window's load event. Please make sure it has an appropriate `as` value and it is preloaded intentionally. @ http://localhost:3000/master:0
[  280514ms] [WARNING] The resource http://localhost:3000/_next/static/css/app/layout.css?v=1777587543979 was preloaded using link preload but not used within a few seconds from the window's load event. Please make sure it has an appropriate `as` value and it is preloaded intentionally. @ http://localhost:3000/master:0
[  280514ms] [WARNING] The resource http://localhost:3000/_next/static/css/app/layout.css?v=1777587732848 was preloaded using link preload but not used within a few seconds from the window's load event. Please make sure it has an appropriate `as` value and it is preloaded intentionally. @ http://localhost:3000/master:0
[  280514ms] [WARNING] The resource http://localhost:3000/_next/static/css/app/layout.css?v=1777587666451 was preloaded using link preload but not used within a few seconds from the window's load event. Please make sure it has an appropriate `as` value and it is preloaded intentionally. @ http://localhost:3000/master:0
[  280514ms] [WARNING] The resource http://localhost:3000/_next/static/css/app/layout.css?v=1777587543545 was preloaded using link preload but not used within a few seconds from the window's load event. Please make sure it has an appropriate `as` value and it is preloaded intentionally. @ http://localhost:3000/master:0
[  280514ms] [WARNING] The resource http://localhost:3000/_next/static/css/app/layout.css?v=1777587766918 was preloaded using link preload but not used within a few seconds from the window's load event. Please make sure it has an appropriate `as` value and it is preloaded intentionally. @ http://localhost:3000/master:0
[  280514ms] [WARNING] The resource http://localhost:3000/_next/static/css/app/layout.css?v=1777587683207 was preloaded using link preload but not used within a few seconds from the window's load event. Please make sure it has an appropriate `as` value and it is preloaded intentionally. @ http://localhost:3000/master:0
[  280514ms] [WARNING] The resource http://localhost:3000/_next/static/css/app/layout.css?v=1777587764557 was preloaded using link preload but not used within a few seconds from the window's load event. Please make sure it has an appropriate `as` value and it is preloaded intentionally. @ http://localhost:3000/master:0
[  280514ms] [WARNING] The resource http://localhost:3000/_next/static/css/app/layout.css?v=1777587541315 was preloaded using link preload but not used within a few seconds from the window's load event. Please make sure it has an appropriate `as` value and it is preloaded intentionally. @ http://localhost:3000/master:0
[  280514ms] [WARNING] The resource http://localhost:3000/_next/static/css/app/layout.css?v=1777587544468 was preloaded using link preload but not used within a few seconds from the window's load event. Please make sure it has an appropriate `as` value and it is preloaded intentionally. @ http://localhost:3000/master:0
[  280514ms] [WARNING] The resource http://localhost:3000/_next/static/css/app/layout.css?v=1777587684267 was preloaded using link preload but not used within a few seconds from the window's load event. Please make sure it has an appropriate `as` value and it is preloaded intentionally. @ http://localhost:3000/master:0
[  280514ms] [WARNING] The resource http://localhost:3000/_next/static/css/app/layout.css?v=1777587659017 was preloaded using link preload but not used within a few seconds from the window's load event. Please make sure it has an appropriate `as` value and it is preloaded intentionally. @ http://localhost:3000/master:0
[  280514ms] [WARNING] The resource http://localhost:3000/_next/static/css/app/layout.css?v=1777587670005 was preloaded using link preload but not used within a few seconds from the window's load event. Please make sure it has an appropriate `as` value and it is preloaded intentionally. @ http://localhost:3000/master:0
[  280514ms] [WARNING] The resource http://localhost:3000/_next/static/css/app/layout.css?v=1777587771797 was preloaded using link preload but not used within a few seconds from the window's load event. Please make sure it has an appropriate `as` value and it is preloaded intentionally. @ http://localhost:3000/master:0
[  280514ms] [WARNING] The resource http://localhost:3000/_next/static/css/app/layout.css?v=1777587665423 was preloaded using link preload but not used within a few seconds from the window's load event. Please make sure it has an appropriate `as` value and it is preloaded intentionally. @ http://localhost:3000/master:0
[  280514ms] [WARNING] The resource http://localhost:3000/_next/static/css/app/layout.css?v=1777587553506 was preloaded using link preload but not used within a few seconds from the window's load event. Please make sure it has an appropriate `as` value and it is preloaded intentionally. @ http://localhost:3000/master:0
[  280514ms] [WARNING] The resource http://localhost:3000/_next/static/css/app/layout.css?v=1777587552088 was preloaded using link preload but not used within a few seconds from the window's load event. Please make sure it has an appropriate `as` value and it is preloaded intentionally. @ http://localhost:3000/master:0
[  280514ms] [WARNING] The resource http://localhost:3000/_next/static/css/app/layout.css?v=1777587666810 was preloaded using link preload but not used within a few seconds from the window's load event. Please make sure it has an appropriate `as` value and it is preloaded intentionally. @ http://localhost:3000/master:0
[  280514ms] [WARNING] The resource http://localhost:3000/_next/static/css/app/layout.css?v=1777587551202 was preloaded using link preload but not used within a few seconds from the window's load event. Please make sure it has an appropriate `as` value and it is preloaded intentionally. @ http://localhost:3000/master:0
[  280514ms] [WARNING] The resource http://localhost:3000/_next/static/css/app/layout.css?v=1777587564918 was preloaded using link preload but not used within a few seconds from the window's load event. Please make sure it has an appropriate `as` value and it is preloaded intentionally. @ http://localhost:3000/master:0
[  280514ms] [WARNING] The resource http://localhost:3000/_next/static/css/app/layout.css?v=1777587654852 was preloaded using link preload but not used within a few seconds from the window's load event. Please make sure it has an appropriate `as` value and it is preloaded intentionally. @ http://localhost:3000/master:0
